movie,chapter,character,dialog,part,dialog_len
Harry Potter and the Philosopher's Stone,Doorstep Delivery,Albus Dumbledore,I should have known that you would be here...Professor McGonagall.,1,10
Harry Potter and the Philosopher's Stone,Doorstep Delivery,Minerva McGonagall,"Good evening, Professor Dumbledore. Are the rumours true, Albus?",1,9
Harry Potter and the Philosopher's Stone,Doorstep Delivery,Albus Dumbledore,"I'm afraid so, Professor. The good, and the bad.",1,9
Harry Potter and the Philosopher's Stone,Doorstep Delivery,Minerva McGonagall,Do you think it wise to trust Hagrid with something as important as this?,1,14
Harry Potter and the Philosopher's Stone,Doorstep Delivery,Albus Dumbledore,"Ah, Professor, I would trust Hagrid with my life.",1,9
Harry Potter and the Philosopher's Stone,Doorstep Delivery,Rubeus Hagrid,"Professor Dumbledore, Sir. Professor McGonagall.",1,5
Harry Potter and the Philosopher's Stone,Doorstep Delivery,Albus Dumbledore,"No problems, I trust, Hagrid?",1,5
Harry Potter and the Philosopher's Stone,Doorstep Delivery,Rubeus Hagrid,"No, sir. Little tyke fell asleep just as we were flying over Bristol. Heh. Try not to wake him. There you go.",1,22
Harry Potter and the Philosopher's Stone,Doorstep Delivery,Minerva McGonagall,"Albus, do you really think it's safe, leaving him with these people? I've watched them all day. They're the worst sort of Muggles imaginable. They really are...",1,27
Harry Potter and the Philosopher's Stone,Doorstep Delivery,Albus Dumbledore,The only family he has.,1,5
Harry Potter and the Philosopher's Stone,Doorstep Delivery,Minerva McGonagall,This boy will be famous. There won't be a child in our world who doesn't know his name.,1,18
Harry Potter and the Philosopher's Stone,Doorstep Delivery,Albus Dumbledore,Exactly. He's better off growing up away from all that. Until he is ready.,1,14
Harry Potter and the Philosopher's Stone,Doorstep Delivery,Albus Dumbledore,"There, there, Hagrid. It's not really goodbye, after all.",1,9
Harry Potter and the Philosopher's Stone,The Vanishing Glass,Dudley Dursley,"Wake up, cousin! We're going to the zoo!",1,8
Harry Potter and the Philosopher's Stone,The Vanishing Glass,Petunia Dursley,"Oh, here he comes, the birthday boy!",1,7
Harry Potter and the Philosopher's Stone,The Vanishing Glass,Petunia Dursley,"Why don't you just cook the breakfast, and try not to burn anything.",1,13
Harry Potter and the Philosopher's Stone,The Vanishing Glass,Petunia Dursley,I want everything to be perfect for my Dudley's special day.,1,11
Harry Potter and the Philosopher's Stone,The Vanishing Glass,Vernon Dursley,"Hurry up! Bring my coffee, boy!",1,6
Harry Potter and the Philosopher's Stone,The Vanishing Glass,Dudley Dursley,Thirty-six?! But last year last year I had thirty-seven!!,1,9
Harry Potter and the Philosopher's Stone,The Vanishing Glass,Vernon Dursley,"Err yes, well, some of them are quite a bit bigger than last year.",1,14
Harry Potter and the Philosopher's Stone,The Vanishing Glass,Dudley Dursley,I don't care how big they are!,1,7
Harry Potter and the Philosopher's Stone,The Vanishing Glass,Petunia Dursley,"Oh, now, now, now. This is what we're going to do, is that when we go out, we're going to buy you two new presents! How's that, pumpkin?",1,28
Harry Potter and the Philosopher's Stone,The Vanishing Glass,Petunia Dursley,This will be a lovely day at the zoo. I'm really looking forward to it.,1,15
Harry Potter and the Philosopher's Stone,The Vanishing Glass,Vernon Dursley,"I'm warning you now, boy. Any funny business, any at all, and you won't have any meals for a week. Get in.",1,22
Harry Potter and the Philosopher's Stone,The Vanishing Glass,Harry Potter,"Sorry about him. He doesn't understand what it's like, lying there day after day, having people press their ugly faces in on you.  Can you...hear me?  It's just...I've never talked to a snake before. Do you...I mean...do you talk to people often?  You're from Burma, aren't you? Was it nice there, do you miss your family?  I see. That's me as well. I never knew my parents, either.",1,68
Harry Potter and the Philosopher's Stone,The Vanishing Glass,Dudley Dursley,"Mummy, dad, come here! You won't believe what this snake is doing!",1,12
Harry Potter and the Philosopher's Stone,The Vanishing Glass,Petunia Dursley,"My darling boy! How did you get in there?! How did you get in there? Dursley, oh, Dursley!",1,18
Harry Potter and the Philosopher's Stone,Letters from No One,Petunia Dursley,It's all right. It's all right.,1,6
Harry Potter and the Philosopher's Stone,Letters from No One,Harry Potter,"I swear I don't know!  One minute, the glass was there and then it was gone! It was like magic!",1,20
Harry Potter and the Philosopher's Stone,Letters from No One,Vernon Dursley,There's no such thing as magic!,1,6
Harry Potter and the Philosopher's Stone,Letters from No One,Petunia Dursley,"Awww, smile.  Vernon, just look at him. I can't believe it. In just a week you'll be off to Smeltings.",1,20
Harry Potter and the Philosopher's Stone,Letters from No One,Vernon Dursley,Caveat Smeltona. Proudest moment of my life.,1,7
Harry Potter and the Philosopher's Stone,Letters from No One,Harry Potter,"Will I have to wear that, too?",1,7
Harry Potter and the Philosopher's Stone,Letters from No One,Petunia Dursley,"What, you? Go to Smeltings?",1,5
Harry Potter and the Philosopher's Stone,Letters from No One,Petunia Dursley,"Oh, don't be so stupid, you're going to the state school where you belong.  And this is what you're gonna be wearing when I've finished dyeing it.",1,27
Harry Potter and the Philosopher's Stone,Letters from No One,Harry Potter,But that's Dudley's old uniform. It'll fit me like bits of old Elephant skin.,1,14
Harry Potter and the Philosopher's Stone,Letters from No One,Petunia Dursley,It'll fit you well enough. Go get the post.  Go!,1,10
Harry Potter and the Philosopher's Stone,Letters from No One,Vernon Dursley,"Oh, Marge is ill! Ate a funny whelk.",1,8
Harry Potter and the Philosopher's Stone,Letters from No One,Dudley Dursley,Dad! Look! Harry's got a letter!,1,6
Harry Potter and the Philosopher's Stone,Letters from No One,Harry Potter,"Hey, give it back! It's mine!",1,6
Harry Potter and the Philosopher's Stone,Letters from No One,Vernon Dursley,Yours? Who'd be writing to you?,1,6
Harry Potter and the Philosopher's Stone,Letters from No One,Vernon Dursley,No more mail through this letterbox.,1,6
Harry Potter and the Philosopher's Stone,Letters from No One,Petunia Dursley,"Have a lovely day at the office, dear.",1,8
Harry Potter and the Philosopher's Stone,Letters from No One,Vernon Dursley,"Fine day Sunday. In my opinion, best day of the week. Why is that, Dudley?",1,15
Harry Potter and the Philosopher's Stone,Letters from No One,Harry Potter,Because there's no post on Sunday?,1,6
Harry Potter and the Philosopher's Stone,Letters from No One,Vernon Dursley,"Ah, right you are, Harry. No post on Sunday. Ha! No blasted letters today. No, sir. Not one single bloody letter, not one.  No, sir, not one blasted, miserable-",1,29
Harry Potter and the Philosopher's Stone,Letters from No One,Dudley Dursley,AHH! Make it stop! Please make it stop!,1,8
Harry Potter and the Philosopher's Stone,Letters from No One,Dudley Dursley,What is it? Please tell me what's happening!,1,8
Harry Potter and the Philosopher's Stone,Letters from No One,Vernon Dursley,Give me that! Give me that letter!,1,7
Harry Potter and the Philosopher's Stone,Letters from No One,Harry Potter,They're my letters! Let go of me!,1,7
Harry Potter and the Philosopher's Stone,Letters from No One,Vernon Dursley,That's it! We're going away! Far away! Where they can't find us!,1,12
Harry Potter and the Philosopher's Stone,Letters from No One,Dudley Dursley,"Daddy's gone mad, hasn't he?!",1,5
Harry Potter and the Philosopher's Stone,Keeper of the Keys,Vernon Dursley,"I demand that you leave at once, sir! You are breaking and entering!",1,13
Harry Potter and the Philosopher's Stone,Keeper of the Keys,Rubeus Hagrid,"Dry up, Dursley, you great prune.  Boy, I haven't seen you since you was a baby, Harry, but you're a bit more along than I would have expected. Particularly 'round the middle!",1,32
Harry Potter and the Philosopher's Stone,Keeper of the Keys,Rubeus Hagrid,"Oh, well, of course you are! Got something for ya. 'Fraid I might have sat on it at some point! I imagine that it'll taste fine just the same. Ahh. Baked it myself.  Words and all. Heh.",1,37
Harry Potter and the Philosopher's Stone,Keeper of the Keys,Rubeus Hagrid,"It's not every day that your young man turns eleven, now is it?",1,13
Harry Potter and the Philosopher's Stone,Keeper of the Keys,Harry Potter,"Excuse me, who are you?",1,5
Harry Potter and the Philosopher's Stone,Keeper of the Keys,Rubeus Hagrid,"Rubeus Hagrid. Keeper of keys and grounds at Hogwarts. Course, you'll know all about Hogwarts.",1,15
Harry Potter and the Philosopher's Stone,Keeper of the Keys,Rubeus Hagrid,"No? Blimey, Harry, didn't you ever wonder where your mum and dad learned it all?",1,15
Harry Potter and the Philosopher's Stone,Keeper of the Keys,Rubeus Hagrid,"A wizard. And a thumping good one at that, I'd wager. Once you train up a little.",1,17
Harry Potter and the Philosopher's Stone,Keeper of the Keys,Harry Potter,"No, you've made a mistake. I can't be...a-a wizard. I mean, I'm just... Harry. Just Harry.",1,16
Harry Potter and the Philosopher's Stone,Keeper of the Keys,Rubeus Hagrid,"Well, just Harry. Did you ever make anything happen? Anything you couldn't explain when you were angry or scared?  Ah.",1,20
Harry Potter and the Philosopher's Stone,Keeper of the Keys,Harry Potter,"Dear, Mr. Potter. We are pleased to inform you that you have been accepted at Hogwarts' School of Witchcraft and Wizardry.",1,21
Harry Potter and the Philosopher's Stone,Keeper of the Keys,Vernon Dursley,"He'll not be going! We swore when we took him in, we’d put a stop to this rubbish!",1,18
Harry Potter and the Philosopher's Stone,Keeper of the Keys,Harry Potter,You knew? You knew all along and you never told me?,1,11
Harry Potter and the Philosopher's Stone,Keeper of the Keys,Petunia Dursley,"Of course we knew. How could you not be? My perfect sister being who she was. Oh, my mother and father were so proud the day she got her letter. We have a witch in the family. Isn't it wonderful? I was the only one to see her for what she was. A freak! And then she met that Potter, and then she had you, and I knew you'd be just the same, just as strange, just as ... abnormal. And then, if you please, she went and got herself blown up. And we got landed with you.",1,98
Harry Potter and the Philosopher's Stone,Keeper of the Keys,Harry Potter,Blown up? You told me my parents died in a car crash!,1,12
Harry Potter and the Philosopher's Stone,Keeper of the Keys,Rubeus Hagrid,A car crash? A car crash kill James and Lily Potter?,1,11
Harry Potter and the Philosopher's Stone,Keeper of the Keys,Petunia Dursley,We had to tell him something.,1,6
Harry Potter and the Philosopher's Stone,Keeper of the Keys,Rubeus Hagrid,It's an outrage! It's a scandal!,1,6
Harry Potter and the Philosopher's Stone,Keeper of the Keys,Rubeus Hagrid,"Oh, and I suppose a great Muggle like yourself's going to stop him, are you?",1,15
Harry Potter and the Philosopher's Stone,Keeper of the Keys,Rubeus Hagrid,"Non magic folk.  This boy's had his name down ever since he was born!  He's going to the finest school of witchcraft and wizardry in the world, and he'll be under the finest headmaster that Hogwarts has ever seen: Albus Dumbledore.",1,41
Harry Potter and the Philosopher's Stone,Keeper of the Keys,Vernon Dursley,I will not pay for some crackpot old fool to teach him magic tricks!,1,14
Harry Potter and the Philosopher's Stone,Keeper of the Keys,Rubeus Hagrid,"Never, insult Albus Dumbledore, in front of me.",1,8
Harry Potter and the Philosopher's Stone,Keeper of the Keys,Rubeus Hagrid,"Oh, um, I'd appreciate if you didn't tell anyone at Hogwarts about that. Strictly speaking, I'm not allowed to do magic.",1,21
Harry Potter and the Philosopher's Stone,Keeper of the Keys,Rubeus Hagrid,"Ooh, we're a bit behind schedule. Best be off.  Unless you'd rather stay, of course. Hmm?",1,16
Harry Potter and the Philosopher's Stone,Diagon Alley,Harry Potter,"First year students will require: three sets of work robes, one wand.",1,12
Harry Potter and the Philosopher's Stone,Diagon Alley,Rubeus Hagrid,"Essential bit of equipment, Harry.",1,5
Harry Potter and the Philosopher's Stone,Diagon Alley,Harry Potter,"One pair of dragon-hide gloves.  Hagrid, do they mean for a real dragon?",1,13
Harry Potter and the Philosopher's Stone,Diagon Alley,Rubeus Hagrid,"Well, they don't mean for a penguin, do they? Heh. Crikey, but not a dragon.",1,15
Harry Potter and the Philosopher's Stone,Diagon Alley,Harry Potter,But you like a dragon?,1,5
Harry Potter and the Philosopher's Stone,Diagon Alley,Rubeus Hagrid,"Fast and misunderstood beasts, Harry. Fast and misunderstood.",1,8
Harry Potter and the Philosopher's Stone,Diagon Alley,Harry Potter,"All students must be equipped with...one standard size two pewter cauldron and may bring if they desire either an owl, a cat or a toad. Could we find all this in London?",1,32
Harry Potter and the Philosopher's Stone,Diagon Alley,Rubeus Hagrid,If you know where to go.,1,6
Harry Potter and the Philosopher's Stone,Diagon Alley,Rubeus Hagrid,"No thanks, Tom. I'm on official Hogwarts business today. Just helping young Harry here buy his school supplies.",1,18
Harry Potter and the Philosopher's Stone,Diagon Alley,Quirinus Quirrell,Harry P-potter. C-can't tell you how pleased I am to meet you.,1,12
Harry Potter and the Philosopher's Stone,Diagon Alley,Rubeus Hagrid,"Hello, Professor. I didn't see you there. Harry, this is Professor Quirrell. He'll be your Defense Against the Dark Arts teacher at Hogwarts.",1,23
Harry Potter and the Philosopher's Stone,Diagon Alley,Harry Potter,"Oh, nice to meet you.",1,5
Harry Potter and the Philosopher's Stone,Diagon Alley,Quirinus Quirrell,"F-fearfully fascinating subject. N-not that you need it, e-eh, Potter? Heheh.",1,11
Harry Potter and the Philosopher's Stone,Diagon Alley,Rubeus Hagrid,"Yes, well, must be going now. Lots to buy. Heh.",1,10
Harry Potter and the Philosopher's Stone,Diagon Alley,Harry Potter,"But why am I famous, Hagrid? All those people back there, how is it they know who I am?",1,19
Harry Potter and the Philosopher's Stone,Diagon Alley,Rubeus Hagrid,"I'm not exactly sure I'm the right person to tell you that, Harry.  Welcome, Harry, to Diagon Alley.  Here's where you'll get your quills and ink, and over there all your bits and bobs for doing your wizardry.",1,38
Harry Potter and the Philosopher's Stone,Gringotts,Harry Potter,"But, Hagrid, how am I to pay for all this? I haven't any money.",1,14
Harry Potter and the Philosopher's Stone,Gringotts,Rubeus Hagrid,"Well, there's your money, Harry.  Gringotts, the Wizard Bank. T'aint no place safer, 'cept perhaps Hogwarts.",1,16
Harry Potter and the Philosopher's Stone,Gringotts,Harry Potter,"Uh, Hagrid, what exactly are these things?",1,7
Harry Potter and the Philosopher's Stone,Gringotts,Rubeus Hagrid,"They're goblins, Harry. Clever as they come goblins, but not the most friendly of beasts. Best stick close to me.  Mr. Harry Potter wishes to make a withdrawal.",1,28
Harry Potter and the Philosopher's Stone,Gringotts,Rubeus Hagrid,"Oh. Wait a minute. Got it here somewhere. Hah. There's the little devil.  Oh, and there's something else as well.  Professor Dumbledore gave me this.  It's about you-know-what in vault you-know-which.",1,31
Harry Potter and the Philosopher's Stone,Gringotts,Griphook,"Vault 687. Lamp, please.  Key please.",1,6
Harry Potter and the Philosopher's Stone,Gringotts,Rubeus Hagrid,"Didn't think your mum and dad would leave you with nothing now, did ya?",1,14
Harry Potter and the Philosopher's Stone,Gringotts,Rubeus Hagrid,"Can't tell you, Harry. It's Hogwarts business. Very secret.",1,9
Harry Potter and the Philosopher's Stone,Gringotts,Rubeus Hagrid,"Best not mention this to anyone, Harry.",1,7
Harry Potter and the Philosopher's Stone,Ollivanders,Rubeus Hagrid,"A wand? Well, you'll want Ollivanders.  No place better. Run along there, but wait. I just got one more thing I got to do. Won't be long.",1,27
Harry Potter and the Philosopher's Stone,Ollivanders,Garrick Ollivander,"I wondered when I'd be seeing you, Mr. Potter. It seems only yesterday that your mother and father were in here buying their first wands.  Ah. Here we are.  Well, give it a wave.  Apparently not.  Perhaps this.  No, no, definitely not! No matter...  I wonder.  Curious, very curious.",1,49
Harry Potter and the Philosopher's Stone,Ollivanders,Garrick Ollivander,"I remember every wand I've ever sold, Mr. Potter. It just so happens that the phoenix, whose tail feather resides in your wand gave one other feather, just one. It is curious that you should be destined for this wand when its brother gave you that scar.",1,47
Harry Potter and the Philosopher's Stone,Ollivanders,Garrick Ollivander,"Oh, we do not speak his name. The wand chooses the wizard, Mr. Potter. It's not always clear why, but I think it is clear that we can expect great things from you. After all, He-Who-Must-Not-Be-Named did great things...terrible, yes, but great.",1,42
Harry Potter and the Philosopher's Stone,The Boy Who Lived,Rubeus Hagrid,"You all right, Harry? You seem very quiet.",1,8
Harry Potter and the Philosopher's Stone,The Boy Who Lived,Harry Potter,"He killed my parents, didn't he? The one who gave me this. You know, Hagrid, I know you do.",1,19
Harry Potter and the Philosopher's Stone,The Boy Who Lived,Rubeus Hagrid,"First, and understand this, Harry, 'cause it's very important. Not all wizards are good. Some of them go bad. A few years ago, there was one wizard who went as bad as you can go. And his name was V-...his name was V-...",1,43
Harry Potter and the Philosopher's Stone,The Boy Who Lived,Harry Potter,Maybe if you wrote it down?,1,6
Harry Potter and the Philosopher's Stone,The Boy Who Lived,Rubeus Hagrid,"No, I can't spell it. All right.  Voldemort.",1,8
Harry Potter and the Philosopher's Stone,The Boy Who Lived,Rubeus Hagrid,"It was dark times, Harry, dark times.  Voldemort started to gather some followers, brought 'em over to the dark side. Anyone that stood up to him ended up dead. Your parents fought against him, but nobody lived once he decided to kill 'em.  Nobody...not one. ‘Cept you.",1,47
Harry Potter and the Philosopher's Stone,The Boy Who Lived,Harry Potter,Me? Voldemort tried to kill...me?,1,5
Harry Potter and the Philosopher's Stone,The Boy Who Lived,Rubeus Hagrid,"Yes. That ain't no ordinary cut on your forehead, Harry. A mark like that only comes from being touched by a curse...and an evil curse at that.",1,27
Harry Potter and the Philosopher's Stone,The Boy Who Lived,Rubeus Hagrid,"Well, some say he died. Codswallop in my opinion. Nope, I reckon he's out there, still, too tired to go on. But one thing's absolutely certain. Something about you stumped him that night. That's why you're famous. That's why everybody knows your name. You're the boy who lived.",1,48
Harry Potter and the Philosopher's Stone,Platform 9¾,Rubeus Hagrid,"What're you looking at?  Blimey, is that the time? Sorry, Harry, I'm gonna have to leave you. Dumbledore'll be wanting his- well, he'll be wanting to see me. Now, uh, your train leaves in 10 minutes. Here's your ticket.  Stick to it, Harry that's very important. Stick to your ticket.",1,50
Harry Potter and the Philosopher's Stone,Platform 9¾,Harry Potter,"Platform 9¾? But, Hagrid, there must be a mistake. This says Platform 9¾. There's no such thing...is there?",1,18
Harry Potter and the Philosopher's Stone,Platform 9¾,Harry Potter,"Excuse me, sir. Can you tell me where I might find Platform 9¾?",1,13
Harry Potter and the Philosopher's Stone,Platform 9¾,Molly Weasley,"It's the same year after year. Always packed with Muggles, of course.",1,12
Harry Potter and the Philosopher's Stone,Platform 9¾,Molly Weasley,"Come on. Platform 9¾ this way! All right, Percy, you first.",1,11
Harry Potter and the Philosopher's Stone,Platform 9¾,George Weasley,"He's not Fred, I am!",1,5
Harry Potter and the Philosopher's Stone,Platform 9¾,Fred Weasley,"Honestly, woman, you call yourself our mother.",1,7
Harry Potter and the Philosopher's Stone,Platform 9¾,Fred Weasley,I'm only joking. I am Fred.,1,6
Harry Potter and the Philosopher's Stone,Platform 9¾,Harry Potter,Excuse me! C-could you tell me how to-,1,8
Harry Potter and the Philosopher's Stone,Platform 9¾,Molly Weasley,"How to get on the platform? Yes, not to worry, dear. It's Ron's first time to Hogwarts as well.  Now, all you've got to do is walk straight at the wall between platforms 9 and 10. Best do it at a bit of a run if you're nervous.",1,48
Harry Potter and the Philosopher's Stone,Ron and Hermione,Ron Weasley,"Excuse me, do you mind? Everywhere else is full.",1,9
Harry Potter and the Philosopher's Stone,Ron and Hermione,Ron Weasley,"I'm Ron, by the way. Ron Weasley.",1,7
Harry Potter and the Philosopher's Stone,Ron and Hermione,Ron Weasley,"So-so it's true? I mean, do you really have the...the...",1,10
Harry Potter and the Philosopher's Stone,Ron and Hermione,Ron Weasley,"No, thanks, I'm all set.",1,5
Harry Potter and the Philosopher's Stone,Ron and Hermione,Harry Potter,Bertie Bott's Every Flavour Beans?,1,5
Harry Potter and the Philosopher's Stone,Ron and Hermione,Ron Weasley,"They mean every flavour! There's chocolate and peppermint, and there's also spinach, liver and tripe. George sweared he got a bogey-flavoured one once!",1,23
Harry Potter and the Philosopher's Stone,Ron and Hermione,Harry Potter,"These aren't real chocolate frogs, are they?",1,7
Harry Potter and the Philosopher's Stone,Ron and Hermione,Ron Weasley,"It's just a spell. Besides, it's the cards you want. Each pack's got a famous witch or wizard. I got about 500 meself.  Watch it!  Oh, that's rotten luck. They've only got one good jump in them to begin with.",1,40
Harry Potter and the Philosopher's Stone,Ron and Hermione,Ron Weasley,I got about 6 of him.,1,6
Harry Potter and the Philosopher's Stone,Ron and Hermione,Ron Weasley,"Well, you can't expect him to hang around all day, can you?  This is Scabbers, by the way, pathetic, isn't he?",1,21
Harry Potter and the Philosopher's Stone,Ron and Hermione,Ron Weasley,Fred gave me a spell as to turn him yellow. Want to see?,1,13
Harry Potter and the Philosopher's Stone,Ron and Hermione,Hermione Granger,Has anyone seen a toad? A boy named Neville's lost one.,1,11
Harry Potter and the Philosopher's Stone,Ron and Hermione,Hermione Granger,"Oh, are you doing magic? Let's see then.",1,8
Harry Potter and the Philosopher's Stone,Ron and Hermione,Ron Weasley,"Sunshine, daises, butter mellow, turn this stupid fat rat yellow!",1,10
Harry Potter and the Philosopher's Stone,Ron and Hermione,Hermione Granger,"Are you sure that's a real spell? Well, it's not very good, is it? Of course I've only tried a few simple spells myself, and they've all worked for me. For example...  Oculus Reparo.  That's better, isn't it? Holy Cricket, you're Harry Potter. I'm Hermione Granger...and you are...?",1,48
Harry Potter and the Philosopher's Stone,Ron and Hermione,Hermione Granger,"Pleasure. You two better change into your robes. I expect we'll be arriving soon.  You've got dirt, on your nose, by the way, did you know? Just there.",1,28
Harry Potter and the Philosopher's Stone,Welcome to Hogwarts,Rubeus Hagrid,"Right, then! First years! This way, please! Come on, now, don't be shy! Come on now, hurry up!",1,18
Harry Potter and the Philosopher's Stone,Welcome to Hogwarts,Rubeus Hagrid,"Right then. This way to the boats! Come on, now, follow me.",1,12
Harry Potter and the Philosopher's Stone,Welcome to Hogwarts,Minerva McGonagall,"Welcome to Hogwarts. Now, in a few moments, you will pass through these doors and join your classmates. But before you can take your seats, you must be sorted into your houses. They are Gryffindor, Hufflepuff, Ravenclaw, and Slytherin. Now while you’re here, your house will be like your family. Your triumphs will earn you house points. Any rule breaking, and you will lose points. At the end of the year, the house with the most points is awarded the house cup.",1,82
Harry Potter and the Philosopher's Stone,Welcome to Hogwarts,Minerva McGonagall,The sorting ceremony will begin momentarily.,1,6
Harry Potter and the Philosopher's Stone,Welcome to Hogwarts,Draco Malfoy,"It's true then, what they're saying on the train. Harry Potter has come to Hogwarts.  This is Crabbe and Goyle. And I'm Malfoy...Draco Malfoy.  Think my name's funny, do you? No need to ask yours. Red hair, and a hand-me-down robe? You must be a Weasley. Well, soon find that some wizarding families are better than others, Potter. Don’t want to go making friends with the wrong sort. I can help you there.",1,73
Harry Potter and the Philosopher's Stone,Welcome to Hogwarts,Harry Potter,"I think I can tell who the wrong sort are for myself, thanks.",1,13
Harry Potter and the Philosopher's Stone,Welcome to Hogwarts,Minerva McGonagall,We're ready for you now. Follow me.,1,7
Harry Potter and the Philosopher's Stone,The Sorting Hat,Hermione Granger,"It's not real, the ceiling. It's just bewitched to look like the night sky. I read about it in Hogwarts: A History.",1,22
Harry Potter and the Philosopher's Stone,The Sorting Hat,Minerva McGonagall,"Will you wait along here, please? Now, before we begin, Professor Dumbledore would like to say a few words.",1,19
Harry Potter and the Philosopher's Stone,The Sorting Hat,Albus Dumbledore,"I have a few start of term notices I wish to announce. The first years please note that the dark forest is strictly forbidden to all students. Also, our caretaker, Mr. Filch  has asked me to remind you that the 3rd floor corridor on the right hand side is out of bounds to everyone who does not wish to die a most painful death. Thank you.",1,66
Harry Potter and the Philosopher's Stone,The Sorting Hat,Minerva McGonagall,"When I call your name, you will come forth, I shall place the sorting hat on your head, and you will be sorted into your houses. Hermione Granger.",1,28
Harry Potter and the Philosopher's Stone,The Sorting Hat,Ron Weasley,"Mental that one, I'm telling you.",1,6
Harry Potter and the Philosopher's Stone,The Sorting Hat,Ron Weasley,There isn't a witch or wizard who went bad who wasn’t in Slytherin.,1,13
Harry Potter and the Philosopher's Stone,The Sorting Hat,Fred Weasley,We got Potter! We got Potter!,1,6
Harry Potter and the Philosopher's Stone,The Sorting Hat,George Weasley,We got Potter! We got Potter!,1,6
Harry Potter and the Philosopher's Stone,Nick and Other Residents,Seamus Finnigan,I'm half and half. Me dad's a Muggle. Mam's a witch. Bit of a nasty shock for him when he found out.,1,22
Harry Potter and the Philosopher's Stone,Nick and Other Residents,Harry Potter,"Say, Percy, who's that teacher talking to Professor Quirrell?",1,9
Harry Potter and the Philosopher's Stone,Nick and Other Residents,Percy Weasley,"Oh, that's Professor Snape, head of Slytherin house.",1,8
Harry Potter and the Philosopher's Stone,Nick and Other Residents,Percy Weasley,Potions. But everyone knows it's the Dark Arts he fancies. He's been after Quirrell’s job for years.,1,17
Harry Potter and the Philosopher's Stone,Nick and Other Residents,Percy Weasley,"Hello, Sir Nicholas. Have a nice summer?",1,7
Harry Potter and the Philosopher's Stone,Nick and Other Residents,Ron Weasley,I know you! You're Nearly Headless Nick!,1,7
Harry Potter and the Philosopher's Stone,Nick and Other Residents,Hermione Granger,Nearly headless? How can you be nearly headless?,1,8
Harry Potter and the Philosopher's Stone,Nick and Other Residents,Percy Weasley,"Gryffindors, follow me, please. Keep up. Thank you.",1,8
Harry Potter and the Philosopher's Stone,Nick and Other Residents,Percy Weasley,"This is the most direct path to the dormitories. Oh, and keep an eye on the staircases...they like to change.",1,20
Harry Potter and the Philosopher's Stone,Nick and Other Residents,Percy Weasley,"Keep up, please, and follow me. Quickly now, come on. Come on.",1,12
Harry Potter and the Philosopher's Stone,Nick and Other Residents,Ron Weasley,"Look at that one, Harry!",1,5
Harry Potter and the Philosopher's Stone,Nick and Other Residents,Harry Potter,I think she fancies you.,1,5
Harry Potter and the Philosopher's Stone,Nick and Other Residents,Percy Weasley,"Caput Draconis.  Follow me, everyone. Keep up, quickly, come on.",1,10
Harry Potter and the Philosopher's Stone,Nick and Other Residents,Percy Weasley,"Gather 'round here. Welcome to the Gryffindor Common Room. Boy's dormitories, upstairs and down to your left. Girls, the same on your right. You'll find that your belongings have already been brought up.",1,33
Harry Potter and the Philosopher's Stone,Potions and Parcels,Ron Weasley,"Whew, we made it. Can you imagine the look on McGonagall's face if we were late?",1,16
Harry Potter and the Philosopher's Stone,Potions and Parcels,Minerva McGonagall,"Thank you for that assessment, Mr. Weasley. Perhaps if I were to transfigure Mr. Potter and yourself into a pocketwatch, that way one of you might be on time.",1,29
Harry Potter and the Philosopher's Stone,Potions and Parcels,Minerva McGonagall,Then perhaps a map? I trust you don't need one to find your seats.,1,14
Harry Potter and the Philosopher's Stone,Potions and Parcels,Severus Snape,"There will be no foolish wand waving or silly incantations in this class. As such, I don't expect many of you to appreciate the subtle science and exact art that is potion making. However, for those select few...  who possess the predisposition, I can teach you how to bewitch the mind and ensnare the senses. I can tell you how to bottle fame, brew glory and even put a stopper...  in death.  Then again, maybe some of you have come to Hogwarts in possession of abilities so formidable that you feel confidant enough to not...pay...attention.  Mr. Potter. Our...new...celebrity. Tell me, what would I get if I added powdered root of asphodel to an infusion of wormwood?  You don't know? Well, let's try again. Where, Mr. Potter, would you look if I asked you to find me a bezoar?",1,138
Harry Potter and the Philosopher's Stone,Potions and Parcels,Severus Snape,And what is the difference between monkshood and wolfbane?,1,9
Harry Potter and the Philosopher's Stone,Potions and Parcels,Severus Snape,"Pity. Clearly, fame isn't everything...  is it, Mr. Potter?",1,9
Harry Potter and the Philosopher's Stone,Potions and Parcels,Harry Potter,"Clearly, Hermione knows. Since it's a pity not to ask her.",1,11
Harry Potter and the Philosopher's Stone,Potions and Parcels,Severus Snape,"Silence.  And put her hand down, you silly girl.  For your information, Potter... asphodel and wormwood make a sleeping potion so powerful, it is known as the Draught of Living Death. A bezoar is a stone taken from the stomach of a goat and it will save you from most poisons. As for monkshood and wolfsbane, they are the same plant, which also goes by the name of aconite.  Well?  Why aren't you all copying this down?  And Gryffindors, note that five points, will be taken from your house... for your classmate's cheek.",1,93
Harry Potter and the Philosopher's Stone,Potions and Parcels,Seamus Finnigan,"Eye of rabbit, harp string hum. Turn this water, into rum.  Eye of rabbit, harp string hum...",1,17
Harry Potter and the Philosopher's Stone,Potions and Parcels,Harry Potter,What's Seamus trying to do to that glass of water?,1,10
Harry Potter and the Philosopher's Stone,Potions and Parcels,Ron Weasley,"Turn it into rum. Actually managed a weak tea yesterday, before-",1,11
Harry Potter and the Philosopher's Stone,Potions and Parcels,Harry Potter,Can I borrow this?  Thanks.,1,5
Harry Potter and the Philosopher's Stone,Potions and Parcels,Seamus Finnigan,"Hey, look! Neville's got a Remembrall!",1,6
Harry Potter and the Philosopher's Stone,Potions and Parcels,Hermione Granger,"I've read about those. When the smoke turns red,  it means you've forgotten something.",1,14
Harry Potter and the Philosopher's Stone,Potions and Parcels,Neville Longbottom,"The only problem is, I can't remember what I've forgotten.",1,10
Harry Potter and the Philosopher's Stone,Potions and Parcels,Harry Potter,"Hey, Ron, somebody broke into Gringotts, listen.  Believed to be the work of dark witches or wizards unknown, Gringotts goblins, while acknowledging the breach, insist that nothing was taken. The vault in question, number 713, had in fact been emptied earlier that same day. That's odd. That's the vault Hagrid and I went to.",1,54
Harry Potter and the Philosopher's Stone,New Seeker,Ron Weasley,"Up!!  Ooh!  Shut up, Harry.",1,5
Harry Potter and the Philosopher's Stone,New Seeker,Neville Longbottom,Ahhhh! Whoa! Ahhh!  Oh. Ah...help!  Ahh!,1,6
Harry Potter and the Philosopher's Stone,New Seeker,Draco Malfoy,"Did you see his face? Maybe if the fat lump had given this a squeeze, he'd have remembered to fall on his fat arse.",1,24
Harry Potter and the Philosopher's Stone,New Seeker,Draco Malfoy,"No. I think I'll leave it somewhere for Longbottom to find.  How 'bout up on the roof?  What's the matter, Potter? Bit beyond your reach?",1,25
Harry Potter and the Philosopher's Stone,New Seeker,Hermione Granger,"Harry, no way! You heard what Madam Hooch said! Besides, you don't even know how to fly.  What an idiot.",1,20
Harry Potter and the Philosopher's Stone,New Seeker,Harry Potter,"Give it here, Malfoy, or I'll knock you off your broom!",1,11
Harry Potter and the Philosopher's Stone,New Seeker,Draco Malfoy,"Is that so?  Have it your way, then!",1,8
Harry Potter and the Philosopher's Stone,New Seeker,Quirinus Quirrell,An iguana s-such as this is...,1,6
Harry Potter and the Philosopher's Stone,New Seeker,Minerva McGonagall,"Professor Quirrell, excuse me, excuse me. Could I borrow Wood for a moment, please?",1,14
Harry Potter and the Philosopher's Stone,New Seeker,Quirinus Quirrell,"Oh. Y-yes, of course.  And the vampire b-bat...",1,8
Harry Potter and the Philosopher's Stone,New Seeker,Minerva McGonagall,"Potter, this is Oliver Wood. Wood, I have found you a Seeker!",1,12
Harry Potter and the Philosopher's Stone,New Seeker,Ron Weasley,Seeker? But first years never make their house teams! You must be the youngest Quidditch player in...,1,17
Harry Potter and the Philosopher's Stone,New Seeker,Harry Potter,"A century, according to McGonagall.",1,5
Harry Potter and the Philosopher's Stone,New Seeker,Fred Weasley,"Hey, well done, Harry, Wood's just told us!",1,8
Harry Potter and the Philosopher's Stone,New Seeker,Ron Weasley,"Fred and George are on the team, too. Beaters.",1,9
Harry Potter and the Philosopher's Stone,New Seeker,George Weasley,"Our job is to make sure that you don't get bloodied up too bad. Can't make any promises, of course. Rough game, Quidditch.",1,23
Harry Potter and the Philosopher's Stone,New Seeker,Fred Weasley,Brutal. But no one's died in years. Someone will vanish occasionally...,1,11
Harry Potter and the Philosopher's Stone,New Seeker,George Weasley,But they'll turn up in a month or two!,1,9
Harry Potter and the Philosopher's Stone,New Seeker,Ron Weasley,"Oh, go on, Harry, Quidditch is great. Best game there is! And you'll be great, too!",1,16
Harry Potter and the Philosopher's Stone,New Seeker,Harry Potter,But I've never even played Quidditch. What if I make a fool of myself?,1,14
Harry Potter and the Philosopher's Stone,New Seeker,Hermione Granger,You won't make a fool of yourself. It's in your blood.,1,11
Harry Potter and the Philosopher's Stone,New Seeker,Ron Weasley,"Whoa. Harry, you never told me your father was a Seeker, too.",1,12
Harry Potter and the Philosopher's Stone,Three-Headed Sentinel,Ron Weasley,"I'm telling you, it's spooky. She knows more about you than you do.",1,13
Harry Potter and the Philosopher's Stone,Three-Headed Sentinel,Ron Weasley,Before the staircase moves again.,1,5
Harry Potter and the Philosopher's Stone,Three-Headed Sentinel,Harry Potter,Does anyone feel like...we shouldn't be here?,1,7
Harry Potter and the Philosopher's Stone,Three-Headed Sentinel,Hermione Granger,We're not supposed to be here. This is the 3rd floor. It's forbidden.,1,13
Harry Potter and the Philosopher's Stone,Three-Headed Sentinel,Harry Potter,Quick! Let’s hide though that door!,1,6
Harry Potter and the Philosopher's Stone,Three-Headed Sentinel,Ron Weasley,"That's it, we're done for!",1,5
Harry Potter and the Philosopher's Stone,Three-Headed Sentinel,Hermione Granger,"Oh, move over!  Alohomora.  Get in.",1,6
Harry Potter and the Philosopher's Stone,Three-Headed Sentinel,Hermione Granger,"Standard book of spells, Chapter 7.",1,6
Harry Potter and the Philosopher's Stone,Three-Headed Sentinel,Argus Filch,"Anyone here, my sweet?  Come on.",1,6
Harry Potter and the Philosopher's Stone,Three-Headed Sentinel,Ron Weasley,Probably thinks this door's locked.,1,5
Harry Potter and the Philosopher's Stone,Three-Headed Sentinel,Ron Weasley,What do they think they're doing?? Keeping a thing like that locked up in a school.,1,16
Harry Potter and the Philosopher's Stone,Three-Headed Sentinel,Hermione Granger,"You don't use your eyes, do you? Didn't you see what it was standing on?",1,15
Harry Potter and the Philosopher's Stone,Three-Headed Sentinel,Ron Weasley,"I wasn't looking at its feet! I was a bit preoccupied with its heads. Or maybe you didn't notice, there were three!",1,22
Harry Potter and the Philosopher's Stone,Three-Headed Sentinel,Hermione Granger,It was standing on a trap door. Which means it wasn't there by accident. It's guarding something.,1,17
Harry Potter and the Philosopher's Stone,Three-Headed Sentinel,Hermione Granger,"That's right. Now, if you two don't mind, I'm going to bed before either of you come up with another clever idea to get us killed... or worse, expelled!",1,29
Harry Potter and the Philosopher's Stone,Three-Headed Sentinel,Ron Weasley,She needs to sort out her priorities!,1,7
Harry Potter and the Philosopher's Stone,Facts and Feathers,Oliver Wood,"Quidditch is easy enough to understand. Each time has seven players, 3 chasers, 2 beaters, 1 keeper and a seeker. That's you. There are three kinds of balls.  This one's called the Quaffle. Now, the chasers handle the Quaffle and try to put it through one of those three hoops.  The keeper, that's me, defends the hoops.  With me so far?",1,61
Harry Potter and the Philosopher's Stone,Facts and Feathers,Harry Potter,I think so. What are those?,1,6
Harry Potter and the Philosopher's Stone,Facts and Feathers,Oliver Wood,"You better take this.  Careful now, it's comin' back.  Eh, not bad, Potter, you'd make a fair beater... Uh-oh.",1,19
Harry Potter and the Philosopher's Stone,Facts and Feathers,Oliver Wood,"Bludger. Nasty little buggers. But you are the seeker, and the only thing I want you to worry about is this... the Golden Snitch.",1,24
Harry Potter and the Philosopher's Stone,Facts and Feathers,Oliver Wood,"Ah, you like it now. Just wait. It's wicked fast and damn near impossible to see.",1,16
Harry Potter and the Philosopher's Stone,Facts and Feathers,Harry Potter,What do I do with it?,1,6
Harry Potter and the Philosopher's Stone,Facts and Feathers,Oliver Wood,"You catch it... before the other team's seeker. You catch this, the game is over. You catch this, Potter, and we win.",1,22
Harry Potter and the Philosopher's Stone,Facts and Feathers,Hermione Granger,"Stop, stop, stop. You're going to take someone's eye out. Besides, you're saying it wrong. It's Levi-o-sa, not Leviosar.",1,19
Harry Potter and the Philosopher's Stone,Facts and Feathers,Ron Weasley,"You do it then if you're so clever. Go on, go on.",1,12
Harry Potter and the Philosopher's Stone,Facts and Feathers,Harry Potter,"I think we're going to need another feather over here, Professor.",1,11
Harry Potter and the Philosopher's Stone,Facts and Feathers,Ron Weasley,"It's Levioooosa, not Leviosaaaar.  She's a nightmare, honestly. No wonder she hasn't got any friends!",1,15
Harry Potter and the Philosopher's Stone,Facts and Feathers,Harry Potter,I think she heard you.,1,5
Harry Potter and the Philosopher's Stone,Mountain Troll,Neville Longbottom,Parvati Patil said that she wouldn't come out of the girl's bathroom. She said that she'd been in there all afternoon...crying.,1,21
Harry Potter and the Philosopher's Stone,Mountain Troll,Quirinus Quirrell,TROLL! IN THE DUNGEON! T-TROOLLL IN THE DUNGEON!!  Thought you ought to know.,1,13
Harry Potter and the Philosopher's Stone,Mountain Troll,Albus Dumbledore,"SILLLLLEEENNNNCEEEEE!  Everyone will please, not panic. Now, Prefects will lead their houses back to the dormitories. Teachers will follow me to the dungeons.",1,23
Harry Potter and the Philosopher's Stone,Mountain Troll,Percy Weasley,"Gryffindors, keep up please. And stay alert!",1,7
Harry Potter and the Philosopher's Stone,Mountain Troll,Harry Potter,How could a troll get in?,1,6
Harry Potter and the Philosopher's Stone,Mountain Troll,Ron Weasley,Not by itself. Trolls are really stupid. Probably people playing jokes.  What?,1,12
Harry Potter and the Philosopher's Stone,Mountain Troll,Ron Weasley,I think the troll's left the dungeon!,1,7
Harry Potter and the Philosopher's Stone,Mountain Troll,Harry Potter,It’s going into the Girl's Bathroom!,1,6
Harry Potter and the Philosopher's Stone,Mountain Troll,Harry Potter,I don't think so. Just knocked out.  Ew. Troll bogies.,1,10
Harry Potter and the Philosopher's Stone,Mountain Troll,Minerva McGonagall,"Oh! Oh, my goodness! E-Explain yourselves, both of you!",1,9
Harry Potter and the Philosopher's Stone,Mountain Troll,Hermione Granger,"It's my fault, Professor McGonagall.",1,5
Harry Potter and the Philosopher's Stone,Mountain Troll,Hermione Granger,I went looking for the troll. I'd read about them and thought I could handle it. But I was wrong. If Harry and Ron hadn't come and found me...I'd probably be dead.,1,32
Harry Potter and the Philosopher's Stone,Mountain Troll,Minerva McGonagall,"Be that as it may be...it was an extremely foolish thing to do.  I would have expected more rational behavior on your part, Miss Granger. Five points will be taken from Gryffindor for your serious lack of judgment.  As for you two gentlemen I just hope you realize how fortunate you are. Not many students could take on a fully grown mountain troll and live to tell the tale. Five points...will be awarded to each of you.  For sheer dumb luck.",1,81
Harry Potter and the Philosopher's Stone,Mountain Troll,Quirinus Quirrell,Perhaps you ought to go...M-might wake up...heh.  Ahh! Hehe....,1,9
Harry Potter and the Philosopher's Stone,Mountain Troll,Harry Potter,Good for you to get us out of trouble like that.,1,11
Harry Potter and the Philosopher's Stone,Mountain Troll,Ron Weasley,"Mind you, I mean, we did save her life.",1,9
Harry Potter and the Philosopher's Stone,Mountain Troll,Harry Potter,"Mind you, she didn't need saving if you hadn't insulted her.",1,11
Harry Potter and the Philosopher's Stone,Quidditch,Ron Weasley,"Take a bit of toast, mate, go on.",1,8
Harry Potter and the Philosopher's Stone,Quidditch,Hermione Granger,"Ron's right, Harry. You're gonna need your strength today.",1,9
Harry Potter and the Philosopher's Stone,Quidditch,Severus Snape,"Good luck today, Potter. Then again, now that you've proven yourself against a troll, a little game of Quidditch should be easy work for you...even if it is against Slytherin.",1,30
Harry Potter and the Philosopher's Stone,Quidditch,Harry Potter,"Listen, last night, I'm guessing Snape let the troll in as a diversion so he could try and get past that 3 headed dog. But, he got himself bitten, that's why he's limping.",1,33
Harry Potter and the Philosopher's Stone,Quidditch,Hermione Granger,But why would anyone go near that dog?,1,8
Harry Potter and the Philosopher's Stone,Quidditch,Harry Potter,"The day I was at Gringotts, Hagrid took something out of one of the vaults. He said it was Hogwarts' business, very secret.",1,23
Harry Potter and the Philosopher's Stone,Quidditch,Harry Potter,That's what the dog's guarding. That's what Snape wants.,1,9
Harry Potter and the Philosopher's Stone,Quidditch,Hermione Granger,"Bit early for mail, isn't it?",1,6
Harry Potter and the Philosopher's Stone,Quidditch,Harry Potter,But I-I never get mail.,1,5
Harry Potter and the Philosopher's Stone,Quidditch,Ron Weasley,"Thats not just any broomstick, Harry.  It's a Nimbus 2000!",1,10
Harry Potter and the Philosopher's Stone,Quidditch,Oliver Wood,That's all right. I felt the same way before my first game.,1,12
Harry Potter and the Philosopher's Stone,Quidditch,Oliver Wood,"Er, I don't really remember. I took a bludger to the head 2 minutes in. Woke up in the hospital a week later.",1,23
Harry Potter and the Philosopher's Stone,Quidditch,Lee Jordan,"Hello, and welcome to Hogwarts' first Quidditch game of the season! Today's game Slytherin versus Gryffindor!!!",1,16
Harry Potter and the Philosopher's Stone,Quidditch,Lee Jordan,The players take their positions as Madam Hooch steps out onto the field to begin the game.,1,17
Harry Potter and the Philosopher's Stone,Quidditch,Lee Jordan,"The bludgers are up...followed by the Golden Snitch. Remember, the snitch is worth 150 points. The seeker who catches the Snitch ends the game.",1,24
Harry Potter and the Philosopher's Stone,Quidditch,Lee Jordan,The Quaffle is released...and the game begins!,1,7
Harry Potter and the Philosopher's Stone,Quidditch,Lee Jordan,Angelina Johnson scores! 10 points for Gryffindor!,1,7
Harry Potter and the Philosopher's Stone,Quidditch,Lee Jordan,Slytherin takes possession of the Quaffle. Bletchley passes to Captain Marcus Flint.,1,12
Harry Potter and the Philosopher's Stone,Quidditch,Lee Jordan,Another 10 points to Gryffindor!,1,5
Harry Potter and the Philosopher's Stone,Interference Overcome,Rubeus Hagrid,What's going on with Harry's broomstick?,1,6
Harry Potter and the Philosopher's Stone,Interference Overcome,Hermione Granger,It's Snape! He's jinxing the broom!,1,6
Harry Potter and the Philosopher's Stone,Interference Overcome,Ron Weasley,Jinxing the broom? What do we do?,1,7
Harry Potter and the Philosopher's Stone,Interference Overcome,Rubeus Hagrid,Looks like he's gonna be sick!,1,6
Harry Potter and the Philosopher's Stone,Interference Overcome,Lee Jordan,He's got the Snitch! Harry Potter receives 150 points for catching the Snitch!,1,13
Harry Potter and the Philosopher's Stone,Christmas Gift,Rubeus Hagrid,Nonsense! Why would Snape put a curse on Harry’s broom?,1,10
Harry Potter and the Philosopher's Stone,Christmas Gift,Harry Potter,Who knows? Why was he trying to get past that three-headed dog on Halloween?,1,14
Harry Potter and the Philosopher's Stone,Christmas Gift,Rubeus Hagrid,Who told you ‘bout Fluffy?,1,5
Harry Potter and the Philosopher's Stone,Christmas Gift,Hermione Granger,That thing has a name?,1,5
Harry Potter and the Philosopher's Stone,Christmas Gift,Rubeus Hagrid,"Well, of course he's got a name. He's mine. I bought him off an Irish feller I met down at the pub last year. Then I lent him to Dumbledore to guard the..",1,33
Harry Potter and the Philosopher's Stone,Christmas Gift,Rubeus Hagrid,"Shouldn’t have said that. No more questions! Don’t ask any more questions. That's top secret, that is.",1,17
Harry Potter and the Philosopher's Stone,Christmas Gift,Harry Potter,"But, Hagrid, whatever Fluffy's guarding, Snape's trying to steal it.",1,10
Harry Potter and the Philosopher's Stone,Christmas Gift,Rubeus Hagrid,Codswallop. Professor Snape is a Hogwarts teacher.,1,7
Harry Potter and the Philosopher's Stone,Christmas Gift,Hermione Granger,"Hogwarts teacher or not, I know a spell when I see one. I've read all about them. You've got to keep eye contact and Snape wasn't blinking.",1,27
Harry Potter and the Philosopher's Stone,Christmas Gift,Rubeus Hagrid,"Now, you listen to me, all three of you. You're meddling in things that ought not to be meddled in. It's dangerous. What that dog is guarding is strictly between Dumbledore and Nicholas Flamel.",1,34
Harry Potter and the Philosopher's Stone,Christmas Gift,Rubeus Hagrid,I shouldn't said that. I should not have said that.,1,10
Harry Potter and the Philosopher's Stone,Christmas Gift,Harry Potter,Nicholas Flamel.  Who's Nicholas Flamel?,1,5
Harry Potter and the Philosopher's Stone,Christmas Gift,Ron Weasley,That's wizard's chess.  I see you've packed.,1,7
Harry Potter and the Philosopher's Stone,Christmas Gift,Ron Weasley,"Change of plans, my parents decided to go to Romania to visit my brother Charlie. He's studying dragons there.",1,19
Harry Potter and the Philosopher's Stone,Christmas Gift,Hermione Granger,"Good, you can help Harry, then. He's going to go and look in the library for information on Nicholas Flamel.",1,20
Harry Potter and the Philosopher's Stone,Christmas Gift,Ron Weasley,We've looked a hundred times.,1,5
Harry Potter and the Philosopher's Stone,Christmas Gift,Hermione Granger,Not in the restricted section. Happy Christmas.,1,7
Harry Potter and the Philosopher's Stone,Christmas Gift,Ron Weasley,I think we've had a bad influence on her.,1,9
Harry Potter and the Philosopher's Stone,Christmas Gift,Ron Weasley,"Harry wake up! Come on Harry, wake up!",1,8
Harry Potter and the Philosopher's Stone,Christmas Gift,Harry Potter,"Happy Christmas, Ron.  What are you wearing?",1,7
Harry Potter and the Philosopher's Stone,Christmas Gift,Ron Weasley,Oh. My mum made it.  It looks like you've got one too.,1,12
Harry Potter and the Philosopher's Stone,Christmas Gift,Harry Potter,Your father left this in my possession before he died. It is time it was returned to you. Use it well.,1,21
Harry Potter and the Philosopher's Stone,Christmas Gift,Harry Potter,It's some kind of cloak.,1,5
Harry Potter and the Philosopher's Stone,Christmas Gift,Ron Weasley,"Well, let's see then, put it on.",1,7
Harry Potter and the Philosopher's Stone,Christmas Gift,Ron Weasley,I know what that is. That's an invisibility cloak.,1,9
Harry Potter and the Philosopher's Stone,Christmas Gift,Ron Weasley,They're really rare.  I wonder who gave it to you?,1,10
Harry Potter and the Philosopher's Stone,Christmas Gift,Harry Potter,There was no name. It just said use it well.,1,10
Harry Potter and the Philosopher's Stone,Cloaked in darkness,Harry Potter,Famous fire eaters...15th Century Fiends...Flamel...Nicholas Flamel...where are you?,1,8
Harry Potter and the Philosopher's Stone,Cloaked in darkness,Argus Filch,Who's there?!  I know you're in there. You can't hide.  Who is it? Show yourself!,1,15
Harry Potter and the Philosopher's Stone,Cloaked in darkness,Severus Snape,"You don't want me as your enemy, Quirrell.",1,8
Harry Potter and the Philosopher's Stone,Cloaked in darkness,Severus Snape,You know perfectly well what I mean.  We'll have another chat soon...when you've had time to decide where your loyalties lie.,1,21
Harry Potter and the Philosopher's Stone,Cloaked in darkness,Argus Filch,"Oh, Professors. I found this, in the Restricted Section. It's still hot. That means there's a student out of bed.",1,20
Harry Potter and the Philosopher's Stone,The Mirror of Erised,Harry Potter,"Ron! You've really got to see this! Ron! You've got to see this!  Ron, Ron, come on. Get out of bed!",1,21
Harry Potter and the Philosopher's Stone,The Mirror of Erised,Harry Potter,"There's something you've got to see. Now, come on!",1,9
Harry Potter and the Philosopher's Stone,The Mirror of Erised,Harry Potter,"Come on. Come. Come look, it's my parents!",1,8
Harry Potter and the Philosopher's Stone,The Mirror of Erised,Harry Potter,"Look in properly. Go on. Stand there. There. You see them, don't you? Thats my dad",1,16
Harry Potter and the Philosopher's Stone,The Mirror of Erised,Ron Weasley,"That's me! Only, I'm head boy...and I'm holding the Quidditch cup! And bloody hell, I'm Quidditch Captain too! I look good. Harry, do you think this mirror shows the future?",1,30
Harry Potter and the Philosopher's Stone,The Mirror of Erised,Harry Potter,How can it? Both my parents are dead.,1,8
Harry Potter and the Philosopher's Stone,The Mirror of Erised,George Weasley,"Do you like yours, Ron?  Ron?",1,6
Harry Potter and the Philosopher's Stone,The Mirror of Erised,Ron Weasley,I'll be right back.  Want to play chess?,1,8
Harry Potter and the Philosopher's Stone,The Mirror of Erised,Ron Weasley,We go and visit Hagrid?,1,5
Harry Potter and the Philosopher's Stone,The Mirror of Erised,Ron Weasley,"Harry, I know what you're thinking, but don't. There's something not quite right about that mirror.",1,16
Harry Potter and the Philosopher's Stone,The Mirror of Erised,Albus Dumbledore,"Back again, Harry?  I see that you, like so many before you, have discovered the delights of the Mirror of Erised. I trust by now you realize what it does. Let me give you a clue. The happiest man on earth would look into the mirror and see only himself, exactly as he is.",1,54
Harry Potter and the Philosopher's Stone,The Mirror of Erised,Harry Potter,"So, then it shows us what we want? Whatever we want?",1,11
Harry Potter and the Philosopher's Stone,The Mirror of Erised,Albus Dumbledore,"Yes...and no. It shows us nothing more or less than the deepest, most desperate desires of our hearts. Now you, who have never known your family, you see them standing beside you. But remember this, Harry. This mirror gives us neither knowledge or truth. Men have wasted away in front of it, even gone mad. That is why tomorrow it will be moved to a new home, and I must ask you not to go looking for it again. It does not do to dwell on dreams, Harry, and forget to live.",1,92
Harry Potter and the Philosopher's Stone,Norbert,Hermione Granger,Look at you playing with your cards. Pathetic! We've got final exams coming up soon.,1,15
Harry Potter and the Philosopher's Stone,Norbert,Ron Weasley,I'm ready! Ask me any question.,1,6
Harry Potter and the Philosopher's Stone,Norbert,Hermione Granger,"All right, what are the three most crucial ingredients in a Forgetfulness Potion?",1,13
Harry Potter and the Philosopher's Stone,Norbert,Hermione Granger,"And what, may I ask, do you plan to do if this comes up in the final exam?",1,18
Harry Potter and the Philosopher's Stone,Norbert,Hermione Granger,"No, you won't! Besides, according to Professor McGonagall, we're to be given special quills bewitched with an anti-cheating spell.",1,19
Harry Potter and the Philosopher's Stone,Norbert,Ron Weasley,That's insulting! It's as if they don't trust us!  Dumbledore again!,1,11
Harry Potter and the Philosopher's Stone,Norbert,Ron Weasley,"You have got to start standing up to people, Neville.",1,10
Harry Potter and the Philosopher's Stone,Norbert,Neville Longbottom,How? I can barely stand at all!,1,7
Harry Potter and the Philosopher's Stone,Norbert,Neville Longbottom,"No, that's all I need... you to set my bloody kneecaps on fire!",1,13
Harry Potter and the Philosopher's Stone,Norbert,Seamus Finnigan,"I don't appreciate the insinuation, Longbottom. Besides, if anyone cares to notice, my eyebrows have completely grown back!",1,18
Harry Potter and the Philosopher's Stone,Norbert,Ron Weasley,"'Dumbledore is particularly famous for his defeat of the Dark"" Wizard Grindelwald in 1945–'",1,14
Harry Potter and the Philosopher's Stone,Norbert,Ron Weasley,"'-for his discovery of the 12 uses of Dragon Blood, and his work on alchemy with his partner Nicolas Flamel!'",1,20
Harry Potter and the Philosopher's Stone,Norbert,Harry Potter,I knew the name sounded familiar. I read it on the train that day.,1,14
Harry Potter and the Philosopher's Stone,Norbert,Neville Longbottom,"Hey, wait, where are you going? What about the counter-curse?!",1,10
Harry Potter and the Philosopher's Stone,Norbert,Hermione Granger,I had you looking in the wrong section! How could I be so stupid? I checked this out a few weeks ago for a bit of light reading.,1,28
Harry Potter and the Philosopher's Stone,Norbert,Hermione Granger,"Of course! Here it is!  ""Nicholas Flamel is the only known maker of the Philosopher's Stone!""",1,16
Harry Potter and the Philosopher's Stone,Norbert,Hermione Granger,"Honestly, don't you two read? ""The Philosopher's Stone is a legendary substance with astonishing powers. It will turn any metal into pure gold and produces the Elixir of Life, which will make the drinker immortal.""",1,35
Harry Potter and the Philosopher's Stone,Norbert,Hermione Granger,It means you'll never die.,1,5
Harry Potter and the Philosopher's Stone,Norbert,Ron Weasley,I know what it means!,1,5
Harry Potter and the Philosopher's Stone,Norbert,Hermione Granger,"""The only stone currently in existence belongs to Mr. Nicholas Flamel, the noted alchemist, who last year celebrated his 665th birthday!"" That's what Fluffy's guarding on the 3rd floor. That's what's under the trapdoor...the Philosopher's Stone!",1,36
Harry Potter and the Philosopher's Stone,Norbert,Rubeus Hagrid,"Oh, hello. Sorry, don't wish to be rude, but I'm in no fit state to entertain today.",1,17
Harry Potter and the Philosopher's Stone,Norbert,Harry Potter,We know about the Philosopher's Stone!,1,6
Harry Potter and the Philosopher's Stone,Norbert,Hermione Granger,We know about the Philosopher's Stone!,1,6
Harry Potter and the Philosopher's Stone,Norbert,Ron Weasley,We know about the Philosopher's Stone!,1,6
Harry Potter and the Philosopher's Stone,Norbert,Harry Potter,We think Snape's trying to steal it.,1,7
Harry Potter and the Philosopher's Stone,Norbert,Rubeus Hagrid,"Snape? Blimey, Harry, you're not still on about him, are you?",1,11
Harry Potter and the Philosopher's Stone,Norbert,Harry Potter,"Hagrid, we know he's after the Stone. We just don't know why.",1,12
Harry Potter and the Philosopher's Stone,Norbert,Rubeus Hagrid,Snape is one of the teachers protecting the Stone! He's not about to steal it!,1,15
Harry Potter and the Philosopher's Stone,Norbert,Rubeus Hagrid,"You heard. Right. Come on, now, I'm a bit preoccupied today.",1,11
Harry Potter and the Philosopher's Stone,Norbert,Harry Potter,Wait a minute.  One of the teachers?,1,7
Harry Potter and the Philosopher's Stone,Norbert,Hermione Granger,"Of course! There are other things defending the Stone, aren't there? Spells, enchantments.",1,13
Harry Potter and the Philosopher's Stone,Norbert,Rubeus Hagrid,"That's right. Waste of bloody time, if you ask me.  Ain't no one gonna get past Fluffy. Hehe, not a soul knows how. Except for me and Dumbledore. I shouldn't have told you that. I shouldn't have told you that.  Oh!  Ooh! Ooh! Ooh! Ooh!",1,45
Harry Potter and the Philosopher's Stone,Norbert,Harry Potter,"Uh, Hagrid, what exactly is that?",1,6
Harry Potter and the Philosopher's Stone,Norbert,Rubeus Hagrid,That? It's a ... its um...,1,6
Harry Potter and the Philosopher's Stone,Norbert,Ron Weasley,"I know what that is! But Hagrid, how did you get one?",1,12
Harry Potter and the Philosopher's Stone,Norbert,Rubeus Hagrid,"I won it. Off a stranger I met down at a pub. Seemed quite glad to be rid off it, as a matter of fact.",1,25
Harry Potter and the Philosopher's Stone,Norbert,Ron Weasley,That's not just a dragon. That's a Norwegian Ridgeback! My brother Charlie works with these in Romania.,1,17
Harry Potter and the Philosopher's Stone,Norbert,Rubeus Hagrid,"Isn't he beautiful? Oh. Bless him, look. He knows his mummy. Hehe. Hallo, Norbert.",1,14
Harry Potter and the Philosopher's Stone,Norbert,Rubeus Hagrid,"Yeah, well, he's got to have a name, doesn't he?  Don't you, Norbert?  Dededede.",1,14
Harry Potter and the Philosopher's Stone,Norbert,Rubeus Hagrid,"Ohh!  Oooh, ooh, ooh, well...he'll have to be trained up a bit, of course.  Who's that?",1,16
Harry Potter and the Philosopher's Stone,Norbert,Harry Potter,Hagrid always wanted a dragon. He told me so the first time I met him.,1,15
Harry Potter and the Philosopher's Stone,Norbert,Ron Weasley,"It's crazy. And worse, Malfoy knows.",1,6
Harry Potter and the Philosopher's Stone,Norbert,Harry Potter,I don't understand. Is that bad?,1,6
Harry Potter and the Philosopher's Stone,Norbert,Minerva McGonagall,"Nothing, I repeat, nothing gives a student the right to walk about the school at night. Therefore, as punishment for your actions, 50 points will be taken.",1,27
Harry Potter and the Philosopher's Stone,Norbert,Minerva McGonagall,"Each.  And to ensure it doesn't happen again, all four of you will receive detention.",1,15
Harry Potter and the Philosopher's Stone,Norbert,Draco Malfoy,"Excuse me, Professor. Perhaps I heard you wrong. I thought you said...""the four of us.""",1,15
Harry Potter and the Philosopher's Stone,Norbert,Minerva McGonagall,"No, you heard me correctly, Mr. Malfoy. You see, as honorable as your intentions were, you too were out of bed after hours. You will serve detention with your classmates.",1,30
Harry Potter and the Philosopher's Stone,The Forbidden Forest,Argus Filch,"A pity they let the old punishments die. There was a time detention would find you hanging by your thumbs in the dungeons. God, I miss the screaming.  You'll be serving detention with Hagrid tonight. He's got a little job to do inside the dark forest.  A sorry lot this, Hagrid. Oh, good God, man, you're not still on about that bloody dragon, are you?",1,65
Harry Potter and the Philosopher's Stone,The Forbidden Forest,Rubeus Hagrid,Norbert's gone. Dumbledore sent him off to Romania to live in a colony.,1,13
Harry Potter and the Philosopher's Stone,The Forbidden Forest,Hermione Granger,"Well, that's good, isn't it? He'll be with his own kind.",1,11
Harry Potter and the Philosopher's Stone,The Forbidden Forest,Rubeus Hagrid,"Yeah, but what if he don't like Romania?  What if the other dragons are mean to him? He's only a baby, after all.",1,23
Harry Potter and the Philosopher's Stone,The Forbidden Forest,Argus Filch,"Oh, for Gods sake, pull yourself together, man. You're going into the forest, after all. Got to have your wits about you.",1,22
Harry Potter and the Philosopher's Stone,The Forbidden Forest,Draco Malfoy,The forest? I thought that was a joke! We can't go in there. Students aren't allowed. And there are......werewolves!,1,19
Harry Potter and the Philosopher's Stone,The Forbidden Forest,Argus Filch,"There's more than werewolves in those trees, lad. You can be sure of that.  Nighty-night.",1,15
Harry Potter and the Philosopher's Stone,The Forbidden Forest,Rubeus Hagrid,"What we're here for. See that? That's unicorn's blood, that is. I found one dead a few weeks ago. Now, this one's been injured bad by something.  So, it's our job to find the poor beast. Ron, Hermione, you'll come with me.",1,42
Harry Potter and the Philosopher's Stone,The Forbidden Forest,Rubeus Hagrid,"And Harry, you'll go with Malfoy.",1,6
Harry Potter and the Philosopher's Stone,The Forbidden Forest,Draco Malfoy,Okay. Then I get Fang!,1,5
Harry Potter and the Philosopher's Stone,The Forbidden Forest,Rubeus Hagrid,"Fine. Just so you know, he's a bloody coward.",1,9
Harry Potter and the Philosopher's Stone,The Forbidden Forest,Draco Malfoy,You wait till my father hears about this. This is servant's stuff.,1,12
Harry Potter and the Philosopher's Stone,The Forbidden Forest,Harry Potter,"If I didn't know better, Draco, I'd say you were scared.",1,11
Harry Potter and the Philosopher's Stone,The Forbidden Forest,Draco Malfoy,"Scared, Potter?!  Did you hear that? Come on, Fang. Scared.",1,10
Harry Potter and the Philosopher's Stone,The Forbidden Forest,Harry Potter,But what was that thing you saved me from?,1,9
Harry Potter and the Philosopher's Stone,The Forbidden Forest,Harry Potter,But who would choose such a life?,1,7
Harry Potter and the Philosopher's Stone,The Forbidden Forest,Harry Potter,Do you mean to say...that that thing that killed the unicorn...that was drinking its blood...that was Voldemort?,1,17
Harry Potter and the Philosopher's Stone,The Forbidden Forest,Rubeus Hagrid,"Hello there, Firenze. I see you've met our young Mr. Potter. You all right there, Harry?",1,16
Harry Potter and the Philosopher's Stone,Up to Something,Hermione Granger,"You mean You-Know-Who's out there, right now, in the forest?",1,10
Harry Potter and the Philosopher's Stone,Up to Something,Harry Potter,"But he's weak. He's living off the unicorns. Don't you see? We had it wrong! Snape doesn't want the Stone for himself; he wants the Stone for Voldemort. With the Elixir of Life, Voldemort will be strong again. He'll... he'll come back.",1,42
Harry Potter and the Philosopher's Stone,Up to Something,Ron Weasley,"But, if he comes back, you don't think he'll try to... kill you, do you?",1,15
Harry Potter and the Philosopher's Stone,Up to Something,Harry Potter,"I think if he'd had the chance, he might've tried to kill me tonight.",1,14
Harry Potter and the Philosopher's Stone,Up to Something,Ron Weasley,And to think I've been worrying about my Potions final.,1,10
Harry Potter and the Philosopher's Stone,Up to Something,Hermione Granger,"Hang on a minute.  We're forgetting one thing. Who's the one wizard Voldemort always feared? Dumbledore. As long as Dumbledore's around, Harry, you're safe. As long as Dumbledore's around, you can't be touched.",1,33
Harry Potter and the Philosopher's Stone,Through the Trapdoor,Hermione Granger,"I've always heard Hogwarts' end of the year exams were frightful, but I found that rather enjoyable.",1,17
Harry Potter and the Philosopher's Stone,Through the Trapdoor,Ron Weasley,"Speak for yourself. All right there, Harry?",1,7
Harry Potter and the Philosopher's Stone,Through the Trapdoor,Harry Potter,My scar. It keeps burning.,1,5
Harry Potter and the Philosopher's Stone,Through the Trapdoor,Ron Weasley,Perhaps you should see the nurse.,1,6
Harry Potter and the Philosopher's Stone,Through the Trapdoor,Harry Potter,I think it's a warning. It means dangers coming. Uhh!  Oh. Of course!,1,13
Harry Potter and the Philosopher's Stone,Through the Trapdoor,Harry Potter,"Don't you think it's a bit odd that what Hagrid wants more than anything is a dragon, and a stranger shows up and just happens to have one?  I mean, how many people wander around with dragon eggs in their pockets? Why didn't I see it before? Hagrid, who gave you the dragon egg?  What did he look like?",1,59
Harry Potter and the Philosopher's Stone,Through the Trapdoor,Rubeus Hagrid,I don't know. I never saw his face. He kept his hood up.,1,13
Harry Potter and the Philosopher's Stone,Through the Trapdoor,Harry Potter,"The stranger, though, you and he must have talked.",1,9
Harry Potter and the Philosopher's Stone,Through the Trapdoor,Rubeus Hagrid,"Well, he wanted to know what sort of creatures I looked after. I told him. I said, ""After Fluffy, a dragon's gonna be no problem.""",1,25
Harry Potter and the Philosopher's Stone,Through the Trapdoor,Harry Potter,And did he seem interested in Fluffy?,1,7
Harry Potter and the Philosopher's Stone,Through the Trapdoor,Rubeus Hagrid,"Well, of course he was interested in Fluffy! How often do you come across a three headed dog, even if you're in the trade? But I told him. I said, ""The trick with any beast is to know how to calm him. Take Fluffy, for example, just play him a bit of music and he falls straight to sleep.""",1,59
Harry Potter and the Philosopher's Stone,Through the Trapdoor,Rubeus Hagrid,I shouldn't have told you that. Where you going?! Wait!,1,10
Harry Potter and the Philosopher's Stone,Through the Trapdoor,Harry Potter,"We have to see Professor Dumbledore, immediately!",1,7
Harry Potter and the Philosopher's Stone,Through the Trapdoor,Minerva McGonagall,I'm afraid Professor Dumbledore is not here. He received an urgent owl from the Ministry of Magic and left immediately for London.,1,22
Harry Potter and the Philosopher's Stone,Through the Trapdoor,Harry Potter,He's gone?! Now? But this is important! It's about...the Philosopher's Stone.,1,11
Harry Potter and the Philosopher's Stone,Through the Trapdoor,Minerva McGonagall,How do you know ?,1,5
Harry Potter and the Philosopher's Stone,Through the Trapdoor,Harry Potter,Someone's going to try and steal it.,1,7
Harry Potter and the Philosopher's Stone,Through the Trapdoor,Minerva McGonagall,"I don't know how you three found out about the stone, but I can assure you it is perfectly well-protected. Now would you go back to your dormitories? Quietly.",1,29
Harry Potter and the Philosopher's Stone,Through the Trapdoor,Harry Potter,"That was no stranger Hagrid met in the village. It was Snape, which means he knows how to get past Fluffy.",1,21
Harry Potter and the Philosopher's Stone,Through the Trapdoor,Severus Snape,"Good afternoon. Now, what would three young Gryffindors such as yourselves be doing inside on a day like this?",1,19
Harry Potter and the Philosopher's Stone,Through the Trapdoor,Severus Snape,You want to be careful. People will think you're  up to something.,1,12
Harry Potter and the Philosopher's Stone,Through the Trapdoor,Hermione Granger,Now what do we do?,1,5
Harry Potter and the Philosopher's Stone,Through the Trapdoor,Harry Potter,We go down the trapdoor. Tonight.,1,6
Harry Potter and the Philosopher's Stone,Through the Trapdoor,Ron Weasley,"Trevor shh! Go, you shouldn't be here!",1,7
Harry Potter and the Philosopher's Stone,Through the Trapdoor,Neville Longbottom,"Neither should you. You're sneaking out again, arent you?",1,9
Harry Potter and the Philosopher's Stone,Through the Trapdoor,Harry Potter,"Now, Neville, listen. We were",1,5
Harry Potter and the Philosopher's Stone,Through the Trapdoor,Neville Longbottom,No! I won't let you!  You'll get Gryffindor in trouble again! I-I'll fight you.,1,14
Harry Potter and the Philosopher's Stone,Through the Trapdoor,Hermione Granger,"Neville, I'm really, really sorry about this... Petrificus Totalus.",1,9
Harry Potter and the Philosopher's Stone,Through the Trapdoor,Ron Weasley,"You're a little scary sometimes...you know that? Brilliant, but scary.",1,10
Harry Potter and the Philosopher's Stone,Through the Trapdoor,Ron Weasley,"It's for your own good, you know.",1,7
Harry Potter and the Philosopher's Stone,Through the Trapdoor,Hermione Granger,Ow! You stood on my foot!,1,6
Harry Potter and the Philosopher's Stone,Through the Trapdoor,Harry Potter,Snape's already been here. He's put a spell on the harp.,1,11
Harry Potter and the Philosopher's Stone,Through the Trapdoor,Ron Weasley,Uh. It's got horrible breath!,1,5
Harry Potter and the Philosopher's Stone,Through the Trapdoor,Harry Potter,We have to move its paw.,1,6
Harry Potter and the Philosopher's Stone,Through the Trapdoor,Harry Potter,"Come on!  Okay. Push!  I'll go first. Don't follow until I give you a sign.  If something bad happens, get yourselves out...Does it seem a bit...quiet?",1,26
Harry Potter and the Philosopher's Stone,Through the Trapdoor,Hermione Granger,The harp. It stopped playing.,1,5
Harry Potter and the Philosopher's Stone,Through the Trapdoor,Ron Weasley,"Ahh!  Whoa. Lucky this plant-thing is here, really.",1,8
Harry Potter and the Philosopher's Stone,Through the Trapdoor,Hermione Granger,"Stop moving, both of you. This is Devil's Snare. You have to relax. If you don't, it will only kill you faster.",1,22
Harry Potter and the Philosopher's Stone,Through the Trapdoor,Ron Weasley,"Kill us faster?! Oh, now I can relax!",1,8
Harry Potter and the Philosopher's Stone,Through the Trapdoor,Ron Weasley,Now what are we gonna do?!,1,6
Harry Potter and the Philosopher's Stone,Through the Trapdoor,Hermione Granger,Do what I say. Trust me.,1,6
Harry Potter and the Philosopher's Stone,Through the Trapdoor,Hermione Granger,"He's not relaxing, is he?",1,5
Harry Potter and the Philosopher's Stone,Through the Trapdoor,Hermione Granger,We've got to do something!,1,5
Harry Potter and the Philosopher's Stone,Through the Trapdoor,Hermione Granger,Uh! I remember reading something in Herbology.,1,7
Harry Potter and the Philosopher's Stone,Through the Trapdoor,Hermione Granger,"Um Devil's Snare, Devil's Scare,  it's deadly fun...but will sulk in the sun! That's it! Devil's Snare hates sunlight!  Lumus Solem!",1,21
Harry Potter and the Philosopher's Stone,Through the Trapdoor,Ron Weasley,Whew. Lucky we didn't panic!,1,5
Harry Potter and the Philosopher's Stone,Through the Trapdoor,Harry Potter,Lucky Hermione pays attention in Herbology.,1,6
Harry Potter and the Philosopher's Stone,Through the Trapdoor,Harry Potter,I don't know. Sounds like wings.,1,6
Harry Potter and the Philosopher's Stone,Through the Trapdoor,Hermione Granger,Curious. I've never seen birds like these.,1,7
Harry Potter and the Philosopher's Stone,Through the Trapdoor,Harry Potter,"They're not birds, they're keys. And I'll bet one of them fits that door.",1,14
Harry Potter and the Philosopher's Stone,Through the Trapdoor,Ron Weasley,"Alohomora!  Well, it was worth a try.",1,7
Harry Potter and the Philosopher's Stone,Through the Trapdoor,Hermione Granger,Ugh! What're we going to do? There must be 1000 keys up there!,1,13
Harry Potter and the Philosopher's Stone,Through the Trapdoor,Ron Weasley,We're looking for a big old fashioned one. Probably rusty like the handle.,1,13
Harry Potter and the Philosopher's Stone,Through the Trapdoor,Harry Potter,There! I see it!  The one with the broken wing!,1,10
Harry Potter and the Philosopher's Stone,Through the Trapdoor,Ron Weasley,"Oh, go on, Harry! If Snape can catch it on that old broomstick, you can! You're the youngest seeker in a century!",1,22
Harry Potter and the Philosopher's Stone,Through the Trapdoor,Ron Weasley,This complicates things a bit!,1,5
Harry Potter and the Philosopher's Stone,Wizard's Chess,Hermione Granger,I don't like this. I don't like this at all.,1,10
Harry Potter and the Philosopher's Stone,Wizard's Chess,Harry Potter,Where are we? A graveyard.,1,5
Harry Potter and the Philosopher's Stone,Wizard's Chess,Ron Weasley,This is no graveyard.  It's a chessboard.,1,7
Harry Potter and the Philosopher's Stone,Wizard's Chess,Hermione Granger,Now what do we do?,1,5
Harry Potter and the Philosopher's Stone,Wizard's Chess,Ron Weasley,"It's obvious, isn't it? We've got to play our way across the room. All right. Harry, you take the Bishop's square. Hermione, you'll be the Queen's side castle. As for me, I'll be a knight.",1,35
Harry Potter and the Philosopher's Stone,Wizard's Chess,Ron Weasley,"Well, white moves first, and then...we play.",1,7
Harry Potter and the Philosopher's Stone,Wizard's Chess,Hermione Granger,"Ron, you don't suppose this is going to be like...real wizard's chess, do you?",1,14
Harry Potter and the Philosopher's Stone,Wizard's Chess,Ron Weasley,"You there! D-5!  Yes, Hermione, I think this is going to be exactly like wizard's chess!",1,16
Harry Potter and the Philosopher's Stone,Sacrifice Play,Ron Weasley,"Castle to E-4! Smash! Ron: Pawn to C-3! Smash! Boom! The Queen turns, and smashes a piece! Harry, Ron and Hermione wince. The Queen turns again. Both Ron and Harry study the game.",1,33
Harry Potter and the Philosopher's Stone,Sacrifice Play,Ron Weasley,"You understand right, Harry. Once I make my move, the Queen will take me...then you'll be free to check the King.",1,21
Harry Potter and the Philosopher's Stone,Sacrifice Play,Harry Potter,He's going to sacrifice himself!,1,5
Harry Potter and the Philosopher's Stone,Sacrifice Play,Hermione Granger,"No, Ron, you can't!  There must be another way!",1,9
Harry Potter and the Philosopher's Stone,Sacrifice Play,Ron Weasley,"Do you want to stop Snape or not? Harry, it's you that has to go on. I know it. Not me, not Hermione, you.  Knight...to H-3.",1,26
Harry Potter and the Philosopher's Stone,Sacrifice Play,Harry Potter,"RON!  NO! Don't move! Dont forget, we're still playing.  Checkmate.  Take care of Ron. Then, go to the owlery. Send a message to Dumbledore. Ron's right...I have to go on.",1,30
Harry Potter and the Philosopher's Stone,Sacrifice Play,Hermione Granger,"You'll be okay, Harry. You're a great wizard, you really are.",1,11
Harry Potter and the Philosopher's Stone,Sacrifice Play,Harry Potter,Not as good as you.,1,5
Harry Potter and the Philosopher's Stone,Sacrifice Play,Hermione Granger,"Me? Books and cleverness? There are more important things. Friendship, and bravery. And Harry, just be careful.",1,17
Harry Potter and the Philosopher's Stone,Man With Two Faces,Harry Potter,"You?  No. I-it can’t be. Snape, h-he was the one—-",1,10
Harry Potter and the Philosopher's Stone,Man With Two Faces,Quirinus Quirrell,"Yes. He does seem the type, doesn’t he? Next to him, who would suspect p-p-p-poor st-stuttering Professor Quirrell?",1,18
Harry Potter and the Philosopher's Stone,Man With Two Faces,Harry Potter,"But-but that day, during the Quidditch match, Snape tried to kill me.",1,12
Harry Potter and the Philosopher's Stone,Man With Two Faces,Quirinus Quirrell,"No, dear boy. I tried to kill you.  And trust me, if Snape’s cloak hadn’t caught fire and broken my eye contact, I would have succeeded, even with Snape muttering his little countercurse.",1,33
Harry Potter and the Philosopher's Stone,Man With Two Faces,Harry Potter,Snape was trying to save me?,1,6
Harry Potter and the Philosopher's Stone,Man With Two Faces,Quirinus Quirrell,I knew you were a danger to me right from the off. Especially after Halloween.,1,15
Harry Potter and the Philosopher's Stone,Man With Two Faces,Harry Potter,Then-then you let the troll in.,1,6
Harry Potter and the Philosopher's Stone,Man With Two Faces,Quirinus Quirrell,"Very good, Potter, yes. Snape, unfortunately, wasn’t fooled. While everyone else was running about the dungeon, he went to the third floor to head me off. He, of course, never trusted me again.  He rarely left me alone. But he doesn’t understand. I’m never alone, never.  Now, what does this mirror do? I see what I desire. I see myself holding the stone. But how do I get it?",1,69
Harry Potter and the Philosopher's Stone,Man With Two Faces,Quirinus Quirrell,"Come here, Potter. Now!  Tell me... what do you see?  What is it?  What do you see?",1,17
Harry Potter and the Philosopher's Stone,Man With Two Faces,Harry Potter,I-I’m shaking hands with Dumbledore. I’ve won the House Cup.,1,10
Harry Potter and the Philosopher's Stone,Man With Two Faces,Quirinus Quirrell,Tell the truth! What do you see?!,1,7
Harry Potter and the Philosopher's Stone,Man With Two Faces,Voldemort,Let me speak to him.,1,5
Harry Potter and the Philosopher's Stone,Man With Two Faces,Quirinus Quirrell,"Master, you are not strong enough.",1,6
Harry Potter and the Philosopher's Stone,Man With Two Faces,Voldemort,I have strength enough for this.,1,6
Harry Potter and the Philosopher's Stone,Man With Two Faces,Voldemort,"Harry Potter, we meet again.",1,5
Harry Potter and the Philosopher's Stone,Man With Two Faces,Voldemort,"Yes. You see what I’ve become? See what I must do to survive? Live off another, a mere parasite. Unicorn blood can sustain me, but it cannot give me a body of my own. But there is something that can, something that, conveniently enough, lies in your pocket.",1,48
Harry Potter and the Philosopher's Stone,Magic Touch,Voldemort,Stop him.  Don't be a fool! Why suffer a horrific death when you can join me and live?!,1,18
Harry Potter and the Philosopher's Stone,Magic Touch,Voldemort,"Haha. Bravery. Your parents had it too. Tell me, Harry, would you like to see your mother and father again? Together, we can bring them back.  All I ask for is something in return.  That's it, Harry. There is no good and evil. There is only power, and those too weak to seek it. Together, we'll do extraordinary things. Just give me the stone!",1,64
Harry Potter and the Philosopher's Stone,Magic Touch,Quirinus Quirrell,Ahh! Ahh!  What is this magic?,1,6
Harry Potter and the Philosopher's Stone,Mark of Love,Albus Dumbledore,"Good afternoon, Harry. Ah. Tokens from your admirers?",1,8
Harry Potter and the Philosopher's Stone,Mark of Love,Albus Dumbledore,"What happened down in the dungeons between you and Professor Quirrell is a complete secret, so, naturally, the whole school knows.  Ah, I see your friend Ronald has saved you the trouble of opening your Chocolate Frogs.",1,37
Harry Potter and the Philosopher's Stone,Mark of Love,Harry Potter,Ron was here? Is he all right? What about Hermione?,1,10
Harry Potter and the Philosopher's Stone,Mark of Love,Albus Dumbledore,Fine. They're both just fine.,1,5
Harry Potter and the Philosopher's Stone,Mark of Love,Harry Potter,"But, what happened to the Stone?",1,6
Harry Potter and the Philosopher's Stone,Mark of Love,Albus Dumbledore,"Relax, dear boy. The stone has been destroyed. My friend Nicholas and I had a little chat and agreed it was best all around.",1,24
Harry Potter and the Philosopher's Stone,Mark of Love,Harry Potter,"But Flamel, he'll die, won't he?",1,6
Harry Potter and the Philosopher's Stone,Mark of Love,Albus Dumbledore,"He has enough Elixir to set his affairs in order. But yes, he will die.",1,15
Harry Potter and the Philosopher's Stone,Mark of Love,Harry Potter,"How is it I got the Stone, sir? One minute I was staring in the mirror, and the next...",1,19
Harry Potter and the Philosopher's Stone,Mark of Love,Albus Dumbledore,"Ah. You see, only a person who wanted to find the Stone, find it, but not use it, would be able to get it. That is one of my more brilliant ideas. And between you and me that's saying something.",1,40
Harry Potter and the Philosopher's Stone,Mark of Love,Harry Potter,"Does that mean, with the Stone gone, I mean, that Voldemort can never come back?",1,15
Harry Potter and the Philosopher's Stone,Mark of Love,Albus Dumbledore,"Ah, I'm afraid there are ways in which he can return. Harry, do you know why Professor Quirrell couldn't bear to have you touch him?  It was because of your mother. She sacrificed herself for you, and that kind of act leaves a mark.  No, no, this kind of mark cannot be seen. It lives in your very skin.",1,59
Harry Potter and the Philosopher's Stone,Mark of Love,Albus Dumbledore,"Love, Harry, love.  Ah. Bertie Bott's Every Flavor Beans. I was most unfortunate in my youth to come across a vomit flavored one, and since then I have lost my liking for them. But I think I could be safe with a nice toffee... Mm. Alas. Earwax.",1,47
Harry Potter and the Philosopher's Stone,House Cup Winner,Albus Dumbledore,"Another year, gone! And now, as I understand it, the house cup needs awarded and the points stand thus. In fourth place: Gryffindor, with 312 points!  In third place: Hufflepuff, with 352 points!  Second: Ravenclaw, with 426 points!  And in first place, with 472 points: Slytherin house!  Yes, well done Slytherin, well done Slytherin. However, recent events must be taken into account and I have a few last minute points to award.  First, to Miss Hermione Granger, for the cool use of intellect while others were in grave peril: fifty points!  Second, to Mr Ronald Weasley, for the best played game of chess that Hogwarts has seen these many years: fifty points!  And third, to mister Harry Potter, for pure love and outstanding courage, I award Gryffindor house: sixty points!",1,130
Harry Potter and the Philosopher's Stone,House Cup Winner,Albus Dumbledore,"And finally: it takes a great deal of bravery to stand up to your enemies, but a great deal more to stand up to your friends. I award ten points to Neville Longbottom!  Assuming that my calculations are correct, I believe that a change of decoration is in order!  Gryffindor wins the House Cup!",1,54
Harry Potter and the Philosopher's Stone,Not Really Going Home,Rubeus Hagrid,"Come on now, hurry up. You'll be late. Train's leaving. Go on. Go on. Come on. Hurry up.",1,18
Harry Potter and the Philosopher's Stone,Not Really Going Home,Rubeus Hagrid,"Thought you were leaving without saying good-bye, didja?  This is for you.",1,12
Harry Potter and the Philosopher's Stone,Not Really Going Home,Rubeus Hagrid,"Oh. Go on...on with you.  Oh, listen, Harry, if that dolt of a cousin of yours, Dudley, gives you any grief, you could always, um, threaten him with a nice pair of ears to go with that tail of his.",1,40
Harry Potter and the Philosopher's Stone,Not Really Going Home,Harry Potter,"But Hagrid, we're not allowed to do magic away from Hogwarts. You know that.",1,14
Harry Potter and the Philosopher's Stone,Not Really Going Home,Rubeus Hagrid,"I do. But your cousin don't, do he? Eh?  Off you go.",1,12
Harry Potter and the Philosopher's Stone,Not Really Going Home,Hermione Granger,"Feels strange to be going home, doesn't it?",1,8
Harry Potter and the Philosopher's Stone,Not Really Going Home,Harry Potter,I'm not going home. Not really.,1,6
Harry Potter and the Chamber of Secrets,In a cage,Harry Potter,"I can't let you out, Hedwig. I'm not allowed to use magic outside of school. Besides, if Uncle Vernon…",2,19
Harry Potter and the Chamber of Secrets,In a cage,Vernon Dursley,"I'm warning you, if you can't control that bloody bird it'll have to go.",2,14
Harry Potter and the Chamber of Secrets,In a cage,Harry Potter,But she's bored! If I could only let outonly let out for an hour or two.,2,16
Harry Potter and the Chamber of Secrets,In a cage,Vernon Dursley,"Huh, huh! So you could send secret messages to you freaky little friends. No, sir!",2,15
Harry Potter and the Chamber of Secrets,In a cage,Harry Potter,But I haven't had any messages from any of my friends… not one… all summer.,2,15
Harry Potter and the Chamber of Secrets,In a cage,Dudley Dursley,Who'd want to be friends with you?,2,7
Harry Potter and the Chamber of Secrets,In a cage,Vernon Dursley,"I should think you'd be a little more grateful. We've raised you since you were a baby, given you the food off our table, even let you have Dudley's second bedroom, purely out of the goodness of our hearts.",2,39
Harry Potter and the Chamber of Secrets,In a cage,Petunia Dursley,"Not now, Bopkins. For when the Masons arrive.",2,8
Harry Potter and the Chamber of Secrets,In a cage,Vernon Dursley,"Which should be any minute! Ahem…Now let's go over our schedule once again, shall we? Petunia when the Masons arrive you will be…?",2,23
Harry Potter and the Chamber of Secrets,In a cage,Petunia Dursley,"…in the lounge, waiting to welcome them graciously into our home.",2,11
Harry Potter and the Chamber of Secrets,In a cage,Vernon Dursley,"Good! And- and Dudley, you will be…?",2,7
Harry Potter and the Chamber of Secrets,In a cage,Dudley Dursley,I'll be waiting to open the door!,2,7
Harry Potter and the Chamber of Secrets,In a cage,Harry Potter,"I'll be in my bedroom, making no noise and pretending that I don't exist.",2,14
Harry Potter and the Chamber of Secrets,In a cage,Vernon Dursley,"Too right, you will. With any luck, this could well be the day I make the biggest deal of my career. And you will not mess it up!",2,28
Harry Potter and the Chamber of Secrets,Dobby's warning,Vernon Dursley,Mr. and Mrs. Mason! Do come in!,2,7
Harry Potter and the Chamber of Secrets,Dobby's warning,Dobby,"Ha- ha- ha! Ha, ha! Ho, ho, ho! Ha, ha! Harry Potter! Such an honor it is!",2,17
Harry Potter and the Chamber of Secrets,Dobby's warning,Dobby,"Dobby sir, Dobby the house elf.",2,6
Harry Potter and the Chamber of Secrets,Dobby's warning,Harry Potter,"Not to be to be rude or anything, but this isn't a great time for me to have a house elf in my bedroom.",2,24
Harry Potter and the Chamber of Secrets,Dobby's warning,Dobby,"Oh, oh yes, sir! Dobby understands! It's just that, Dobby has come to tell you- it is difficult, sir- Dobby wonders where to begin?",2,24
Harry Potter and the Chamber of Secrets,Dobby's warning,Harry Potter,Why don't you sit down?,2,5
Harry Potter and the Chamber of Secrets,Dobby's warning,Dobby,"S-sit down? S-sit- sit down? Oh, oh, ho. Oh, ho, ho… Oh, ho, ho. Ohh, ho, hoo…",2,17
Harry Potter and the Chamber of Secrets,Dobby's warning,Harry Potter,"Dobby, ssh! I'm sorry! I didn't mean to offend you, or anything.",2,12
Harry Potter and the Chamber of Secrets,Dobby's warning,Dobby,"Offend Dobby? Dobby has heard of your greatness, sir, but never has he been asked to sit down by a wizard, like an equal.",2,24
Harry Potter and the Chamber of Secrets,Dobby's warning,Harry Potter,You can't have met many decent wizards then.,2,8
Harry Potter and the Chamber of Secrets,Dobby's warning,Dobby,"No, I haven't. That was an awful thing to say. Bad Dobby!",2,12
Harry Potter and the Chamber of Secrets,Dobby's warning,Vernon Dursley,"Ohh, don't mind that! It's just the cat.",2,8
Harry Potter and the Chamber of Secrets,Dobby's warning,Harry Potter,"Stop! Stop, Dobby. Please be quiet! Are you all right?",2,10
Harry Potter and the Chamber of Secrets,Dobby's warning,Dobby,"Dobby had to punish himself, sir. Dobby almost spoke ill of his family, sir.",2,14
Harry Potter and the Chamber of Secrets,Dobby's warning,Dobby,"The wizard family Dobby serves, sir. Dobby is bound to serve one family forever. If they ever knew Dobby was here…ooh… But Dobby had to come. Dobby has to protect Harry Potter- to warn him. Harry Potter must not go back to Hogwarts School of Witchcraft and Wizardry this year! There is a plot, a plot to make most terrible things happen.",2,62
Harry Potter and the Chamber of Secrets,Dobby's warning,Harry Potter,What terrible things? Who's plotting them?,2,6
Harry Potter and the Chamber of Secrets,Dobby's warning,Dobby,Ooo… er… can't… say… argh...,2,5
Harry Potter and the Chamber of Secrets,Dobby's warning,Harry Potter,Ok– I- understand. You can't- say.,2,6
Harry Potter and the Chamber of Secrets,Dobby's warning,Dobby,"Don't make me talk, I— Errr…",2,6
Harry Potter and the Chamber of Secrets,Dobby's warning,Harry Potter,"Dobby! Dobby, put the lamp down.",2,6
Harry Potter and the Chamber of Secrets,Dobby's warning,Vernon Dursley,So when they arrive at the ninth hole…,2,8
Harry Potter and the Chamber of Secrets,Dobby's warning,Harry Potter,Give me the lamp! Dobby stop!,2,6
Harry Potter and the Chamber of Secrets,Dobby's warning,Harry Potter,"Get in there, and keep quiet!",2,6
Harry Potter and the Chamber of Secrets,Dobby's warning,Vernon Dursley,What the devil are you doing up here?,2,8
Harry Potter and the Chamber of Secrets,Dobby's warning,Vernon Dursley,You just ruined the punch line of my Japanese golfer joke!,2,11
Harry Potter and the Chamber of Secrets,Dobby's warning,Vernon Dursley,"One more sound, and you'll wish you'd never been born, boy! And fix that door!",2,15
Harry Potter and the Chamber of Secrets,Dobby's warning,Harry Potter,"Yes, sir… See why I've got to go back? I don't belong here. I belong in your world, at Hogwarts. It's the only place I've got friends!",2,27
Harry Potter and the Chamber of Secrets,Dobby's warning,Dobby,Friends who don't even write to Harry Potter?,2,8
Harry Potter and the Chamber of Secrets,Dobby's warning,Harry Potter,"Well, I expect they've… been- hang on- how do you know my friends haven't been writing to me?",2,18
Harry Potter and the Chamber of Secrets,Dobby's warning,Dobby,"Harry Potter mustn't be angry with Dobby. Heh- Dobby hoped, if Harry Potter thought his friends had forgotten him, Harry Potter might not want to go back to school, sir.",2,30
Harry Potter and the Chamber of Secrets,Dobby's warning,Dobby,Harry Potter must say he's not going back to school!,2,10
Harry Potter and the Chamber of Secrets,Dobby's warning,Harry Potter,I can't. Hogwarts is my home!,2,6
Harry Potter and the Chamber of Secrets,Dobby's warning,Dobby,"Then, Dobby must do it, sir, for Harry Potter's own good.",2,11
Harry Potter and the Chamber of Secrets,Dobby's warning,Vernon Dursley,"…it spread as far as the eye could see, all over the floor of this vast building, and it was this deep. And one plumber said “Look at all that water.” A-and the second plumber said, “Yes, and that's just the top of it!”",2,44
Harry Potter and the Chamber of Secrets,Dobby's warning,Vernon Dursley,I'm so sorry! It's my nephew- he's very disturbed. Meeting strangers upsets him. That's why I kept him upstairs!,2,19
Harry Potter and the Chamber of Secrets,Car rescue,Vernon Dursley,You're never going back to that school. You're never going to see those freaky friends of yours again. Never!,2,19
Harry Potter and the Chamber of Secrets,Car rescue,Harry Potter,Ron! Fred. George. What are you all doing here?,2,9
Harry Potter and the Chamber of Secrets,Car rescue,Ron Weasley,"Rescuing you, of course. Now, come on. Get your trunk!…",2,10
Harry Potter and the Chamber of Secrets,Car rescue,Ron Weasley,You'd better stand back. Let's go!,2,6
Harry Potter and the Chamber of Secrets,Car rescue,Vernon Dursley,"Now, what the hell's he doing? Potter!",2,7
Harry Potter and the Chamber of Secrets,Car rescue,Ron Weasley,"Come on, Harry! Hurry up!",2,5
Harry Potter and the Chamber of Secrets,Car rescue,Vernon Dursley,"Oh no, boy! You and that bloody pigeon aren't going anywhere!",2,11
Harry Potter and the Chamber of Secrets,Car rescue,Vernon Dursley,No! No! No! No! Aaaah!,2,5
Harry Potter and the Chamber of Secrets,The Burrow,Fred Weasley,"Come on. Okay, come on. Shh! Shh! Ok, come on. Shh! Come on.",2,13
Harry Potter and the Chamber of Secrets,The Burrow,Ron Weasley,Do you think it'd be all right if we had some of this?,2,13
Harry Potter and the Chamber of Secrets,The Burrow,George Weasley,"Yeah, Mum would never know.",2,5
Harry Potter and the Chamber of Secrets,The Burrow,Ron Weasley,"It's not much, but it's home.",2,6
Harry Potter and the Chamber of Secrets,The Burrow,Molly Weasley,"Where have you been? Harry, how wonderful to see you dear. Beds empty! No note! Car gone! You could have died! You could have been seen! Of course, I don't blame you, Harry dear.",2,34
Harry Potter and the Chamber of Secrets,The Burrow,Ron Weasley,"They were starving him, Mum. There were bars on his window!",2,11
Harry Potter and the Chamber of Secrets,The Burrow,Molly Weasley,"Well, you'd best hope that I don't put bars on your window, Ronald Weasley! Come on Harry, time for a spot of breakfast. Here we are Harry. Now tuck in! That's it. There we go.",2,35
Harry Potter and the Chamber of Secrets,The Burrow,Ginny Weasley,"Mum- Mummy, have you seen my jumper?",2,7
Harry Potter and the Chamber of Secrets,The Burrow,Molly Weasley,Yes dear. It was on the cat.,2,7
Harry Potter and the Chamber of Secrets,The Burrow,Harry Potter,Hello. W-what did I do?,2,5
Harry Potter and the Chamber of Secrets,The Burrow,Ron Weasley,Ginny. She's been talking about you all summer. A bit annoying really.,2,12
Harry Potter and the Chamber of Secrets,The Burrow,Arthur Weasley,What a night. Nine raids. Nine!,2,6
Harry Potter and the Chamber of Secrets,The Burrow,Ron Weasley,"Dad works in the Ministry of Magic, in the Misuse of Muggle Artifacts Office. Dad loves Muggles, thinks they're fascinating.",2,20
Harry Potter and the Chamber of Secrets,The Burrow,Arthur Weasley,Well now. Aah! And who are you?,2,7
Harry Potter and the Chamber of Secrets,The Burrow,Harry Potter,"Oh, sorry sir. I'm Harry, sir, Harry Potter.",2,8
Harry Potter and the Chamber of Secrets,The Burrow,Arthur Weasley,"Good Lord! Are you really? Well, Ron's told us all about you, of course. When did he get here?",2,19
Harry Potter and the Chamber of Secrets,The Burrow,Molly Weasley,This morning. Your sons flew that enchanted car of yours to Surrey and back last night.,2,16
Harry Potter and the Chamber of Secrets,The Burrow,Arthur Weasley,Did you really? How'd it go? Did you—,2,8
Harry Potter and the Chamber of Secrets,The Burrow,Arthur Weasley,"I mean…that was very wrong, indeed, boys. Very wrong of you. Now, Harry, you must know all about Muggles. Tell me, what exactly is the function of a rubber duck?",2,30
Harry Potter and the Chamber of Secrets,The Burrow,Molly Weasley,"Well, that'll be Errol with the post. Oh, fetch it will you Percy, please?",2,14
Harry Potter and the Chamber of Secrets,The Burrow,Percy Weasley,"Oh look, it's our Hogwarts letters. And they've sent us Harry's as well.",2,13
Harry Potter and the Chamber of Secrets,The Burrow,Arthur Weasley,"Dumbledore must know you're here, Harry. Doesn't miss a trick, that man.",2,12
Harry Potter and the Chamber of Secrets,The Burrow,Fred Weasley,"This lot won't come cheap, Mum. The spell books alone are very expensive.",2,13
Harry Potter and the Chamber of Secrets,The Burrow,Molly Weasley,We'll manage. There's only one place we're going to get all of this. Diagon Alley.,2,15
Harry Potter and the Chamber of Secrets,To Diagon Alley,Molly Weasley,"Right. Here we are Harry, you go first dear.",2,9
Harry Potter and the Chamber of Secrets,To Diagon Alley,Ron Weasley,"But Harry's never traveled by Floo powder before, Mum.",2,9
Harry Potter and the Chamber of Secrets,To Diagon Alley,Molly Weasley,"Oh, well you go first Ron, so that Harry can see how it's done. Yes. In you go… That's it.",2,20
Harry Potter and the Chamber of Secrets,To Diagon Alley,Molly Weasley,"You see? It's quite easy, dear. Don't be afraid. Come on. Come on. In you go. That's it, mind your head. That's right. Now take your Floo powder. That's it, very good. Now, don't forget to speak very, very clearly.",2,40
Harry Potter and the Chamber of Secrets,To Diagon Alley,Molly Weasley,"What did he say, dear?",2,5
Harry Potter and the Chamber of Secrets,To Diagon Alley,Harry Potter,"I'm fine, thank you. I- I was just…",2,8
Harry Potter and the Chamber of Secrets,To Diagon Alley,Rubeus Hagrid,What do you think you're doing down 'ere? Come on!,2,10
Harry Potter and the Chamber of Secrets,To Diagon Alley,Rubeus Hagrid,"Yer a mess, Harry. Skulkin' 'round Knockturn Alley? Dodgy place! Don' want no one ter see you there. People'll think you were up to no good.",2,26
Harry Potter and the Chamber of Secrets,To Diagon Alley,Harry Potter,"I was lost, I— hang on. What were you doing down there, then?",2,13
Harry Potter and the Chamber of Secrets,To Diagon Alley,Rubeus Hagrid,"Me? Oh, I was… um… I was lookin' for Flesh-Eatin' Slug Repellent. They're ruinin' all the school cabbages.",2,18
Harry Potter and the Chamber of Secrets,To Diagon Alley,Hermione Granger,"Oh, it's so good to see you!",2,7
Harry Potter and the Chamber of Secrets,To Diagon Alley,Harry Potter,"Well, it's great to see you, too!",2,7
Harry Potter and the Chamber of Secrets,To Diagon Alley,Hermione Granger,What did you do to your glasses? Oculus reparo.,2,9
Harry Potter and the Chamber of Secrets,To Diagon Alley,Harry Potter,I definitely need to remember that one.,2,7
Harry Potter and the Chamber of Secrets,To Diagon Alley,Rubeus Hagrid,"You'll be all right now then, Harry? Right. I'll leave you to it, then.",2,14
Harry Potter and the Chamber of Secrets,To Diagon Alley,Hermione Granger,Come on! Everyone's been so worried.,2,6
Harry Potter and the Chamber of Secrets,Flourish and Blotts,Molly Weasley,"Oh, Harry! Thank goodness! We'd hoped you'd only gone one grate too far…",2,13
Harry Potter and the Chamber of Secrets,Flourish and Blotts,Gilderoy Lockhart,It can't be- Harry Potter?,2,5
Harry Potter and the Chamber of Secrets,Flourish and Blotts,Gilderoy Lockhart,"Nice big smile, Harry. Together you and I rate the front page! Ladies and gentlemen, what an extraordinary moment this is. When young Harry stepped into Flourish and Blotts this morning to purchase my autobiography, Magical Me,… which, incidentally is currently celebrating its 27th week atop the Daily Prophet bestseller list, he had no idea that he would, in fact, be leaving… with my entire collected works, free of charge. Now, ladies?",2,72
Harry Potter and the Chamber of Secrets,Flourish and Blotts,Molly Weasley,"Harry, now you give me those, and I'll get them signed. All of you wait outside. That's it, Ron.",2,19
Harry Potter and the Chamber of Secrets,Flourish and Blotts,Draco Malfoy,"I'll bet you loved that, didn't you, Potter? Famous Harry Potter! Can't even go into a bookshop without making the front page.",2,22
Harry Potter and the Chamber of Secrets,Flourish and Blotts,Draco Malfoy,"Oh look, Potter. You've got yourself a girlfriend.",2,8
Harry Potter and the Chamber of Secrets,Flourish and Blotts,Lucius Malfoy,"Now, now Draco, play nicely. Mr. Potter… Lucius Malfoy. We meet at last. Forgive me, your scar is legend, as, of course, is the wizard who gave it to you.",2,30
Harry Potter and the Chamber of Secrets,Flourish and Blotts,Harry Potter,Voldemort killed my parents. He was nothing more than a murderer.,2,11
Harry Potter and the Chamber of Secrets,Flourish and Blotts,Lucius Malfoy,"Hmm. You must be very brave, to mention his name…or very foolish.",2,12
Harry Potter and the Chamber of Secrets,Flourish and Blotts,Hermione Granger,Fear of a name only increase fear of the thing itself.,2,11
Harry Potter and the Chamber of Secrets,Flourish and Blotts,Lucius Malfoy,"And you must be… Miss Granger. Yes, Draco's told me all about you, and your parents. Muggles, aren't they? Let me see…red hair… vacant expressions… tatty second hand book. You must be the Weasleys.",2,34
Harry Potter and the Chamber of Secrets,Flourish and Blotts,Arthur Weasley,"Children, it's mad in here! Let's go outside.",2,8
Harry Potter and the Chamber of Secrets,Flourish and Blotts,Lucius Malfoy,"Well, well, well. Weasley senior.",2,5
Harry Potter and the Chamber of Secrets,Flourish and Blotts,Lucius Malfoy,"Busy time at the Ministry, Arthur, all those extra raids? I do hope they're paying you overtime, but judging by the state of this, I'd say not. What's the use in being a disgrace to the name of wizard if they don't even pay you well for it.",2,48
Harry Potter and the Chamber of Secrets,Flourish and Blotts,Arthur Weasley,"We have a very different idea about what disgraces the name of wizard, Malfoy.",2,14
Harry Potter and the Chamber of Secrets,Flourish and Blotts,Lucius Malfoy,Clearly. Associating with Muggles… and I thought your family could sink no lower. I'll see you at work.,2,18
Harry Potter and the Chamber of Secrets,Flying to Hogwarts,Arthur Weasley,10:58! Come on! Come on!,2,5
Harry Potter and the Chamber of Secrets,Flying to Hogwarts,Molly Weasley,The train will be leaving any moment!,2,7
Harry Potter and the Chamber of Secrets,Flying to Hogwarts,Arthur Weasley,"Fred, George, Percy you first!",2,5
Harry Potter and the Chamber of Secrets,Flying to Hogwarts,Molly Weasley,"Come on, Ginny, we'll get you a seat. Hurry!",2,9
Harry Potter and the Chamber of Secrets,Flying to Hogwarts,Harry Potter,Sorry. Lost- lost control of the trolley. Why can't we get through?,2,12
Harry Potter and the Chamber of Secrets,Flying to Hogwarts,Ron Weasley,I don't know. The gateway's sealed its self for some reason.,2,11
Harry Potter and the Chamber of Secrets,Flying to Hogwarts,Harry Potter,The train leaves at exactly eleven o'clock. We've missed it!,2,10
Harry Potter and the Chamber of Secrets,Flying to Hogwarts,Ron Weasley,"Harry, if we can't get through, maybe Mum and Dad can't get back!",2,13
Harry Potter and the Chamber of Secrets,Flying to Hogwarts,Harry Potter,Maybe we should just go and wait by the car.,2,10
Harry Potter and the Chamber of Secrets,Flying to Hogwarts,Harry Potter,"Ron, I should tell you, most Muggles aren't accustomed to seeing a flying car.",2,14
Harry Potter and the Chamber of Secrets,Flying to Hogwarts,Ron Weasley,Oh no! The Invisibility Booster must be faulty!,2,8
Harry Potter and the Chamber of Secrets,Flying to Hogwarts,Harry Potter,"Well come on, then. Let's go lower. We need to find the train.",2,13
Harry Potter and the Chamber of Secrets,Flying to Hogwarts,Harry Potter,Now all we need to do is catch up with the train.,2,12
Harry Potter and the Chamber of Secrets,Flying to Hogwarts,Ron Weasley,We can't be far behind.,2,5
Harry Potter and the Chamber of Secrets,Flying to Hogwarts,Ron Weasley,We must be gettin' close.,2,5
Harry Potter and the Chamber of Secrets,Flying to Hogwarts,Ron Weasley,Harry! Hold on! Take my hand! Hold on!,2,8
Harry Potter and the Chamber of Secrets,Flying to Hogwarts,Harry Potter,I'm trying. Your hand's all sweaty.,2,6
Harry Potter and the Chamber of Secrets,Flying to Hogwarts,Harry Potter,I think we found the train.,2,6
Harry Potter and the Chamber of Secrets,Whomping Willow,Harry Potter,Up! Up! Ron! Mind that tree!,2,6
Harry Potter and the Chamber of Secrets,Whomping Willow,Ron Weasley,Stop! Stop! Stop! Huh… Aahh!,2,5
Harry Potter and the Chamber of Secrets,Whomping Willow,Ron Weasley,Ahh-ha-ha! My wand! Look at my wand!,2,7
Harry Potter and the Chamber of Secrets,Whomping Willow,Harry Potter,Be thankful it's not your neck.,2,6
Harry Potter and the Chamber of Secrets,Whomping Willow,Ron Weasley,"Scabbers, you OK? The car! …Dad's gonna kill me.",2,9
Harry Potter and the Chamber of Secrets,Not expelled…today,Harry Potter,"See you, Hedwig. So, a house elf shows up in my bedroom, we can't get through the barrier to platform nine and three-quarters, we almost get killed by a tree… clearly someone doesn't want me here this year.",2,38
Harry Potter and the Chamber of Secrets,Not expelled…today,Argus Filch,"Well, take a good look lads. This night might well be the last you spend in this castle. Hm. Oh, dear, we are in trouble.",2,25
Harry Potter and the Chamber of Secrets,Not expelled…today,Severus Snape,You were seen by no less than seven Muggles. Do you have any idea how serious this is? You have risked the exposure of our world. Not to mention the damage you inflicted on a Whomping Willow that's been on these grounds since before you were born.,2,47
Harry Potter and the Chamber of Secrets,Not expelled…today,Ron Weasley,"Honestly, Professor Snape, I think it did more damage to us.",2,11
Harry Potter and the Chamber of Secrets,Not expelled…today,Severus Snape,"Silence! I assure you, that were you in Slytherin, and your fate rested with me, the both of you would be on the train home- tonight. As it is…",2,29
Harry Potter and the Chamber of Secrets,Not expelled…today,Severus Snape,"Headmaster, these boys have flouted the Decree for the Restriction of Underage Wizardry. As such--",2,15
Harry Potter and the Chamber of Secrets,Not expelled…today,Albus Dumbledore,"I am well aware of our bylaws, Severus, having written quite a few of them myself. However, as head of Gryffindor house, it is for Professor McGonagall to determine the appropriate action.",2,32
Harry Potter and the Chamber of Secrets,Not expelled…today,Ron Weasley,"We'll go and get our stuff, then.",2,7
Harry Potter and the Chamber of Secrets,Not expelled…today,Minerva McGonagall,"What are you talking about, Mr. Weasley?",2,7
Harry Potter and the Chamber of Secrets,Not expelled…today,Ron Weasley,"You're going to expel us, aren't you?",2,7
Harry Potter and the Chamber of Secrets,Not expelled…today,Minerva McGonagall,"Not today, Mr. Weasley. But, I must impress on both of you the seriousness of what you have done. I will be writing to your families tonight, and you will both receive detention.",2,33
Harry Potter and the Chamber of Secrets,Mandrakes - Ron's Howler,Hermione Granger,"Mandrake, or Mandragora, is used to return those who have been Petrified to their original state. It's also quite dangerous. The Mandrake's cry is fatal to anyone who hears it.",2,30
Harry Potter and the Chamber of Secrets,Mandrakes - Ron's Howler,Seamus Finnigan,"No, ma'am, he's just fainted.",2,5
Harry Potter and the Chamber of Secrets,Mandrakes - Ron's Howler,Ron Weasley,"Huhh… Say it, I'm doomed.",2,5
Harry Potter and the Chamber of Secrets,Mandrakes - Ron's Howler,Harry Potter,"Oh- Hi, Colin. Nice to meet you.",2,7
Harry Potter and the Chamber of Secrets,Mandrakes - Ron's Howler,Ron Weasley,"Bloody bird's a menace. Oh, no!",2,6
Harry Potter and the Chamber of Secrets,Mandrakes - Ron's Howler,Seamus Finnigan,"Look, everyone! Weasley's got himself a Howler!",2,7
Harry Potter and the Chamber of Secrets,Mandrakes - Ron's Howler,Neville Longbottom,"Go on, Ron. I ignored one from my gran once. It was horrible.",2,13
Harry Potter and the Chamber of Secrets,Gilderoy Lockhart,Gilderoy Lockhart,"Let me introduce you to your new Defense Against the Dark Arts teacher… me! Gilderoy Lockhart, Order of Merlin, Third Class, Honorary Member of the Dark Force Defense League, and five-times winner of Witch Weekly's Most-Charming-Smile Award- but I don't talk about that. I didn't get rid of the Bandon Banshee by smiling at him. Huh, huh, huh… hee, hee… Now- be warned! It is my job to arm you against the foulest creatures known to wizardkind. You may find yourselves facing your worst fears in this room. Know only that no harm can befall you whilst I am here. I must ask you not to scream. It might… provoke them!",2,111
Harry Potter and the Chamber of Secrets,Gilderoy Lockhart,Seamus Finnigan,"Ha, ha. Ha, ha, ha…",2,5
Harry Potter and the Chamber of Secrets,Gilderoy Lockhart,Gilderoy Lockhart,"Laugh if you will, Mr. Finnigan, but pixies can be devilish tricky little blighters. Let's see what you make of them, ha! Come on now- round them up, round them up, they're only pixies!",2,34
Harry Potter and the Chamber of Secrets,Gilderoy Lockhart,Neville Longbottom,Ah! Aaah! Aaah! Aah- aah!,2,5
Harry Potter and the Chamber of Secrets,Gilderoy Lockhart,Gilderoy Lockhart,I'll ask you three to just nip the rest of them back into their cage!,2,15
Harry Potter and the Chamber of Secrets,Gilderoy Lockhart,Ron Weasley,What do we do now?,2,5
Harry Potter and the Chamber of Secrets,Gilderoy Lockhart,Neville Longbottom,Why is it always me?,2,5
Harry Potter and the Chamber of Secrets,Mudbloods and murmurs,Oliver Wood,"I spent the summer devising a whole new Quidditch program. We are gonna train earlier, harder, and longer. What- I don't believe it! Where do you think you're goin', Flint?",2,30
Harry Potter and the Chamber of Secrets,Mudbloods and murmurs,Oliver Wood,I booked the pitch for Gryffindor today.,2,7
Harry Potter and the Chamber of Secrets,Mudbloods and murmurs,Oliver Wood,"“I, Professor Severus Snape, do hereby give the Slytherin team permission to practice today, owing to the need to train their new Seeker.” You've got a new Seeker. Who?",2,29
Harry Potter and the Chamber of Secrets,Mudbloods and murmurs,Draco Malfoy,That's right. And that's not all that new this year.,2,10
Harry Potter and the Chamber of Secrets,Mudbloods and murmurs,Ron Weasley,Those are Nimbus Two Thousand and Ones! How did you get those?,2,12
Harry Potter and the Chamber of Secrets,Mudbloods and murmurs,Draco Malfoy,"You see Weasley, unlike some, my father can afford the best.",2,11
Harry Potter and the Chamber of Secrets,Mudbloods and murmurs,Hermione Granger,At least no one on the Gryffindor team had to buy their way in. They got it on pure talent.,2,20
Harry Potter and the Chamber of Secrets,Mudbloods and murmurs,Draco Malfoy,"No one asked your opinion, you filthy little Mudblood!",2,9
Harry Potter and the Chamber of Secrets,Mudbloods and murmurs,Ron Weasley,"You'll pay for that one, Malfoy. Eat slugs!",2,8
Harry Potter and the Chamber of Secrets,Mudbloods and murmurs,Hermione Granger,"You okay, Ron? Say something!",2,5
Harry Potter and the Chamber of Secrets,Mudbloods and murmurs,Harry Potter,"No, Colin! Get out of the way! Let's take him to Hagrid's.",2,12
Harry Potter and the Chamber of Secrets,Mudbloods and murmurs,Harry Potter,He'll know what to do.,2,5
Harry Potter and the Chamber of Secrets,Mudbloods and murmurs,Rubeus Hagrid,"Wo, this calls for a specialist's equipment. Nothin' to do but wait'll it stops, I'm afraid.",2,16
Harry Potter and the Chamber of Secrets,Mudbloods and murmurs,Rubeus Hagrid,"Better out than in. Who's Ron tryin' to curse, anyway?",2,10
Harry Potter and the Chamber of Secrets,Mudbloods and murmurs,Harry Potter,"Malfoy. He called Hermione, …um, well, I don't- I don't know exactly what it means.",2,15
Harry Potter and the Chamber of Secrets,Mudbloods and murmurs,Hermione Granger,He called me a Mudblood.,2,5
Harry Potter and the Chamber of Secrets,Mudbloods and murmurs,Hermione Granger,It means “dirty blood.” Mudblood's a really foul name for someone who is Muggle-born. Someone with non-magic parents. Someone like me. It's not a term one usually hears in civilized conversation.,2,31
Harry Potter and the Chamber of Secrets,Mudbloods and murmurs,Rubeus Hagrid,"See, the thing is, Harry, there're some wizards, like the Malfoy family, who think they're better'n everyone else because they're what people call “pure blood.”",2,25
Harry Potter and the Chamber of Secrets,Mudbloods and murmurs,Rubeus Hagrid,"And it's codswallop, to boot. “Dirty blood.” Why, there isn't a wizard alive today that's not half blood or less. More ter the point, they've yet to think of a spell that our Hermione can' do. Come here… Don't you think on it, Hermione. Don't you think on it for one minute… eh?",2,53
Harry Potter and the Chamber of Secrets,Mudbloods and murmurs,Gilderoy Lockhart,"Harry, Harry, Harry… Can you possibly imagine a better way to serve detention than by helping me to answer my fan mail?",2,22
Harry Potter and the Chamber of Secrets,Mudbloods and murmurs,Gilderoy Lockhart,"Fame is a fickle friend, Harry. Celebrity is as celebrity does. Remember that.",2,13
Harry Potter and the Chamber of Secrets,Mudbloods and murmurs,Gilderoy Lockhart,"What are you talking about, Harry? I think we're getting a bit a- drowsy. And, Great Scott- no wonder! Look at the time! We've been here nearly four hours! Spooky how the time flies when one's having fun. Heh, heh.",2,40
Harry Potter and the Chamber of Secrets,Kill!,Harry Potter,I heard it first in Lockhart's office. And then again just—,2,11
Harry Potter and the Chamber of Secrets,Kill!,Harry Potter,It's moving. I think it's going to kill.,2,8
Harry Potter and the Chamber of Secrets,Kill!,Hermione Granger,"Harry, wait! Not so fast!",2,5
Harry Potter and the Chamber of Secrets,Kill!,Harry Potter,Strange. I've never seen spiders act like that.,2,8
Harry Potter and the Chamber of Secrets,Kill!,Ron Weasley,I don't like spiders… What's that?,2,6
Harry Potter and the Chamber of Secrets,Kill!,Hermione Granger,'The Chamber of Secrets has been opened… enemies the heir… beware.' It's written in blood.,2,15
Harry Potter and the Chamber of Secrets,Kill!,Harry Potter,"Oh, no… It's Filch's cat. It's Mrs. Norris.",2,8
Harry Potter and the Chamber of Secrets,Kill!,Draco Malfoy,"'Enemies of the heir beware!' You'll be next, Mudbloods!",2,9
Harry Potter and the Chamber of Secrets,Kill!,Argus Filch,"What's going on 'ere? Go on, make way, make way. Potter-- What are you…Mrs. Norris? You've…murdered my cat.",2,18
Harry Potter and the Chamber of Secrets,Kill!,Argus Filch,I'll kill ya… I'll kill ya!,2,6
Harry Potter and the Chamber of Secrets,Kill!,Albus Dumbledore,"Argus! Argus, I… Everyone will proceed to their dormitories immediately. Everyone except… you three.",2,14
Harry Potter and the Chamber of Secrets,Kill!,Albus Dumbledore,"She's not dead, Argus. She has been Petrified.",2,8
Harry Potter and the Chamber of Secrets,Kill!,Gilderoy Lockhart,"Ah, thought so. So unlucky I wasn't there. I know exactly the counter curse that could have spared her.",2,19
Harry Potter and the Chamber of Secrets,Kill!,Albus Dumbledore,"But how she has been Petrified, I cannot say…",2,9
Harry Potter and the Chamber of Secrets,Kill!,Argus Filch,Ask him. It's him who's done it. You saw what he wrote on the wall.,2,15
Harry Potter and the Chamber of Secrets,Kill!,Harry Potter,"It's not true sir, I swear. I never touched Mrs. Norris.",2,11
Harry Potter and the Chamber of Secrets,Kill!,Severus Snape,"If I might, Headmaster? Perhaps Potter and his friends were simply in the wrong place at the wrong time. However, the circumstances are suspicious. I, for one, don't recall seeing Potter at dinner.",2,33
Harry Potter and the Chamber of Secrets,Kill!,Gilderoy Lockhart,"I'm afraid that's my doing, Severus. You see, Harry was helping me answer my fan mail.",2,16
Harry Potter and the Chamber of Secrets,Kill!,Hermione Granger,"That's why Ron and I went looking for him, Professor. We'd just found him when he said…",2,17
Harry Potter and the Chamber of Secrets,Kill!,Harry Potter,When I said I wasn't hungry. We were heading back to the common room when we found Mrs. Norris.,2,19
Harry Potter and the Chamber of Secrets,Kill!,Albus Dumbledore,"Innocent until proven guilty, Severus.",2,5
Harry Potter and the Chamber of Secrets,Kill!,Argus Filch,My cat has been Petrified. I wanna see some punishment!,2,10
Harry Potter and the Chamber of Secrets,Kill!,Albus Dumbledore,"We will be able to cure her, Argus. As I understand it, Madame Sprout has a very healthy growth of Mandrakes. When matured, a potion will be made which will revive Mrs. Norris. And in the meantime, I strongly recommend caution… to all.",2,43
Harry Potter and the Chamber of Secrets,Kill!,Hermione Granger,"It's a bit strange, isn't it?",2,6
Harry Potter and the Chamber of Secrets,Kill!,Hermione Granger,"You hear this voice, a voice only you can hear, and then Mrs. Norris turns up Petrified. It's just… strange.",2,20
Harry Potter and the Chamber of Secrets,Kill!,Harry Potter,"Do you think I should have told them? Dumbledore and the others, I mean?",2,14
Harry Potter and the Chamber of Secrets,Kill!,Hermione Granger,"No, Harry. Even in the wizarding world, hearing voices isn't a good sign.",2,13
Harry Potter and the Chamber of Secrets,About the Chamber,Minerva McGonagall,"Could I have your attention, please? Right. Now, today, we will be transforming animals into water goblets. Like so. One, two, three, Vera verto. Now it's your turn. Well, who would like to go first? Ah! Mr. Weasley. “One, two, three. Vera verto.”",2,43
Harry Potter and the Chamber of Secrets,About the Chamber,Minerva McGonagall,"That wand needs replacing, Mr. Weasley. Yes, Miss Granger?",2,9
Harry Potter and the Chamber of Secrets,About the Chamber,Hermione Granger,"Professor, I was wondering if you could tell us about…the Chamber of Secrets?",2,13
Harry Potter and the Chamber of Secrets,About the Chamber,Minerva McGonagall,"Well, very well. Well, you all know, of course, that Hogwarts was founded over a thousand years ago by the four greatest witches and wizards of the age: Godric Gryffindor, Helga Hufflepuff, Rowena Ravenclaw, and Salazar Slytherin. Now, three of the founders coexisted quite harmoniously. One did not.",2,48
Harry Potter and the Chamber of Secrets,About the Chamber,Minerva McGonagall,"Salazar Slytherin wished to be more selective about the students admitted to Hogwarts. He believed magical learning should be kept within all-magic families. In other words, “pure-bloods.” Unable to sway the others, he decided to leave the school. Now, according to legend, Slytherin had built a hidden chamber in this castle, known as the Chamber of Secrets. Though, shortly before departing, he sealed it until that time when his own true heir returned to the school. The heir alone would be able to open the Chamber and unleash the horror within, and by so doing purge the school of all those who, in Slytherin's view, were unworthy to study magic.",2,110
Harry Potter and the Chamber of Secrets,About the Chamber,Minerva McGonagall,"Well, naturally, the school had been searched many times. No such chamber has been found.",2,15
Harry Potter and the Chamber of Secrets,About the Chamber,Hermione Granger,Professor? What exactly does legend tell us lies within the Chamber?,2,11
Harry Potter and the Chamber of Secrets,About the Chamber,Minerva McGonagall,"Well, the Chamber is said to home to something that only the Heir of Slytherin can control. It is said to be the home of a monster.",2,27
Harry Potter and the Chamber of Secrets,About the Chamber,Ron Weasley,D'you think it's true? D'you think there really is a Chamber of Secrets?,2,13
Harry Potter and the Chamber of Secrets,About the Chamber,Hermione Granger,Yes. Couldn't you tell? McGonagall's worried. All the teachers are.,2,10
Harry Potter and the Chamber of Secrets,About the Chamber,Harry Potter,"Well, if there really is a Chamber of Secrets, a-and it really has been opened, then that means---",2,18
Harry Potter and the Chamber of Secrets,About the Chamber,Hermione Granger,"The Heir of Slytherin has returned to Hogwarts. The question is, who is it?",2,14
Harry Potter and the Chamber of Secrets,About the Chamber,Ron Weasley,Let's think. Who do we know who thinks all Muggle-borns are scum?,2,12
Harry Potter and the Chamber of Secrets,About the Chamber,Hermione Granger,If you're talking about Malfoy.,2,5
Harry Potter and the Chamber of Secrets,About the Chamber,Ron Weasley,"Of course. You heard him! 'You'll be next Mudbloods,'",2,9
Harry Potter and the Chamber of Secrets,About the Chamber,Hermione Granger,"I heard him. But Malfoy, the Heir of Slytherin?",2,9
Harry Potter and the Chamber of Secrets,About the Chamber,Harry Potter,"Well, maybe Ron's right, Hermione. I mean, look at his family. The whole lot of them have been in Slytherin for centuries.",2,22
Harry Potter and the Chamber of Secrets,About the Chamber,Ron Weasley,Crabbe and Goyle must know. Maybe we could trick them into telling.,2,12
Harry Potter and the Chamber of Secrets,About the Chamber,Hermione Granger,"Even they aren't that thick. But there might be another way. Mind you, it would be difficult. Not to mention, we would be breaking about fifty school rules. And, it'll be dangerous. Very dangerous.",2,34
Harry Potter and the Chamber of Secrets,Rogue Bludger,Hermione Granger,"Here it is. 'The Polyjuice Potion.'  'Properly brewed, the Polyjuice Potion allows the drinker to transform himself temporarily into the physical form of another.'",2,24
Harry Potter and the Chamber of Secrets,Rogue Bludger,Ron Weasley,"Do you mean, if Harry and I drink that stuff, we'll turn into Crabbe and Goyle?",2,16
Harry Potter and the Chamber of Secrets,Rogue Bludger,Ron Weasley,Wicked! Malfoy'll tell us anything.,2,5
Harry Potter and the Chamber of Secrets,Rogue Bludger,Hermione Granger,Exactly. But it's tricky. I've never seen a more complicated potion.,2,11
Harry Potter and the Chamber of Secrets,Rogue Bludger,Harry Potter,"Well, how long will it take to make?",2,8
Harry Potter and the Chamber of Secrets,Rogue Bludger,Harry Potter,"A month? But, Hermione, if Malfoy is the Heir of Slytherin, he could attack half the Muggle-borns in the school by then.",2,22
Harry Potter and the Chamber of Secrets,Rogue Bludger,Hermione Granger,I know. But it's the only plan we've got.,2,9
Harry Potter and the Chamber of Secrets,Rogue Bludger,Lee Jordan,Another goal for Slytherin! They lead Gryffindor ninety to thirty!,2,10
Harry Potter and the Chamber of Secrets,Rogue Bludger,Rubeus Hagrid,"Blimey! Harry's got himself a rogue Bludger! That's been tampered with, that has!",2,13
Harry Potter and the Chamber of Secrets,Rogue Bludger,Hermione Granger,No! Even with a proper wand it's too risky. You could hit Harry!,2,13
Harry Potter and the Chamber of Secrets,Rogue Bludger,Draco Malfoy,"Training for the ballet, Potter?",2,5
Harry Potter and the Chamber of Secrets,Rogue Bludger,Draco Malfoy,"You'll never catch me, Potter!",2,5
Harry Potter and the Chamber of Secrets,Rogue Bludger,Lee Jordan,Harry Potter has caught the Snitch! Gryffindor wins!,2,8
Harry Potter and the Chamber of Secrets,No longer safe,Harry Potter,"No, I think my- I think my arm's broken.",2,9
Harry Potter and the Chamber of Secrets,No longer safe,Gilderoy Lockhart,"Not to worry, Harry. I will fix that arm of yours straight away.",2,13
Harry Potter and the Chamber of Secrets,No longer safe,Gilderoy Lockhart,"Oh, poor boy doesn't know what he's saying. Now, this… won't hurt a bit. Brackium emendo!",2,16
Harry Potter and the Chamber of Secrets,No longer safe,Gilderoy Lockhart,"Ah, yes, well, ha, that can sometimes happen, um, butuh, the point is, uh,…",2,14
Harry Potter and the Chamber of Secrets,No longer safe,Gilderoy Lockhart,"…you can no longer feel any pain, and, heh- very clearly, the bones are not broken.",2,16
Harry Potter and the Chamber of Secrets,No longer safe,Rubeus Hagrid,Broken? There's no bones left!,2,5
Harry Potter and the Chamber of Secrets,No longer safe,Hermione Granger,"You will be able to, won't you?",2,7
Harry Potter and the Chamber of Secrets,No longer safe,Dobby,Harry Potter should have listened to Dobby! Harry Potter should have gone back home when he missed the train.,2,19
Harry Potter and the Chamber of Secrets,No longer safe,Harry Potter,It was you… You stopped the barrier from letting Ron and me through.,2,13
Harry Potter and the Chamber of Secrets,No longer safe,Harry Potter,You nearly got Ron and me expelled!,2,7
Harry Potter and the Chamber of Secrets,No longer safe,Dobby,At least you would be away from here. Harry Potter must go home! Dobby thought his Bludger would be enough to make Harry Potter see that---,2,26
Harry Potter and the Chamber of Secrets,No longer safe,Harry Potter,Your Bludger? You made that Bludger chase after me?,2,9
Harry Potter and the Chamber of Secrets,No longer safe,Dobby,"Uhuh… Dobby feels most aggrieved, sir. Dobby had to iron his hands.",2,12
Harry Potter and the Chamber of Secrets,No longer safe,Harry Potter,"You'd better clear off before my bones come back, Dobby, or I might strangle you!",2,15
Harry Potter and the Chamber of Secrets,No longer safe,Dobby,Uh-huh-huh… Dobby is used to death threats sir. Dobby gets them five times a day at home.,2,17
Harry Potter and the Chamber of Secrets,No longer safe,Harry Potter,I don't suppose you could tell me why you're trying to kill me?,2,13
Harry Potter and the Chamber of Secrets,No longer safe,Dobby,"Not kill you, sir, never kill you! Dobby remembers how it was before Harry Potter triumphed over He-Who-Must-Not-Be-Named. We house elves were treated like vermin, sir. Of course, Dobby is still treated like vermin…uh, huh, huh, huh! Aah, ahh…",2,39
Harry Potter and the Chamber of Secrets,No longer safe,Harry Potter,Why do you wear that thing Dobby?,2,7
Harry Potter and the Chamber of Secrets,No longer safe,Dobby,"This, sir? It is a mark of the house-elves' enslavement. Dobby can only be freed if his master presents him with clothes. Ah! Listen. Listen! Terrible things are about to happen at Hogwarts. Harry Potter must not stay here, now that history is to repeat itself.",2,46
Harry Potter and the Chamber of Secrets,No longer safe,Harry Potter,Repeat itself? You mean this has happened before?,2,8
Harry Potter and the Chamber of Secrets,No longer safe,Dobby,Ah! I shouldn't have said that! Oh! Ah! Dah! Bad Dobby! Bad!,2,12
Harry Potter and the Chamber of Secrets,No longer safe,Harry Potter,"Dobby, stop it! Stop it! Stop, Dobby! Tell me, Dobby. When did this happen before? Who's doing it now?",2,19
Harry Potter and the Chamber of Secrets,No longer safe,Dobby,"Dobby cannot say, sir. Dobby only wants Harry Potter to be safe.",2,12
Harry Potter and the Chamber of Secrets,No longer safe,Harry Potter,"No, Dobby. Tell me. Who is it?",2,7
Harry Potter and the Chamber of Secrets,No longer safe,Minerva McGonagall,"I think- do ya know- I think he's been Petrified, Madame Pomfrey. Look! Perhaps he managed to take a picture of his attacker…",2,23
Harry Potter and the Chamber of Secrets,No longer safe,Minerva McGonagall,"What can this mean, Albus?",2,5
Harry Potter and the Chamber of Secrets,No longer safe,Albus Dumbledore,It means…that our students are in great danger.,2,8
Harry Potter and the Chamber of Secrets,No longer safe,Minerva McGonagall,What should I tell the staff.,2,6
Harry Potter and the Chamber of Secrets,No longer safe,Albus Dumbledore,"The truth. Tell them Hogwarts is no longer safe. It is as we feared, Minerva. The Chamber of Secrets has indeed been opened again.",2,24
Harry Potter and the Chamber of Secrets,Dueling Club,Hermione Granger,Again? You mean the Chamber of Secrets has been opened before?,2,11
Harry Potter and the Chamber of Secrets,Dueling Club,Ron Weasley,Of course. Don't you see? Lucius Malfoy must have opened it when he was at school here. And now he's taught Draco how to do it.,2,26
Harry Potter and the Chamber of Secrets,Dueling Club,Hermione Granger,Maybe. We'll have to wait for the Polyjuice Potion to know for sure.,2,13
Harry Potter and the Chamber of Secrets,Dueling Club,Ron Weasley,"Enlighten me. Why are we brewing this potion in broad daylight, in the middle of a girl's lavatory? Don't you think we'll get caught?",2,24
Harry Potter and the Chamber of Secrets,Dueling Club,Hermione Granger,Heh… No. No one ever comes in here.,2,8
Harry Potter and the Chamber of Secrets,Dueling Club,Moaning Myrtle,"I'm Moaning Myrtle! I wouldn't expect you to know me! Who would ever talk about ugly, miserable, moping Moaning Myrtle? Huh…aaaah!",2,21
Harry Potter and the Chamber of Secrets,Dueling Club,Gilderoy Lockhart,"Gather 'round, gather 'round! Can everybody see me? Can you all hear me? Excellent! In light of the dark events of recent weeks, Professor Dumbledore has granted me permission to start this little Dueling Club to train you all up in case you ever need to defend yourselves, as I myself have done on countless occasions- for full details, see my published works. Let me introduce my assistant, Professor Snape. He has sportingly agreed to help me with a short demonstration. Now, I don't want any of you youngsters to worry- you'll still have your Potions master when I'm through with him, never fear. One, two, three.",2,107
Harry Potter and the Chamber of Secrets,Dueling Club,Hermione Granger,Do you think he's all right?,2,6
Harry Potter and the Chamber of Secrets,Dueling Club,Gilderoy Lockhart,"An excellent idea to show them that, Professor Snape, but if you don't mind me saying, it was pretty obvious- ah- what you were about to do. And if I had wanted to stop you, it would have been only too easy.",2,42
Harry Potter and the Chamber of Secrets,Dueling Club,Severus Snape,"Perhaps it would be prudent to first teach the students to block unfriendly spells, Professor.",2,15
Harry Potter and the Chamber of Secrets,Dueling Club,Gilderoy Lockhart,"An excellent suggestion, Professor Snape! Ah… Let's have a volunteer pair! Um, Potter, Weasley, how about you?",2,17
Harry Potter and the Chamber of Secrets,Dueling Club,Severus Snape,"Weasley's wand causes devastation with the simplest spells. We'll be sending Potter to the hospital wing in a matchbox. Might I suggest someone from my own house? Malfoy, perhaps?",2,29
Harry Potter and the Chamber of Secrets,Dueling Club,Gilderoy Lockhart,"On the count of three, cast your charms to disarm your opponent- only to disarm. We don't want any accidents here. One, two--",2,23
Harry Potter and the Chamber of Secrets,A Parselmouth,Severus Snape,"Don't move, Potter. I'll get rid of it for you.",2,10
Harry Potter and the Chamber of Secrets,A Parselmouth,Gilderoy Lockhart,"Allow me, Professor Snape. Alarte ascendare!",2,6
Harry Potter and the Chamber of Secrets,A Parselmouth,Harry Potter,Sya- hassa- she. Sya- hasi- heth. Sya- hasi- heth.,2,9
Harry Potter and the Chamber of Secrets,A Parselmouth,Ron Weasley,You're a Parselmouth? Why didn't you tell us?,2,8
Harry Potter and the Chamber of Secrets,A Parselmouth,Hermione Granger,You can talk to snakes.,2,5
Harry Potter and the Chamber of Secrets,A Parselmouth,Harry Potter,"I know. I mean, I accidentally set a python on my cousin Dudley at the zoo once. Uh, once! But, so what? I bet loads of people here can do it.",2,31
Harry Potter and the Chamber of Secrets,A Parselmouth,Hermione Granger,"No, they can't. It's not a very common gift, Harry. This is bad.",2,13
Harry Potter and the Chamber of Secrets,A Parselmouth,Harry Potter,What's bad? If I hadn't told that snake not to attack Justin.,2,12
Harry Potter and the Chamber of Secrets,A Parselmouth,Ron Weasley,"Oh, that's what you said to it!",2,7
Harry Potter and the Chamber of Secrets,A Parselmouth,Harry Potter,You were there! You heard me!,2,6
Harry Potter and the Chamber of Secrets,A Parselmouth,Ron Weasley,I heard you speaking Parseltongue. Snake language?,2,7
Harry Potter and the Chamber of Secrets,A Parselmouth,Harry Potter,I spoke a different language? But- I didn't realize I- how can I speak a language without knowing I can?,2,20
Harry Potter and the Chamber of Secrets,A Parselmouth,Hermione Granger,"I don't know, Harry, but it sounded like you were egging the snake on, or something. Harry, listen to me. There's a reason the symbol of Slytherin House is a serpent. Salazar Slytherin was a Parselmouth. He could talk to snakes, too.",2,42
Harry Potter and the Chamber of Secrets,A Parselmouth,Ron Weasley,"Exactly! Now the whole school's gonna think you're his great- greatgreat grandson, or something.",2,14
Harry Potter and the Chamber of Secrets,A Parselmouth,Harry Potter,But I'm not… I can't be.,2,6
Harry Potter and the Chamber of Secrets,A Parselmouth,Hermione Granger,"He lived a thousand years ago; for all we know, you could be.",2,13
Harry Potter and the Chamber of Secrets,A Parselmouth,Harry Potter,I'll see you back in the common room.,2,8
Harry Potter and the Chamber of Secrets,Nothing to tell,Argus Filch,"Caught in the act! I'll have you out this time, Potter. Mark my words.",2,14
Harry Potter and the Chamber of Secrets,Nothing to tell,Harry Potter,No! Mr. Filch! Y-you- you don't understand!,2,7
Harry Potter and the Chamber of Secrets,Nothing to tell,Harry Potter,Professor… I swear I didn't!,2,5
Harry Potter and the Chamber of Secrets,Nothing to tell,Minerva McGonagall,"This is out of my hands, Potter.",2,7
Harry Potter and the Chamber of Secrets,Nothing to tell,Minerva McGonagall,Professor Dumbledore will be waiting for you. Sherbet lemon.,2,9
Harry Potter and the Chamber of Secrets,Nothing to tell,Harry Potter,I… I-I was- I was just wondering if you'd put me in the right house.,2,15
Harry Potter and the Chamber of Secrets,Nothing to tell,Harry Potter,"Professor! Sir, your bird- there was nothing I could do- he- he just caught fire!",2,15
Harry Potter and the Chamber of Secrets,Nothing to tell,Albus Dumbledore,"Oh, and about time, too. He's been looking dreadful for days. Pity you had to see him on a burning day. Fawkes is a phoenix, Harry. They burst into flame when it is time for them to die, and then they are reborn from the ashes.",2,46
Harry Potter and the Chamber of Secrets,Nothing to tell,Albus Dumbledore,"Ah, fascinating creatures, phoenixes. They can carry immensely heavy loads, and their- their tears have healing powers.",2,17
Harry Potter and the Chamber of Secrets,Nothing to tell,Rubeus Hagrid,"Professor Dumbledore, sir! Wait! Listen! Professor Dumbledore, sir, it wasn't Harry!",2,11
Harry Potter and the Chamber of Secrets,Nothing to tell,Rubeus Hagrid,"In fact, I'd be prepared ter swear it in front o' the Ministry of Magic!",2,15
Harry Potter and the Chamber of Secrets,Nothing to tell,Albus Dumbledore,Hagrid! Relax. I do not believe that Harry attacked anyone.,2,10
Harry Potter and the Chamber of Secrets,Nothing to tell,Rubeus Hagrid,"Well, of course you don't, and… Oh… Oh, right. Well, I'll, umhum. I'll just wait outside, then.",2,17
Harry Potter and the Chamber of Secrets,Nothing to tell,Harry Potter,"You don't think it was me, Professor?",2,7
Harry Potter and the Chamber of Secrets,Nothing to tell,Albus Dumbledore,"No, Harry. I do not think it was you… But I must ask you, is there something you wish to tell me?",2,22
Harry Potter and the Chamber of Secrets,Nothing to tell,Albus Dumbledore,"Very well, then. Off you go.",2,6
Harry Potter and the Chamber of Secrets,Polyjuice Potion,Hermione Granger,Everything's set. We just need a bit of who you're changing into.,2,12
Harry Potter and the Chamber of Secrets,Polyjuice Potion,Hermione Granger,We also need to make sure that the real Crabbe and Goyle can't burst in on us while we're interrogating Malfoy.,2,21
Harry Potter and the Chamber of Secrets,Polyjuice Potion,Hermione Granger,"I've got it all worked out. I filled these with a simple Sleeping Draught. Simple, but powerful. Now, once they're asleep hide them in the broomstick cupboard and pull out a few of their hairs, and put on their uniforms.",2,40
Harry Potter and the Chamber of Secrets,Polyjuice Potion,Ron Weasley,Whose hair are you ripping out then?,2,7
Harry Potter and the Chamber of Secrets,Polyjuice Potion,Hermione Granger,I've already got mine. Millicent Bulstrode– Slytherin- I got this off her robes. I'm going to go check on the Polyjuice Potion. Make sure that Crabbe and Goyle find these.,2,30
Harry Potter and the Chamber of Secrets,Polyjuice Potion,Harry Potter,"Ron, maybe I should do it?",2,6
Harry Potter and the Chamber of Secrets,Polyjuice Potion,Harry Potter,Wingardium leviosa. Here they come.,2,5
Harry Potter and the Chamber of Secrets,Polyjuice Potion,Ron Weasley,How thick could you get?,2,5
Harry Potter and the Chamber of Secrets,Polyjuice Potion,Harry Potter,Come on. Let's get 'em.,2,5
Harry Potter and the Chamber of Secrets,Polyjuice Potion,Hermione Granger,We'll have exactly one hour before we change back into ourselves… Add the hairs.,2,14
Harry Potter and the Chamber of Secrets,Polyjuice Potion,Ron Weasley,I think I'm gonna be sick!,2,6
Harry Potter and the Chamber of Secrets,Polyjuice Potion,Harry Potter,We still sound like ourselves. You need to sound more like Crabbe.,2,12
Harry Potter and the Chamber of Secrets,Polyjuice Potion,Hermione Granger,I- I don't think I'm going. You go on without me!,2,11
Harry Potter and the Chamber of Secrets,Polyjuice Potion,Hermione Granger,Just go. You're wasting time!,2,5
Harry Potter and the Chamber of Secrets,Harry and Ron transformed.,Harry Potter,I think the Slytherin common room's this way.,2,8
Harry Potter and the Chamber of Secrets,Harry and Ron transformed.,Ron Weasley,"What are you doing d- uh, I mean… What are you doing down here?",2,14
Harry Potter and the Chamber of Secrets,Harry and Ron transformed.,Percy Weasley,"I happen to be a school prefect. You, on the other hand, have no business wandering the corridors at this time of night. What are your names again?",2,28
Harry Potter and the Chamber of Secrets,Harry and Ron transformed.,Draco Malfoy,"Crabbe, Goyle! Where have you two been? Pigging out in the Great Hall all this time? Why are you wearing glasses?",2,21
Harry Potter and the Chamber of Secrets,Harry and Ron transformed.,Draco Malfoy,"I didn't know you could read. And what are you doing down here, Weasley?",2,14
Harry Potter and the Chamber of Secrets,Harry and Ron transformed.,Draco Malfoy,"Well, sit down. You'd never know the Weasleys were pure-bloods, the way they behave. They're an embarrassment to the wizarding world. All of them. What's wrong with you, Crabbe?",2,29
Harry Potter and the Chamber of Secrets,Harry and Ron transformed.,Draco Malfoy,"You know, I'm surprised that the Daily Prophet hasn't done a report on all these attacks. I suppose Dumbledore is trying to hush it all up. Father always said Dumbledore was the worst thing that ever happened to this place.",2,40
Harry Potter and the Chamber of Secrets,Harry and Ron transformed.,Draco Malfoy,What? You think there's someone here who's worse than Dumbledore?,2,10
Harry Potter and the Chamber of Secrets,Well? Do you?,Draco Malfoy,"Good one, Goyle. You're absolutely right. Saint Potter. And people actually think that he's the Heir of Slytherin!",2,18
Harry Potter and the Chamber of Secrets,Well? Do you?,Harry Potter,But then you must have some idea who's behind it all.,2,11
Harry Potter and the Chamber of Secrets,Well? Do you?,Draco Malfoy,"You know I don't Goyle. I told you yesterday. How many times do I have to tell you? Is this yours? But my father did say this: It's been fifty years since the Chamber was opened. He wouldn't tell me who opened it-- only that they were expelled. The last time the Chamber of Secrets was opened, a Mudblood died. So, it's only a matter of time before one of them is killed this time. As for me, I hope it's Granger. What's the matter with you two? You're acting very…odd.",2,91
Harry Potter and the Chamber of Secrets,Well? Do you?,Harry Potter,It's his… stomachache. Calm down.,2,5
Harry Potter and the Chamber of Secrets,Well? Do you?,Draco Malfoy,Hey! Where are you going?,2,5
Harry Potter and the Chamber of Secrets,Well? Do you?,Harry Potter,"Hermione, come out. We've got loads to tell you!",2,9
Harry Potter and the Chamber of Secrets,Well? Do you?,Moaning Myrtle,"Ahh! Wait till you see. It's awful! He- ha, ha, he- hee!",2,12
Harry Potter and the Chamber of Secrets,Well? Do you?,Harry Potter,Hermione? A- are you OK?,2,5
Harry Potter and the Chamber of Secrets,Well? Do you?,Hermione Granger,Do you remember me telling you that the Polyjuice Potion was only for human transformations? It was cat's hair I plucked off Millicent Bulstrode's robes. Look at my face.,2,29
Harry Potter and the Chamber of Secrets,The diary,Ron Weasley,Have you spoken to Hermione?,2,5
Harry Potter and the Chamber of Secrets,The diary,Harry Potter,"She should be out of hospital in a few days, when she stops coughing up fur balls… What's this?",2,19
Harry Potter and the Chamber of Secrets,The diary,Harry Potter,Looks like Moaning Myrtle's flooded the bathroom.,2,7
Harry Potter and the Chamber of Secrets,The diary,Moaning Myrtle,"Oooh, oooh, ooooh, huh– huh. Come to throw something else at me?",2,12
Harry Potter and the Chamber of Secrets,The diary,Harry Potter,Why would I throw something at you?,2,7
Harry Potter and the Chamber of Secrets,The diary,Moaning Myrtle,"Don't ask me! Here I am, minding my own business, and someone thinks it's funny to throw a book at me.",2,21
Harry Potter and the Chamber of Secrets,The diary,Ron Weasley,"But, it can't hurt if someone throws something at you. I mean, it'll just go right through you.",2,18
Harry Potter and the Chamber of Secrets,The diary,Moaning Myrtle,Sure! Let's all throw books at Myrtle because she can't feel it! Ten points if you get through her stomach! Fifty points if it goes through her head!,2,28
Harry Potter and the Chamber of Secrets,The diary,Harry Potter,"But, who threw it at you, anyway?",2,7
Harry Potter and the Chamber of Secrets,The diary,Moaning Myrtle,"I don't know, I didn't see them. I was just sitting in the Ubend thinking about death - aah - and it fell through the top of my head. Uhhuh. Whoo-oooh-whoooo…",2,31
Harry Potter and the Chamber of Secrets,The diary,Harry Potter,'My name is Harry Potter.',2,5
Harry Potter and the Chamber of Secrets,The diary,Harry Potter,'Do you know anything about the Chamber of Secrets?',2,9
Harry Potter and the Chamber of Secrets,Tom Riddle,Harry Potter,Excuse me. Could you tell me what's going on here? Are you Tom Riddle?,2,14
Harry Potter and the Chamber of Secrets,"Hello, can you hear me?",Albus Dumbledore,"It is not wise to be wandering around this late hour, Tom.",2,12
Harry Potter and the Chamber of Secrets,"Hello, can you hear me?",Tom Riddle,"Yes, Professor. I- I suppose I- I had to see for myself if the rumors were true.",2,17
Harry Potter and the Chamber of Secrets,"Hello, can you hear me?",Albus Dumbledore,"I'm afraid they are, Tom. They are true.",2,8
Harry Potter and the Chamber of Secrets,"Hello, can you hear me?",Tom Riddle,"About the school, as well? I don't have a home to go to. They wouldn't really close Hogwarts, would they Professor?",2,21
Harry Potter and the Chamber of Secrets,"Hello, can you hear me?",Albus Dumbledore,"I understand Tom, but I'm afraid Headmaster Dippet may have no choice.",2,12
Harry Potter and the Chamber of Secrets,"Hello, can you hear me?",Tom Riddle,Sir- if it all stopped- if the person responsible was caught--,2,11
Harry Potter and the Chamber of Secrets,"Hello, can you hear me?",Albus Dumbledore,Is there something you wish to tell me?,2,8
Harry Potter and the Chamber of Secrets,"Hello, can you hear me?",Albus Dumbledore,"Very well, then. Off you go.",2,6
Harry Potter and the Chamber of Secrets,"Hello, can you hear me?",Rubeus Hagrid,Let's get yeh out of there.,2,6
Harry Potter and the Chamber of Secrets,"Hello, can you hear me?",Tom Riddle,"Evening, Hagrid. I'm going to have to turn you in, Hagrid. I don't think you meant it to kill anyone, but--",2,21
Harry Potter and the Chamber of Secrets,"Hello, can you hear me?",Rubeus Hagrid,You can't! You don't understand.,2,5
Harry Potter and the Chamber of Secrets,"Hello, can you hear me?",Tom Riddle,The dead girl's parents will be here tomorrow. The least Hogwarts can do is make sure the thing that killed their daughter is slaughtered.,2,24
Harry Potter and the Chamber of Secrets,"Hello, can you hear me?",Rubeus Hagrid,It wasn't him. Aragog never killed no one! Never!,2,9
Harry Potter and the Chamber of Secrets,"Hello, can you hear me?",Tom Riddle,"Monsters don't make good pets, Hagrid. Now, stand aside.",2,9
Harry Potter and the Chamber of Secrets,"Hello, can you hear me?",Tom Riddle,"I can't let you go. They'll have your wand for this, Hagrid. You'll be expelled.",2,15
Harry Potter and the Chamber of Secrets,Petrified,Harry Potter,It was Hagrid. Hagrid opened the Chanter of Secrets fifty years ago.,2,12
Harry Potter and the Chamber of Secrets,Petrified,Hermione Granger,It can't be Hagrid. It just can't be.,2,8
Harry Potter and the Chamber of Secrets,Petrified,Ron Weasley,"We don't even know this Tom Riddle. He sounds like a dirty, rotten snitch to me.",2,16
Harry Potter and the Chamber of Secrets,Petrified,Harry Potter,"The monster had killed somebody, Ron. What would any of us have done?",2,13
Harry Potter and the Chamber of Secrets,Petrified,Hermione Granger,Look. Hagrid's our friend. Why don't we just go and ask him about it?,2,14
Harry Potter and the Chamber of Secrets,Petrified,Ron Weasley,"That'll be a cheerful visit! “Hello, Hagrid! Tell us, have you been setting anything mad and hairy loose in the castle lately?”",2,22
Harry Potter and the Chamber of Secrets,Petrified,Rubeus Hagrid,"Mad and hairy? You wouldn't be talking about me now, would ya?",2,12
Harry Potter and the Chamber of Secrets,Petrified,Harry Potter,"W- what's that you've got, Hagrid?",2,6
Harry Potter and the Chamber of Secrets,Petrified,Rubeus Hagrid,"Oh, It's a- Flesh-Eatin' Slug Repellent. For the Mandrakes, ya know. Now, accordin' to Professor Sprout, they've still got a bit o' growing up to do. But, once their acne's cleared up, we'll be able to chop 'em up and stew 'em, and then we'll get those people down at the hospital un-Petrified. In the meantime, though, you three had best be lookin' after yourselves. All right? Hmm.",2,68
Harry Potter and the Chamber of Secrets,Petrified,Neville Longbottom,"Harry- I don't know who did it, but you'd better come! Come on!",2,13
Harry Potter and the Chamber of Secrets,Petrified,Hermione Granger,It had to be a Gryffindor. Nobody else knows our password- unless it wasn't a student.,2,16
Harry Potter and the Chamber of Secrets,Petrified,Ron Weasley,"Who ever it was, they must have been looking for something.",2,11
Harry Potter and the Chamber of Secrets,Petrified,Harry Potter,And they found it. Tom Riddle's diary is gone.,2,9
Harry Potter and the Chamber of Secrets,Petrified,Oliver Wood,"Alright, listen up. We play our game, Hufflepuff doesn't stand a",2,11
Harry Potter and the Chamber of Secrets,"chance. We're stronger, quicker and smarter.",Fred Weasley,"And not to mention, they're dead scared that Harry'll Petrify them if they fly anywhere near him.",2,17
Harry Potter and the Chamber of Secrets,"chance. We're stronger, quicker and smarter.",Oliver Wood,"Well, that too. Professor McGonagall.",2,5
Harry Potter and the Chamber of Secrets,"chance. We're stronger, quicker and smarter.",Minerva McGonagall,This match has been cancelled.,2,5
Harry Potter and the Chamber of Secrets,"chance. We're stronger, quicker and smarter.",Minerva McGonagall,"Silence, Wood. You and your teammates will go to Gryffindor Tower, now. Potter, you and I will find Mr. Weasley. There's something the both of you have to see.",2,29
Harry Potter and the Chamber of Secrets,"chance. We're stronger, quicker and smarter.",Minerva McGonagall,"I warn you, this could be a wee bit of a shock.",2,12
Harry Potter and the Chamber of Secrets,"chance. We're stronger, quicker and smarter.",Minerva McGonagall,"She was found near the Library, along with this. Does it mean anything to either of you?",2,17
Harry Potter and the Chamber of Secrets,"chance. We're stronger, quicker and smarter.",Minerva McGonagall,"Could I have your attention please? Because of recent events, these new rules will be put into effect immediately. “All students will return to their house common rooms by six o'clock every evening. All students will be escorted to each lesson by a teacher. No exceptions.” I should tell you this: unless the culprit behind these attacks is caught, it is likely the school will be closed.",2,67
Harry Potter and the Chamber of Secrets,"chance. We're stronger, quicker and smarter.",Harry Potter,"We've got to talk to Hagrid, Ron. I can't believe it's him, but if he did set the monster loose last time, he'll know how to get inside the Chamber of Secrets, and that's a start.",2,36
Harry Potter and the Chamber of Secrets,"chance. We're stronger, quicker and smarter.",Ron Weasley,But you heard McGonagall! We're not allowed to leave the tower except for class.,2,14
Harry Potter and the Chamber of Secrets,"chance. We're stronger, quicker and smarter.",Harry Potter,I think it's time to get my Dad's old cloak out again.,2,12
Harry Potter and the Chamber of Secrets,Cornelius Fudge,Rubeus Hagrid,"Oh, nothing. I- I was expecting, ah… It doesn't matter- come on inI just made a pot o' tea.",2,19
Harry Potter and the Chamber of Secrets,Cornelius Fudge,Harry Potter,Did you hear about Hermione?,2,5
Harry Potter and the Chamber of Secrets,Cornelius Fudge,Rubeus Hagrid,"Oh, yeah. I heard about that, all righ'.",2,8
Harry Potter and the Chamber of Secrets,Cornelius Fudge,Harry Potter,"Look, we have to ask you something. Do you know who's opened the Chamber of Secrets?",2,16
Harry Potter and the Chamber of Secrets,Cornelius Fudge,Rubeus Hagrid,"What you had to understand about that is—  Quick under the cloak. Don't say a word. Be quiet, both o' you… Professor Dumbledore, sir!",2,24
Harry Potter and the Chamber of Secrets,Cornelius Fudge,Albus Dumbledore,"Good evening, Hagrid. I wonder, could we…?",2,7
Harry Potter and the Chamber of Secrets,Cornelius Fudge,Rubeus Hagrid,Of course! Come in! Come in.,2,6
Harry Potter and the Chamber of Secrets,Cornelius Fudge,Ron Weasley,"That's Dad's boss! Cornelius Fudge, Minister of Magic!",2,8
Harry Potter and the Chamber of Secrets,Cornelius Fudge,Cornelius Fudge,"Bad business, Hagrid. Very bad business. Had to come-- three attacks on Muggle-borns. Things have gone far enough. The Ministry's got to act.",2,23
Harry Potter and the Chamber of Secrets,Cornelius Fudge,Rubeus Hagrid,"Oh, but I never- you know I never, Professor!",2,9
Harry Potter and the Chamber of Secrets,Cornelius Fudge,Albus Dumbledore,"I want it understood, Cornelius, that Hagrid has my full confidence.",2,11
Harry Potter and the Chamber of Secrets,Cornelius Fudge,Cornelius Fudge,"Albus look, Hagrid's record is against him. I've got to take him.",2,12
Harry Potter and the Chamber of Secrets,Cornelius Fudge,Rubeus Hagrid,Take me? Take me where? Not Azkaban Prison?,2,8
Harry Potter and the Chamber of Secrets,Cornelius Fudge,Cornelius Fudge,"I'm afraid we have no choice, Hagrid.",2,7
Harry Potter and the Chamber of Secrets,Cornelius Fudge,Rubeus Hagrid,What're you doin' here? Get outta my house!,2,8
Harry Potter and the Chamber of Secrets,Cornelius Fudge,Lucius Malfoy,"Believe me, I take absolutely no pleasure being inside your-- you call this a house? Huh! No. I simply called at the school, and was told the headmaster was here.",2,30
Harry Potter and the Chamber of Secrets,Cornelius Fudge,Albus Dumbledore,"Well, what exactly is it that you want with me?",2,10
Harry Potter and the Chamber of Secrets,Cornelius Fudge,Lucius Malfoy,"The other governors and I have decided it's time for you to step aside. This is an order of suspension. You'll find all twelve signatures on it. I'm afraid we feel you've rather lost your touch. Well, what, with all these attacks, there'll be no Muggle-borns left at Hogwarts. I can only imagine what an awful loss that would be to the school.",2,63
Harry Potter and the Chamber of Secrets,Cornelius Fudge,Rubeus Hagrid,"Yeh can' take Professor Dumbledore away. Take him away, an' the Muggle-borns won' stand a chance! You mark my words, there'll be killin's next!",2,24
Harry Potter and the Chamber of Secrets,Cornelius Fudge,Albus Dumbledore,"Calm yourself, Hagrid. If the governors desire my removal, I will, of course, step aside. However, you will find that help will always be given at Hogwarts to those who ask for it.",2,33
Harry Potter and the Chamber of Secrets,Cornelius Fudge,Lucius Malfoy,Admirable sentiments. Shall we? Fudge!,2,5
Harry Potter and the Chamber of Secrets,Cornelius Fudge,Rubeus Hagrid,"Ahem! If, uh, if anybody was looking for some stuff, then all they'd have to do would be to follow the spiders. Yup! That would lead them right! That's all I have to say. Oh, and someone'll need to feed Fang while I'm away.",2,44
Harry Potter and the Chamber of Secrets,Cornelius Fudge,Ron Weasley,"Hagrid's right! With Dumbledore gone, there'll be an attack a day!",2,11
Harry Potter and the Chamber of Secrets,Cornelius Fudge,Harry Potter,"Look! Well, come on. Come on, Fang!",2,7
Harry Potter and the Chamber of Secrets,Aragog,Harry Potter,You heard what Hagrid said; 'Follow the spiders.',2,8
Harry Potter and the Chamber of Secrets,Aragog,Ron Weasley,They're headed to the Dark Forest! Why spiders! Why couldn't it be “follow the butterflies?”,2,15
Harry Potter and the Chamber of Secrets,Aragog,Ron Weasley,"Harry, I don't like this… Harry, I don't like this at all!",2,12
Harry Potter and the Chamber of Secrets,Aragog,Ron Weasley,Can we go back now?,2,5
Harry Potter and the Chamber of Secrets,Aragog,Harry Potter,We're friends of Hagrid's. And you? Y- y-you're Aragog aren't you?,2,11
Harry Potter and the Chamber of Secrets,Aragog,Harry Potter,"He's in trouble. Up at the school, there have been attacks. They think it's Hagrid. They think he opened the Chamber of Secrets, like before.",2,25
Harry Potter and the Chamber of Secrets,Aragog,Harry Potter,Then you're not the monster.,2,5
Harry Potter and the Chamber of Secrets,Aragog,Harry Potter,"Shush. But if you're not the monster, then- then what did kill that girl fifty years ago?",2,17
Harry Potter and the Chamber of Secrets,Aragog,Harry Potter,But have you seen it?,2,5
Harry Potter and the Chamber of Secrets,Spider attack,Harry Potter,"Well, thank you. We'll just…go.",2,5
Harry Potter and the Chamber of Secrets,Spider attack,Harry Potter,"One, but it's not powerful enough for all of them.",2,10
Harry Potter and the Chamber of Secrets,Spider attack,Ron Weasley,Where's Hermione when you need her?,2,6
Harry Potter and the Chamber of Secrets,Spider attack,Harry Potter,Let's go! Arania exumai! Go!,2,5
Harry Potter and the Chamber of Secrets,Spider attack,Ron Weasley,Glad we're out of there! Ah- Aaaah!,2,7
Harry Potter and the Chamber of Secrets,Spider attack,Harry Potter,Don't mention it. Get us out of here. Now! Come on! Come on! Move faster!,2,15
Harry Potter and the Chamber of Secrets,Spider attack,Harry Potter,Go on! Go! Get us in the air.,2,8
Harry Potter and the Chamber of Secrets,Spider attack,Ron Weasley,"Follow the spiders! Follow the spiders! If Hagrid ever gets out of Azkaban, I'll kill him! I mean, what was the point of sending us in there? What have we found out?",2,32
Harry Potter and the Chamber of Secrets,Spider attack,Harry Potter,We know one thing. Hagrid never opened the Chamber of Secrets. He was innocent.,2,14
Harry Potter and the Chamber of Secrets,Missing,Harry Potter,"Wish you were here Hermione. We need you… now, more than ever.",2,12
Harry Potter and the Chamber of Secrets,Missing,Harry Potter,"Ron, this is why Hermione was in the Library the day she was attacked. Come on!",2,16
Harry Potter and the Chamber of Secrets,Missing,Harry Potter,"'Of the many fearsome beasts that roam our land, none is more deadly than the basilisk. Capable of living for hundreds of years, instant death awaits any who meet this giant serpent's eye. Spiders flee before it.' Ron, this is it. The monster in the Chamber of Secrets is a basilisk. That's why I can hear it speak. It's a snake!",2,61
Harry Potter and the Chamber of Secrets,Missing,Ron Weasley,"But if it kills by looking people in the eye, why is it no one's dead?",2,16
Harry Potter and the Chamber of Secrets,Missing,Harry Potter,"Because no one did look it in the eye. Not directly, at least. Colin saw it through his camera. Justin…Justin must have seen the basilisk through Nearly Headless Nick. Nick got the full blast of it- but he's a ghost- he couldn't die again. And Hermione…had the mirror. I bet you anything she was using it to look around corners, in case it came along.",2,65
Harry Potter and the Chamber of Secrets,Missing,Ron Weasley,"And Mrs. Norris? I'm pretty sure she didn't have a camera or a mirror, Harry.",2,15
Harry Potter and the Chamber of Secrets,Missing,Harry Potter,The water. There was water on the floor that night. She only saw the basilisk's reflection. 'Spiders flee before it.' It all fits!,2,23
Harry Potter and the Chamber of Secrets,Missing,Ron Weasley,But how's a basilisk been getting around? A dirty great snake- someone would have seen it.,2,16
Harry Potter and the Chamber of Secrets,Missing,Ron Weasley,Pipes? It's using the plumbing!,2,5
Harry Potter and the Chamber of Secrets,Missing,Harry Potter,"Remember what Aragog said, about that girl fifty years ago? She died in a bathroom? What if she never left?",2,20
Harry Potter and the Chamber of Secrets,Missing,Minerva McGonagall,"All students are to return to their house dormitories at once. All teachers to the second floor corridor, immediately.",2,19
Harry Potter and the Chamber of Secrets,Missing,Minerva McGonagall,"As you can see, the Heir of Slytherin has left another message. Our worst fear has been realized. A student has been taken by the monster into the Chamber itself. The students must be sent home. I'm afraid this is the end of Hogwarts.",2,44
Harry Potter and the Chamber of Secrets,Missing,Gilderoy Lockhart,So sorry- dozed off- what have I missed?,2,8
Harry Potter and the Chamber of Secrets,Missing,Severus Snape,"A girl has been snatched by the monster, Lockhart. Your moment has come, at last.",2,15
Harry Potter and the Chamber of Secrets,Missing,Severus Snape,Weren't you saying just last night that you've known all along where the entrance to the Chamber of Secrets is?,2,20
Harry Potter and the Chamber of Secrets,Missing,Minerva McGonagall,"Well, that's settled. We'll leave you to deal with the monster, Gilderoy. Your skills, after all, are a legend.",2,19
Harry Potter and the Chamber of Secrets,Missing,Gilderoy Lockhart,"Very well- ah- I'll just be in my office getting, umgetting ready.",2,12
Harry Potter and the Chamber of Secrets,Missing,Ron Weasley,'Her skeleton will lie in the chamber forever.' Ginny…,2,9
Harry Potter and the Chamber of Secrets,Chamber of Secrets,Harry Potter,"Lockhart may be useless, but he's going to try and get into the Chamber. At least we can tell him what we know.",2,23
Harry Potter and the Chamber of Secrets,Chamber of Secrets,Harry Potter,"Professor, we have some information for you! Are you going somewhere?",2,11
Harry Potter and the Chamber of Secrets,Chamber of Secrets,Gilderoy Lockhart,"Uh, ah- well, yes- um, urgent call- unavoidable- got to go.",2,11
Harry Potter and the Chamber of Secrets,Chamber of Secrets,Gilderoy Lockhart,"Well, um- as to that, most unfortunate. No one regrets more than I.",2,13
Harry Potter and the Chamber of Secrets,Chamber of Secrets,Ron Weasley,You're the Defense Against the Dark Arts teacher! You can't go now!,2,12
Harry Potter and the Chamber of Secrets,Chamber of Secrets,Gilderoy Lockhart,Well- I must say- when I took the job there was nothing in the job description about a…,2,18
Harry Potter and the Chamber of Secrets,Chamber of Secrets,Harry Potter,You're running away? After all that stuff you did in your books?,2,12
Harry Potter and the Chamber of Secrets,Chamber of Secrets,Gilderoy Lockhart,"My dear boy, do use your common sense! My books wouldn't have sold half as well if people didn't think I'd done all those things!",2,25
Harry Potter and the Chamber of Secrets,Chamber of Secrets,Harry Potter,You're a fraud! You've just been taking credit for what other wizards have done!,2,14
Harry Potter and the Chamber of Secrets,Chamber of Secrets,Ron Weasley,Is there anything you can do?,2,6
Harry Potter and the Chamber of Secrets,Chamber of Secrets,Gilderoy Lockhart,"Yes, now you mention it. I'm rather gifted with Memory Charms. Otherwise, you see, all those wizards would have gone blabbing. And I'd never have sold another book. In fact, ah…I'm ah…going to have to do the same to you.",2,40
Harry Potter and the Chamber of Secrets,Chamber of Secrets,Harry Potter,Don't even think about it.,2,5
Harry Potter and the Chamber of Secrets,Chamber of Secrets,Moaning Myrtle,"Oh! Who's there? Oh! Hello, Harry! Ron. What do you want?",2,11
Harry Potter and the Chamber of Secrets,Chamber of Secrets,Harry Potter,To ask you how you died.,2,6
Harry Potter and the Chamber of Secrets,Chamber of Secrets,Moaning Myrtle,"Oh! It was dreadful. It happened right here in this very cubicle. I'd hidden because Olive Hornby was teasing me about my glasses. I was crying, and then I heard somebody come in.",2,33
Harry Potter and the Chamber of Secrets,Chamber of Secrets,Moaning Myrtle,"I don't know. I was Distraught! Huhh-huh…But they said something funny, a kind of made up language. And I realized it was a boy speaking, so I unlocked the door to tell him to go away and… I died.",2,39
Harry Potter and the Chamber of Secrets,Chamber of Secrets,Moaning Myrtle,"I just remember seeing a pair of great big yellow eyes…over there, by that sink. Ohhhhooo…",2,16
Harry Potter and the Chamber of Secrets,Chamber of Secrets,Harry Potter,"This is it. This is it, Ron. I think this is the entrance to the Chamber of Secrets.",2,18
Harry Potter and the Chamber of Secrets,Chamber of Secrets,Ron Weasley,"Say something. Harry, say something in Parseltongue!",2,7
Harry Potter and the Chamber of Secrets,Chamber of Secrets,Gilderoy Lockhart,"Excellent, Harry. Haa! Good work! Well then, I'll just be, ah… There's no need for me to stay.",2,18
Harry Potter and the Chamber of Secrets,Chamber of Secrets,Harry Potter,"Oh, yes there is! You first.",2,6
Harry Potter and the Chamber of Secrets,Chamber of Secrets,Gilderoy Lockhart,"Now, boys what good will it do?",2,7
Harry Potter and the Chamber of Secrets,Chamber of Secrets,Gilderoy Lockhart,"Um…but…obviously, yes. Sure you don't want to test it first? No! Aaaah! It's really quite filthy down here.",2,18
Harry Potter and the Chamber of Secrets,Chamber of Secrets,Moaning Myrtle,"Oh, Harry? If you die down there, you're welcome to share my toilet. Hee, hee.",2,15
Harry Potter and the Chamber of Secrets,Chamber of Secrets,Harry Potter,"Now remember, any sign of movement, close your eyes straightaway.",2,10
Harry Potter and the Chamber of Secrets,Backfire,Gilderoy Lockhart,It looks like a… snake.,2,5
Harry Potter and the Chamber of Secrets,Backfire,Ron Weasley,"Bloody hell. Whatever shed this must be sixty feet long-- or more! Heart of a lion, this one.",2,18
Harry Potter and the Chamber of Secrets,Backfire,Gilderoy Lockhart,"The adventure ends here, boys. But don't fret. The world will know our story. How I was too late to save the girl. How you two tragically lost your minds at the sight of her mangled body. So, you first, Mr. Potter. Say good-bye to your memories. Obliviate!",2,48
Harry Potter and the Chamber of Secrets,Backfire,Harry Potter,"Ron! Ron, are you ok?",2,5
Harry Potter and the Chamber of Secrets,Backfire,Gilderoy Lockhart,Uhh… Hello. Who are you?,2,5
Harry Potter and the Chamber of Secrets,Backfire,Gilderoy Lockhart,"Really? And uh, who- who am I?",2,7
Harry Potter and the Chamber of Secrets,Backfire,Ron Weasley,Lockhart's memory charm backfired. He hasn't got a clue who he is!,2,12
Harry Potter and the Chamber of Secrets,Backfire,Gilderoy Lockhart,"It's an odd sort of place this, isn't it? Do you live here?",2,13
Harry Potter and the Chamber of Secrets,Backfire,Ron Weasley,What'll do I do now?,2,5
Harry Potter and the Chamber of Secrets,Backfire,Harry Potter,You wait here and try and shift some of this rock so we can get back through. I'll go on and find Ginny!,2,23
Harry Potter and the Chamber of Secrets,Heir of Slytherin,Harry Potter,"Ginny… Ginny! Oh, Ginny, please don't be dead. Wake up. Wake up! Please, wake up!",2,15
Harry Potter and the Chamber of Secrets,Heir of Slytherin,Harry Potter,"Tom. Tom Riddle! What do you mean, 'she won't wake?' She's not…?",2,12
Harry Potter and the Chamber of Secrets,Heir of Slytherin,Tom Riddle,"She's still alive, but only just.",2,6
Harry Potter and the Chamber of Secrets,Heir of Slytherin,Tom Riddle,"A memory, preserved in a diary for fifty years.",2,9
Harry Potter and the Chamber of Secrets,Heir of Slytherin,Harry Potter,"She's cold as ice. Ginny, please don't be dead. Wake up! You've got to help me, Tom. There's a basilisk.",2,20
Harry Potter and the Chamber of Secrets,Heir of Slytherin,Tom Riddle,It won't come until it's called.,2,6
Harry Potter and the Chamber of Secrets,Heir of Slytherin,Harry Potter,"Give me my wand, Tom.",2,5
Harry Potter and the Chamber of Secrets,Heir of Slytherin,Tom Riddle,You won't be needing it.,2,5
Harry Potter and the Chamber of Secrets,Heir of Slytherin,Harry Potter,"Listen, we've got to go! We've got to save her!",2,10
Harry Potter and the Chamber of Secrets,Heir of Slytherin,Tom Riddle,"I'm afraid I can't do that, Harry. You see, as poor Ginny grows weaker, I grow stronger. Yes Harry, it was Ginny Weasley who opened the Chamber of Secrets.",2,29
Harry Potter and the Chamber of Secrets,Heir of Slytherin,Harry Potter,No. She couldn't. She wouldn't!,2,5
Harry Potter and the Chamber of Secrets,Heir of Slytherin,Tom Riddle,"It was Ginny who set the basilisk on the Mudbloods and Filch's cat, Ginny who wrote the threatening messages on the walls.",2,22
Harry Potter and the Chamber of Secrets,Heir of Slytherin,Tom Riddle,"Because I told her to. You'll find that I can be very persuasive. Not that she knew what she was doing. She was, shall we say, in a kind of trance. Still, the power of the diary began to scare her. And she tried to dispose of it in the girl's bathroom. And then, who should find it, but you? The very person I was most anxious to meet.",2,69
Harry Potter and the Chamber of Secrets,Heir of Slytherin,Harry Potter,"But, why did you want to meet me?",2,8
Harry Potter and the Chamber of Secrets,Heir of Slytherin,Tom Riddle,"I knew I had to talk to you, meet you if I could. So I decided to show you my capture of that brainless oaf, Hagrid, to gain your trust.",2,30
Harry Potter and the Chamber of Secrets,Heir of Slytherin,Harry Potter,"Hagrid's my friend! And you framed him, didn't you?",2,9
Harry Potter and the Chamber of Secrets,Heir of Slytherin,Tom Riddle,It was my word against Hagrid's. Only Dumbledore seemed to think he was innocent.,2,14
Harry Potter and the Chamber of Secrets,Heir of Slytherin,Harry Potter,I'll bet Dumbledore saw right through you.,2,7
Harry Potter and the Chamber of Secrets,Heir of Slytherin,Tom Riddle,"He certainly kept an annoyingly close watch on me after that. I knew it wouldn't be safe to open the Chamber again while I was still at school, so I decided to leave behind a diary preserving my sixteen-year-old self in its pages, so that one day I would be able to lead another to finish Salazar Slytherin's noble work.",2,60
Harry Potter and the Chamber of Secrets,Heir of Slytherin,Harry Potter,"Well, you haven't finished it this time. In a few hours, the Mandrake Draught will be ready, and everyone who was Petrified will be all right again.",2,27
Harry Potter and the Chamber of Secrets,Heir of Slytherin,Tom Riddle,"Haven't I told you? Killing Mudbloods doesn't matter to me anymore. For many months now, my new target… has been you. How is it that a baby, with no extraordinary magical talent, was able to defeat the greatest wizard of all time? How did you escape with nothing but a scar, while Lord Voldemort's powers were destroyed?",2,57
Harry Potter and the Chamber of Secrets,Heir of Slytherin,Harry Potter,Why do you care how I escaped? Voldemort was after your time.,2,12
Harry Potter and the Chamber of Secrets,Heir of Slytherin,Tom Riddle,"Voldemort is my past, present, and future.",2,7
Harry Potter and the Chamber of Secrets,Heir of Slytherin,Harry Potter,You! You're the Heir of Slytherin. You're Voldemort.,2,8
Harry Potter and the Chamber of Secrets,Heir of Slytherin,Tom Riddle,"Surely, you didn't think I was going to keep my filthy Muggle father's name? No. I fashioned myself a new name, a name I knew wizards everywhere would one day fear to speak, when I became the greatest sorcerer in the world.",2,42
Harry Potter and the Chamber of Secrets,Heir of Slytherin,Harry Potter,Albus Dumbledore is the greatest sorcerer in the world!,2,9
Harry Potter and the Chamber of Secrets,Heir of Slytherin,Tom Riddle,Dumbledore's been driven out of this castle by the mere memory of me!,2,13
Harry Potter and the Chamber of Secrets,Heir of Slytherin,Harry Potter,He'll never be gone! Not as long as those who remain are loyal to him! Fawkes?,2,16
Harry Potter and the Chamber of Secrets,Heir of Slytherin,Tom Riddle,"So, this is what Dumbledore sends his great defender, a songbird and an old hat. Shearhas- Samnathas- Sélithaeine.",2,18
Harry Potter and the Chamber of Secrets,The Basilisk,Tom Riddle,"Let's match the power of Lord Voldemort, Heir of Salazar Slytherin, against the famous Harry Potter. Sethae- He- This. Parseltongue won't save you now, Potter. It only obeys me!",2,29
Harry Potter and the Chamber of Secrets,The Basilisk,Tom Riddle,"No! Your bird may have blinded the basilisk, but it can still hear you!",2,14
Harry Potter and the Chamber of Secrets,The Basilisk,Tom Riddle,"Yes, Potter, the process is nearly complete. In a few minutes Ginny will be dead, and I will cease to be a memory. Lord Voldemort will return- very… much… alive!",2,30
Harry Potter and the Chamber of Secrets,Healing powers,Tom Riddle,"Remarkable isn't it, how quickly the venom of the basilisk penetrates the body? I'd guess you have little more than a minute to live. You'll be with your dear Mudblood mother soon, Harry. Funny, the damage a silly little book can do… especially in the hands of a silly, little girl. What are you doing? Stop! No! Ahhhh! Ahhhh! Ahhhh!",2,60
Harry Potter and the Chamber of Secrets,Healing powers,Ginny Weasley,"Harry. It was me- but I swear, I didn't mean to! Riddle made me, and… Harry, you're hurt!",2,18
Harry Potter and the Chamber of Secrets,Healing powers,Harry Potter,"Don't worry. Ginny, you need to get yourself out. Follow the Chamber, and you'll find Ron. You were brilliant, Fawkes. I just wasn't quick enough… Of course! Phoenix tears have healing powers. Thanks! It's alright, Ginny. It's over. It's just a memory.",2,42
Harry Potter and the Chamber of Secrets,Healing powers,Gilderoy Lockhart,Amazing! This is just like magic!,2,6
Harry Potter and the Chamber of Secrets,Out of the hat,Albus Dumbledore,"You both realize, of course, that in the past few hours you have broken perhaps a dozen school rules?",2,19
Harry Potter and the Chamber of Secrets,Out of the hat,Albus Dumbledore,And there is sufficient evidence to have you both expelled.,2,10
Harry Potter and the Chamber of Secrets,Out of the hat,Albus Dumbledore,"Therefore, it is only fitting, that you both receive Special Awards for Services to the School.",2,16
Harry Potter and the Chamber of Secrets,Out of the hat,Albus Dumbledore,"And now, Mr. Weasley, if you would, have an owl deliver these release papers to Azkaban? I believe we- we want our gamekeeper back. Harry… first, I want to thank you, Harry. You must have shown me real loyalty down in the Chamber. Nothing but that could have called Fawkes to you. And, um… second, I sense that something is troubling you. Am I right, Harry?",2,66
Harry Potter and the Chamber of Secrets,Out of the hat,Harry Potter,"It's just… You see, sir I- I couldn't help but notice certain things, certain- certain similarities, between Tom Riddle and me.",2,21
Harry Potter and the Chamber of Secrets,Out of the hat,Albus Dumbledore,"I see. Well, you can speak Parseltongue, Harry. Why? Because Lord Voldemort can speak Parseltongue. If I'm not mistaken, Harry, he transferred some of his powers to you the night he gave you that scar.",2,35
Harry Potter and the Chamber of Secrets,Out of the hat,Harry Potter,Voldemort transferred some of his powers… to me?,2,8
Harry Potter and the Chamber of Secrets,Out of the hat,Harry Potter,So the Sorting Hat was right! I should be in Slytherin.,2,11
Harry Potter and the Chamber of Secrets,Out of the hat,Albus Dumbledore,"It's true, Harry. You possess many of the qualities that Voldemort himself prizes. Determination, resourcefulness, and if I may say so, a certain disregard for the rules. Why then did the Sorting Hat place you in Gryffindor?",2,37
Harry Potter and the Chamber of Secrets,Out of the hat,Harry Potter,Because I asked it to.,2,5
Harry Potter and the Chamber of Secrets,Out of the hat,Albus Dumbledore,"Exactly, Harry! Exactly! Which makes you different from Voldemort. It is not our abilities that show what we truly are. It is our choices. If you want proof why you belong in Gryffindor, then I suggest that you look more closely at this. Be careful.",2,45
Harry Potter and the Chamber of Secrets,Out of the hat,Albus Dumbledore,Ah- it would take a true Gryffindor to pull that out of the hat.,2,14
Harry Potter and the Chamber of Secrets,Dobby's reward,Harry Potter,Dobby! So this is your master! The family you serve is the Malfoys,2,13
Harry Potter and the Chamber of Secrets,Dobby's reward,Lucius Malfoy,"I'll deal with you later. Out of my way, Potter! So, it's true-- you have returned!",2,16
Harry Potter and the Chamber of Secrets,Dobby's reward,Albus Dumbledore,"When the governors learned that Arthur Weasley's daughter was taken into the Chamber, they saw fit to summon me back.",2,20
Harry Potter and the Chamber of Secrets,Dobby's reward,Albus Dumbledore,"Curiously, Lucius, several of them were under the impression that you would curse their families, if they did not agree to suspend me in the first place.",2,27
Harry Potter and the Chamber of Secrets,Dobby's reward,Lucius Malfoy,"My sole concern has always been, and will always be, the welfare of this school and, of course, its students. The culprit has been identified, I presume?",2,27
Harry Potter and the Chamber of Secrets,Dobby's reward,Albus Dumbledore,"Only, this time, he chose to act through somebody else, by means of this.",2,14
Harry Potter and the Chamber of Secrets,Dobby's reward,Albus Dumbledore,"Fortunately, our young Mr. Potter discovered it. One hopes that no more of Lord Voldemort's old school things should find their way into innocent hands. The consequences for the one responsible would be severe.",2,34
Harry Potter and the Chamber of Secrets,Dobby's reward,Lucius Malfoy,"Well, let us hope that Mr. Potter will always be around to save the day.",2,15
Harry Potter and the Chamber of Secrets,Dobby's reward,Harry Potter,Don't worry. I will be.,2,5
Harry Potter and the Chamber of Secrets,Dobby's reward,Lucius Malfoy,"Dumbledore. Come, Dobby. We're leaving.",2,5
Harry Potter and the Chamber of Secrets,Dobby's reward,Harry Potter,"Sir, I wonder if I could have that?",2,8
Harry Potter and the Chamber of Secrets,Dobby's reward,Harry Potter,Mr. Malfoy! Mr. Malfoy! I have something of yours.,2,9
Harry Potter and the Chamber of Secrets,Dobby's reward,Lucius Malfoy,Mine? I don't know what you're talking about.,2,8
Harry Potter and the Chamber of Secrets,Dobby's reward,Harry Potter,"Oh, I think you do, sir. I think you slipped the diary into Ginny Weasley's cauldron, that day at Diagon Alley.",2,21
Harry Potter and the Chamber of Secrets,Dobby's reward,Lucius Malfoy,"You do, do you? Why don't you prove it? Come, Dobby. Dobby!",2,12
Harry Potter and the Chamber of Secrets,Dobby's reward,Dobby,Master has given Dobby a sock!,2,6
Harry Potter and the Chamber of Secrets,Dobby's reward,Dobby,Master has presented Dobby with clothes! Dobby is free!,2,9
Harry Potter and the Chamber of Secrets,Dobby's reward,Lucius Malfoy,You've lost me my servant!,2,5
Harry Potter and the Chamber of Secrets,Dobby's reward,Dobby,You shall not harm Harry Potter!,2,6
Harry Potter and the Chamber of Secrets,Dobby's reward,Lucius Malfoy,"Your parents were meddlesome fools, too. You mark my words, Potter, one day soon you are going to meet the same sticky end!",2,23
Harry Potter and the Chamber of Secrets,Dobby's reward,Dobby,Harry Potter freed Dobby! How can Dobby ever repay him?,2,10
Harry Potter and the Chamber of Secrets,Dobby's reward,Harry Potter,Never try to save my life again.,2,7
Harry Potter and the Chamber of Secrets,Welcome back,Hermione Granger,It's good to be back! Congratulations! I can't believe you solved it!,2,12
Harry Potter and the Chamber of Secrets,Welcome back,Harry Potter,"Well, we had loads of help from you. We couldn't have done it without you.",2,15
Harry Potter and the Chamber of Secrets,Welcome back,Minerva McGonagall,"Could I have your attention, please?",2,6
Harry Potter and the Chamber of Secrets,Welcome back,Albus Dumbledore,"Before we begin the feast, let us have a round of applause for Professor Sprout and Madame Pomfrey, whose Mandrake juice has been so successfully administered to all who had been Petrified. Also, in light of the recent events, as a school treat, all exams have been canceled.",2,48
Harry Potter and the Chamber of Secrets,Welcome back,Rubeus Hagrid,"Sorry I'm late! The owl that delivered my release papers got all lost and confused. Some ruddy bird called Errol. And I'd just like to say that aif it hadn't been for you, Harry, and Ron, and Hermione, o' course, I woulduh- I'd still be you-know-where, so I- I'd just like to say 'Thanks.'",2,54
Harry Potter and the Chamber of Secrets,Welcome back,Harry Potter,"Well, there's no Hogwarts without you, Hagrid.",2,7
Harry Potter and the Prisoner of Azkaban,Under Covers Prologue,Harry Potter,Lumos Maxima. Lumos Maxima. Lumos Maxima. Lumos Maxima. Lumos Maxima!,3,10
Harry Potter and the Prisoner of Azkaban,Aunt Marge's Big Mistake,Petunia Dursley,"Harry! Harry! Harry, open the door! Marge! How lovely to see...",3,11
Harry Potter and the Prisoner of Azkaban,Aunt Marge's Big Mistake,Harry Potter,"Uncle Vernon, I need you to sign this form.",3,9
Harry Potter and the Prisoner of Azkaban,Aunt Marge's Big Mistake,Vernon Dursley,"Later perhaps, if you behave.",3,5
Harry Potter and the Prisoner of Azkaban,Aunt Marge's Big Mistake,Harry Potter,I will if she does.,3,5
Harry Potter and the Prisoner of Azkaban,Aunt Marge's Big Mistake,Marge Dursley,"Oh, you're still here, are you?",3,6
Harry Potter and the Prisoner of Azkaban,Aunt Marge's Big Mistake,Marge Dursley,"Don't say yes in that ungrateful way. Damn good of my brother to keep you. He'd have been straight to an orphanage if he'd been dumped on my doorstep. Is that my Dudders? Is that my little neffy-pooh? Give us a kiss! Come on! Up, up!",3,46
Harry Potter and the Prisoner of Azkaban,Aunt Marge's Big Mistake,Marge Dursley,"Finish that off for Mommy. Good boy, Rippy-pooh.",3,8
Harry Potter and the Prisoner of Azkaban,Aunt Marge's Big Mistake,Vernon Dursley,"Can I tempt you, Marge?",3,5
Harry Potter and the Prisoner of Azkaban,Aunt Marge's Big Mistake,Marge Dursley,"Just a small one. Excellent nosh, Petunia. A bit more. Usually just a fry-up for me, what with 12 dogs. Just a bit more. That's a boy! Mm! You wanna try a little drop of brandy? A little drop of brandy-brandy windy-wandy for Rippy-pippy-pooh? What are you smirking at? Where did you send the boy, Vernon?",3,56
Harry Potter and the Prisoner of Azkaban,Aunt Marge's Big Mistake,Vernon Dursley,St. Brutus'. It's a fine institution for hopeless cases.,3,9
Harry Potter and the Prisoner of Azkaban,Aunt Marge's Big Mistake,Marge Dursley,"Do they use a cane at St. Brutus', boy?",3,9
Harry Potter and the Prisoner of Azkaban,Aunt Marge's Big Mistake,Harry Potter,"Oh, yeah. Yeah. I've been beaten loads of times.",3,9
Harry Potter and the Prisoner of Azkaban,Aunt Marge's Big Mistake,Marge Dursley,"Excellent. I won't have this namby-pamby... wishy-washy nonsense about not beating people who deserve it. You mustn't blame yourself about how this one turned out. It's all to do with blood. Bad blood will out. What is it the boy's father did, Petunia?",3,43
Harry Potter and the Prisoner of Azkaban,Aunt Marge's Big Mistake,Petunia Dursley,Nothing. He didn't work. He was unemployed.,3,7
Harry Potter and the Prisoner of Azkaban,Aunt Marge's Big Mistake,Marge Dursley,"And a drunk too, no doubt?",3,6
Harry Potter and the Prisoner of Azkaban,Aunt Marge's Big Mistake,Harry Potter,My dad wasn't a drunk!,3,5
Harry Potter and the Prisoner of Azkaban,Aunt Marge's Big Mistake,Marge Dursley,"Oh, don't worry Don't fuss, Petunia. I have a very firm grip.",3,12
Harry Potter and the Prisoner of Azkaban,Aunt Marge's Big Mistake,Vernon Dursley,I think it's time you went to bed.,3,8
Harry Potter and the Prisoner of Azkaban,Aunt Marge's Big Mistake,Marge Dursley,"Quiet, Vernon. You, clean it up. Actually, it's nothing to do with the father. It's all to do with the mother. You see it all the time with dogs. If there's something wrong with the bitch, then there's something wrong with the pup.",3,43
Harry Potter and the Prisoner of Azkaban,Aunt Marge's Big Mistake,Marge Dursley,"Mm. Right! Let me tell you... y-y-- Vernon! Vernon! Vernon, do something!",3,12
Harry Potter and the Prisoner of Azkaban,Aunt Marge's Big Mistake,Vernon Dursley,"Ow! Ripper! Ow! Ripper, get down, boy! Down! Ripper, stop it! Stop! I've got you, Marge! I've got you! Hold on, hold on! Get off!",3,25
Harry Potter and the Prisoner of Azkaban,Aunt Marge's Big Mistake,Vernon Dursley,"Oh, God! Marge! Please! Marge! Come back! You bring her back! You bring her back now and you put her right!",3,21
Harry Potter and the Prisoner of Azkaban,Aunt Marge's Big Mistake,Harry Potter,No! She deserved what she got! Keep away from me.,3,10
Harry Potter and the Prisoner of Azkaban,Aunt Marge's Big Mistake,Vernon Dursley,You're not allowed to do magic outside school.,3,8
Harry Potter and the Prisoner of Azkaban,Aunt Marge's Big Mistake,Vernon Dursley,They won't let you back now. You've nowhere to go.,3,10
Harry Potter and the Prisoner of Azkaban,Aunt Marge's Big Mistake,Harry Potter,I don't care. Anywhere's better than here.,3,7
Harry Potter and the Prisoner of Azkaban,The Knight Bus,Harry Potter,I didn't do it on purpose.,3,6
Harry Potter and the Prisoner of Azkaban,The Knight Bus,Harry Potter,The Leaky Cauldron. That's in London.,3,6
Harry Potter and the Prisoner of Azkaban,The Knight Bus,Harry Potter,But the Muggles. Can't they see us?,3,7
Harry Potter and the Prisoner of Azkaban,The Knight Bus,Harry Potter,Who is that? That man.,3,5
Harry Potter and the Prisoner of Azkaban,The Knight Bus,Harry Potter,Yeah. Him I've heard of.,3,5
Harry Potter and the Prisoner of Azkaban,The Leaky Cauldron,Cornelius Fudge,": Right smart bird you got there, Mr. Potter. He arrived here just five minutes before yourself.",3,17
Harry Potter and the Prisoner of Azkaban,The Leaky Cauldron,Cornelius Fudge,"As Minister for Magic, it is my duty to inform you, Mr. Potter... that earlier this evening your uncle's sister was located... a little south of Sheffield, circling a chimney stack. The Accidental Magic Reversal Department was dispatched immediately. She has been properly punctured and her memory modified. She will have no recollection of the incident whatsoever. So that's that... and no harm done.",3,64
Harry Potter and the Prisoner of Azkaban,The Leaky Cauldron,Harry Potter,I broke the law. Underage wizards can't use magic at home.,3,11
Harry Potter and the Prisoner of Azkaban,The Leaky Cauldron,Cornelius Fudge,"Come now, Harry the Ministry doesn't send people to Azkaban... for blowing up their aunts. On the other hand, running away like that, given the state of things... was very, very irresponsible.",3,32
Harry Potter and the Prisoner of Azkaban,The Leaky Cauldron,Harry Potter,"The state of things, sir?",3,5
Harry Potter and the Prisoner of Azkaban,The Leaky Cauldron,Cornelius Fudge,We have a killer on the loose.,3,7
Harry Potter and the Prisoner of Azkaban,The Leaky Cauldron,Harry Potter,"Sirius Black, you mean? But what's he got to do with me?",3,12
Harry Potter and the Prisoner of Azkaban,The Leaky Cauldron,Cornelius Fudge,"Nothing, of course. You're safe. And that's what matters. And tomorrow you'll be on your way back to Hogwarts. These are your new schoolbooks. I took the liberty... of having them brought here. Now Tom will show you to your room.",3,41
Harry Potter and the Prisoner of Azkaban,The Leaky Cauldron,Cornelius Fudge,"Oh, by the way, Harry. Whilst you're here, it would be best if you didn't... wander.",3,16
Harry Potter and the Prisoner of Azkaban,In Grave Danger,Ron Weasley,"I'm warning you, Hermione. Keep that bloody beast of yours away from Scabbers, or I'll turn it into a tea cozy.",3,21
Harry Potter and the Prisoner of Azkaban,In Grave Danger,Hermione Granger,"It's a cat, Ronald. What do you expect? It's in his nature.",3,12
Harry Potter and the Prisoner of Azkaban,In Grave Danger,Ron Weasley,A cat? Is that what they told you? Looks more like a pig with hair.,3,15
Harry Potter and the Prisoner of Azkaban,In Grave Danger,Hermione Granger,"That's rich... coming from the owner of that smelly old shoe brush. Crookshanks, just ignore the mean little boy.",3,19
Harry Potter and the Prisoner of Azkaban,In Grave Danger,Ron Weasley,"Brilliant. Loads of old stuff... like mummies, tombs, even Scabbers enjoyed himself.",3,12
Harry Potter and the Prisoner of Azkaban,In Grave Danger,Hermione Granger,You know the Egyptians used to worship cats?,3,8
Harry Potter and the Prisoner of Azkaban,In Grave Danger,Ron Weasley,Along with the dung beetle.,3,5
Harry Potter and the Prisoner of Azkaban,In Grave Danger,Fred Weasley,Not flashing that clipping again are you Ron?,3,8
Harry Potter and the Prisoner of Azkaban,In Grave Danger,George Weasley,Not flashing that clipping again are you Ron?,3,8
Harry Potter and the Prisoner of Azkaban,In Grave Danger,Fred Weasley,"': No, not a soul. Not unless you count Tom. The day maid. The night maid. The Cook. The bloke who fixed the toilet. And that wizard from Belgium.",3,29
Harry Potter and the Prisoner of Azkaban,In Grave Danger,George Weasley,"': No, not a soul. Not unless you count Tom. The day maid. The night maid. The Cook. The bloke who fixed the toilet. And that wizard from Belgium.",3,29
Harry Potter and the Prisoner of Azkaban,In Grave Danger,Molly Weasley,"Good to see you, dear.",3,5
Harry Potter and the Prisoner of Azkaban,In Grave Danger,Molly Weasley,You got everything you need?,3,5
Harry Potter and the Prisoner of Azkaban,In Grave Danger,Molly Weasley,Yes? All of your books?,3,5
Harry Potter and the Prisoner of Azkaban,In Grave Danger,Arthur Weasley,"Harry, wonder if I might have a word?",3,8
Harry Potter and the Prisoner of Azkaban,In Grave Danger,Arthur Weasley,Looking forward to a new term?,3,6
Harry Potter and the Prisoner of Azkaban,In Grave Danger,Harry Potter,Yeah. It should be great.,3,5
Harry Potter and the Prisoner of Azkaban,In Grave Danger,Arthur Weasley,"Harry, some within the Ministry would strongly discourage me... from divulging what I'm about to reveal to you. But I think that you need to know the facts. You are in danger. Grave danger.",3,34
Harry Potter and the Prisoner of Azkaban,In Grave Danger,Harry Potter,"Has this anything to do with Sirius Black, sir?",3,9
Harry Potter and the Prisoner of Azkaban,In Grave Danger,Arthur Weasley,"What do you know about Sirius Black, Harry?",3,8
Harry Potter and the Prisoner of Azkaban,In Grave Danger,Harry Potter,Only that he's escaped from Azkaban.,3,6
Harry Potter and the Prisoner of Azkaban,In Grave Danger,Arthur Weasley,"Do you know why? Thirteen years ago, when you stopped...",3,10
Harry Potter and the Prisoner of Azkaban,In Grave Danger,Arthur Weasley,"When you stopped You-Know-Who... Black lost everything. But to this day, he still remains a faithful servant. And in his mind... you are the only thing that stands in the way... of You-Know-Who returning to power. And that is why... he has escaped from Azkaban. To find you.",3,48
Harry Potter and the Prisoner of Azkaban,In Grave Danger,Arthur Weasley,"Harry, swear to me that whatever you might hear... you won't go looking for Black.",3,15
Harry Potter and the Prisoner of Azkaban,In Grave Danger,Harry Potter,Mr. Weasley... why would I go looking for someone who wants to kill me?,3,14
Harry Potter and the Prisoner of Azkaban,The Dementor,Molly Weasley,"Quick. Quick. Ron, Ron! Oh, for goodness' sake! Don't lose him!",3,11
Harry Potter and the Prisoner of Azkaban,The Dementor,Harry Potter,I didn't mean to blow her up. I just... I lost control.,3,12
Harry Potter and the Prisoner of Azkaban,The Dementor,Hermione Granger,"Honestly, Ron, it's not funny. Harry was lucky not to be expelled.",3,12
Harry Potter and the Prisoner of Azkaban,The Dementor,Harry Potter,I think I was lucky not to be arrested actually.,3,10
Harry Potter and the Prisoner of Azkaban,The Dementor,Ron Weasley,I still think it was brilliant.,3,6
Harry Potter and the Prisoner of Azkaban,The Dementor,Hermione Granger,Come on. Everywhere else is full.,3,6
Harry Potter and the Prisoner of Azkaban,The Dementor,Ron Weasley,Who do you think that is?,3,6
Harry Potter and the Prisoner of Azkaban,The Dementor,Ron Weasley,Do you know everything? How is it she knows everything?,3,10
Harry Potter and the Prisoner of Azkaban,The Dementor,Hermione Granger,"It's on his suitcase, Ronald.",3,5
Harry Potter and the Prisoner of Azkaban,The Dementor,Harry Potter,Do you think he's really asleep?,3,6
Harry Potter and the Prisoner of Azkaban,The Dementor,Harry Potter,I gotta tell you something.,3,5
Harry Potter and the Prisoner of Azkaban,The Dementor,Ron Weasley,Let me get this straight. Sirius Black has escaped from Azkaban to come after you?,3,15
Harry Potter and the Prisoner of Azkaban,The Dementor,Hermione Granger,"But they'll catch Black, won't they? I mean, everyone's looking for him.",3,12
Harry Potter and the Prisoner of Azkaban,The Dementor,Ron Weasley,"Sure. Except no one's ever broken out of Azkaban before... and he's a murderous, raving lunatic.",3,16
Harry Potter and the Prisoner of Azkaban,The Dementor,Hermione Granger,Why are we stopping? We can't be there yet.,3,9
Harry Potter and the Prisoner of Azkaban,The Dementor,Harry Potter,I don't know. Maybe we've broken down.,3,7
Harry Potter and the Prisoner of Azkaban,The Dementor,Hermione Granger,"Ouch, Ron. That was my foot.",3,6
Harry Potter and the Prisoner of Azkaban,The Dementor,Ron Weasley,There's something moving out there. I think... someone's coming aboard.,3,10
Harry Potter and the Prisoner of Azkaban,The Dementor,Hermione Granger,"Harry. Harry, are you all right?",3,6
Harry Potter and the Prisoner of Azkaban,The Dementor,Remus Lupin,"Here, eat this. It'll help. It's all right. It's chocolate.",3,10
Harry Potter and the Prisoner of Azkaban,The Dementor,Harry Potter,What was that thing that came?,3,6
Harry Potter and the Prisoner of Azkaban,The Dementor,Remus Lupin,"It was a dementor. One of the guards of Azkaban. It's gone now. It was searching the train for Sirius Black. If you'll excuse me, I need to have a little word with the driver. Eat. You'll feel better.",3,39
Harry Potter and the Prisoner of Azkaban,The Dementor,Ron Weasley,"Well, you sort of went rigid. We thought maybe you were having a fit or something.",3,16
Harry Potter and the Prisoner of Azkaban,The Dementor,Harry Potter,And did either of you two... you know... pass out?,3,10
Harry Potter and the Prisoner of Azkaban,The Dementor,Ron Weasley,"No. I felt weird, though. Like I'd never be cheerful again.",3,11
Harry Potter and the Prisoner of Azkaban,The Dementor,Harry Potter,But someone was screaming. A woman.,3,6
Harry Potter and the Prisoner of Azkaban,The Dementor,Hermione Granger,"No one was screaming, Harry.",3,5
Harry Potter and the Prisoner of Azkaban,Welcome and Warning,Albus Dumbledore,"Welcome! Welcome to another year at Hogwarts! Now, I'd like to say a few words... before we all become too befuddled by our excellent feast. First, I'm pleased to welcome Professor R.J. Lupin... who's kindly consented to fill the post... of Defense Against the Dark Arts teacher. Good luck, Professor.",3,50
Harry Potter and the Prisoner of Azkaban,Welcome and Warning,Hermione Granger,"Of course. That's why he knew to give you the chocolate, Harry.",3,12
Harry Potter and the Prisoner of Azkaban,Welcome and Warning,Draco Malfoy,"Potter. Is it true you fainted? I mean, you actually fainted?",3,11
Harry Potter and the Prisoner of Azkaban,Welcome and Warning,Harry Potter,How did he find out?,3,5
Harry Potter and the Prisoner of Azkaban,Welcome and Warning,Albus Dumbledore,"Our Care of Magical Creatures teacher... has decided to retire... in order to spend more time with his remaining limbs. Fortunately, I'm delighted to announce... that his place will be taken by none other... than our own Rubeus Hagrid. Finally, on a more disquieting note... at the request of the Ministry of Magic... Hogwarts will, until further notice, play host to the dementors of Azkaban... until such a time as Sirius Black is captured. The dementors will be stationed at every entrance to the grounds. Now whilst I've been assured... that their presence will not disrupt our day-to-day activities... a word of caution. Dementors are vicious creatures. They'll not distinguish... between the one they hunt and the one who gets in their way. Therefore, I must warn each and every one of you... to give them no reason to harm you. It is not in the nature of a dementor to be forgiving. But you know, happiness can be found... even in the darkest of times... if one only remembers to turn on the light.",3,175
Harry Potter and the Prisoner of Azkaban,Welcome and Warning,Seamus Finnigan,"Fortuna Major. Here, listen. She just won't let me in. Fortuna Major.",3,12
Harry Potter and the Prisoner of Azkaban,Welcome and Warning,Harry Potter,"She's still doing that after three years. She can't even sing. Exactly. Hey, man. Hey, man. Oh, God. That's awful.",3,20
Harry Potter and the Prisoner of Azkaban,Welcome and Warning,Seamus Finnigan,"She's still doing that after three years. She can't even sing. Exactly. Hey, man. Hey, man. Oh, God. That's awful.",3,20
Harry Potter and the Prisoner of Azkaban,Welcome and Warning,Ron Weasley,". Green. That's a monkey. What is that? You call that a monkey? Do not give him one again. Hey, Neville, try an elephant.",3,24
Harry Potter and the Prisoner of Azkaban,Welcome and Warning,Seamus Finnigan,I think we have a winner.,3,6
Harry Potter and the Prisoner of Azkaban,Welcome and Warning,Ron Weasley,"Oh, don't try one of them. Oh, no. Look at him. His face.",3,13
Harry Potter and the Prisoner of Azkaban,Tea Leaves,Sybill Trelawney,"Welcome, my children. In this room, you shall explore the noble art of Divination. In this room, you shall discover if you possess the Sight. Hello. I am Professor Trelawney. Together we shall cast ourselves into the future. This term, we'll focus on Tasseomancy, the art of reading tea leaves. So please, take the cup of the person sitting opposite you. What do you see? The truth lies buried like a sentence deep within a book, waiting to be read. But first, you must broaden your minds. First, you must look beyond.",3,92
Harry Potter and the Prisoner of Azkaban,Tea Leaves,Hermione Granger,What a load of rubbish.,3,5
Harry Potter and the Prisoner of Azkaban,Tea Leaves,Ron Weasley,Where did you come from?,3,5
Harry Potter and the Prisoner of Azkaban,Tea Leaves,Hermione Granger,Me? I've been here all this time.,3,7
Harry Potter and the Prisoner of Azkaban,Tea Leaves,Sybill Trelawney,"You, boy... Is your grandmother quite well?",3,7
Harry Potter and the Prisoner of Azkaban,Tea Leaves,Sybill Trelawney,"I wouldn't be so sure of that. Give me the cup. Pity. Broaden your minds. Your aura is pulsing, dear. Are you in the beyond? I think you are.",3,29
Harry Potter and the Prisoner of Azkaban,Tea Leaves,Sybill Trelawney,Look at the cup. Tell me what you see.,3,9
Harry Potter and the Prisoner of Azkaban,Tea Leaves,Ron Weasley,"Oh, yeah. Um... Well, Harry's got sort of a wonky cross. That's trials and suffering. And that there could be the sun and that's happiness. So... you're gonna suffer, but you're gonna be... happy about it.",3,36
Harry Potter and the Prisoner of Azkaban,Tea Leaves,Sybill Trelawney,"Give me the cup. Oh, my dear boy. My dear... you have the Grim.",3,14
Harry Potter and the Prisoner of Azkaban,Tea Leaves,Ron Weasley,You don't think that Grim thing's got anything to do with Sirius Black?,3,13
Harry Potter and the Prisoner of Azkaban,Tea Leaves,Hermione Granger,"Oh, honestly, Ron. If you ask me, Divination's a woolly discipline. Now, Ancient Runes, that's a fascinating subject.",3,18
Harry Potter and the Prisoner of Azkaban,Tea Leaves,Ron Weasley,Ancient Runes? Exactly how many classes are you taking?,3,9
Harry Potter and the Prisoner of Azkaban,Tea Leaves,Ron Weasley,Hang on. That's not possible. Ancient Runes is in the same time as Divination. You have to be in two classes at once.,3,23
Harry Potter and the Prisoner of Azkaban,Tea Leaves,Hermione Granger,Don't be silly Ron. How could anyone be in two classes at once? Broaden your minds. Use your Inner Eye to see the future!.,3,24
Harry Potter and the Prisoner of Azkaban,Buckbeak,Rubeus Hagrid,"That's it. Come on, now. Come closer. Less talking, if you don't mind. I got a real treat for you today. A great lesson. So follow me. Right, you lot. Less chattering. Form a group over there. And open your books to page 49.",3,44
Harry Potter and the Prisoner of Azkaban,Buckbeak,Draco Malfoy,Exactly how do we do that?,3,6
Harry Potter and the Prisoner of Azkaban,Buckbeak,Rubeus Hagrid,"Just stroke the spine, of course. Goodness me.",3,8
Harry Potter and the Prisoner of Azkaban,Buckbeak,Draco Malfoy,"Don't be such a wimp, Longbottom.",3,6
Harry Potter and the Prisoner of Azkaban,Buckbeak,Draco Malfoy,"Oh, yeah. Terribly funny. Really Witty. God, this place has gone to the dogs. Wait until Father hears Dumbledore's got this oaf teaching classes.",3,24
Harry Potter and the Prisoner of Azkaban,Buckbeak,Ron Weasley,You're supposed to stroke it.,3,5
Harry Potter and the Prisoner of Azkaban,Buckbeak,Rubeus Hagrid,Isn't he beautiful? Say hello to Buckbeak.,3,7
Harry Potter and the Prisoner of Azkaban,Buckbeak,Ron Weasley,"Hagrid, exactly what is that?",3,5
Harry Potter and the Prisoner of Azkaban,Buckbeak,Rubeus Hagrid,"That, Ron, is a hippogriff. First thing you wanna know about hippogriffs is that they're very proud creatures. Very easily offended. You do not want to insult a hippogriff. It may just be the last thing you ever do. Now, who'd like to come and say hello? Well done, Harry. Well done. Come on now. Now... you have to let him make the first move. It's only polite. So... step up. Give him a nice bow. Then you wait and see if he bows back. If he does, you can go and touch him. If not... Well, we'll get to that later. Just make your bow. Nice and low. Back off, Harry. Back off. Keep still. Keep still. Well done, Harry. Well done. Here, you big brute, you. Right. I think you can go and pat him now. Go on. Don't be shy. Nice and slow, now. Nice and slow. Slow. Not so fast, Harry. Slow down, Harry. That's it... Nice and slow. Now let him come to you. Slowly, now, slowly, slowly... That's it... Yes! Well done! Well done, Harry, well done! I think he may let you ride him now.",3,192
Harry Potter and the Prisoner of Azkaban,Buckbeak,Rubeus Hagrid,"Put you over here, just behind the wing joint. Don't pull out any of his feathers, because he won't thank you for that. Well done, Harry, and well done, Buckbeak.",3,30
Harry Potter and the Prisoner of Azkaban,Buckbeak,Rubeus Hagrid,"Well done, well done. How am I doing me first day?",3,11
Harry Potter and the Prisoner of Azkaban,Buckbeak,Draco Malfoy,"Yes you're not dangerous at all, are you, you great ugly brute!",3,12
Harry Potter and the Prisoner of Azkaban,Buckbeak,Rubeus Hagrid,"Malfoy, no... No! Buckbeak! Whoa, whoa, whoa... Whoa! Buckbeak! Away, you silly creature!",3,13
Harry Potter and the Prisoner of Azkaban,Buckbeak,Draco Malfoy,It's killed me! It's killed me!,3,6
Harry Potter and the Prisoner of Azkaban,Buckbeak,Rubeus Hagrid,Calm down! It's just a scratch!,3,6
Harry Potter and the Prisoner of Azkaban,Buckbeak,Hermione Granger,Hagrid! He has to be taken to the hospital.,3,9
Harry Potter and the Prisoner of Azkaban,Buckbeak,Rubeus Hagrid,I'm the teacher. I'll do it.,3,6
Harry Potter and the Prisoner of Azkaban,Buckbeak,Draco Malfoy,Oh You're gonna regret this.,3,5
Harry Potter and the Prisoner of Azkaban,Buckbeak,Draco Malfoy,You and your bloody chicken!,3,5
Harry Potter and the Prisoner of Azkaban,Boggart in the Wardrobe,Draco Malfoy,"It comes and it goes. Still, I consider myself lucky. Madam Pomfrey said another minute and I could've lost my arm. I couldn't do homework for weeks.",3,27
Harry Potter and the Prisoner of Azkaban,Boggart in the Wardrobe,Ron Weasley,"Listen to the idiot. He's really laying it on thick, isn't he?",3,12
Harry Potter and the Prisoner of Azkaban,Boggart in the Wardrobe,Harry Potter,At least Hagrid didn't get fired.,3,6
Harry Potter and the Prisoner of Azkaban,Boggart in the Wardrobe,Hermione Granger,Yeah but I heard Draco's father's furious. We haven't heard the end of this.,3,14
Harry Potter and the Prisoner of Azkaban,Boggart in the Wardrobe,Seamus Finnigan,He's been sighted! He's been sighted!,3,6
Harry Potter and the Prisoner of Azkaban,Boggart in the Wardrobe,Hermione Granger,Dufftown? That's not far from here.,3,6
Harry Potter and the Prisoner of Azkaban,Boggart in the Wardrobe,Seamus Finnigan,Dementors? He's already slipped past them once. Who's to say he won't do it again?,3,15
Harry Potter and the Prisoner of Azkaban,Boggart in the Wardrobe,Remus Lupin,"Intriguing, isn't it? Would anyone like to venture a guess... as to what is inside?",3,15
Harry Potter and the Prisoner of Azkaban,Boggart in the Wardrobe,Remus Lupin,"Very good, Mr. Thomas. Now, can anybody tell me what a boggart looks like?",3,14
Harry Potter and the Prisoner of Azkaban,Boggart in the Wardrobe,Ron Weasley,When did she get here?,3,5
Harry Potter and the Prisoner of Azkaban,Boggart in the Wardrobe,Hermione Granger,Boggarts are shape-shifters. They take the shape of whatever a particular person fears the most. That's what makes them so...,3,20
Harry Potter and the Prisoner of Azkaban,Boggart in the Wardrobe,Remus Lupin,"So terrifying, yes, yes, yes... Luckily, a very simple charm exists to repel a boggart. Let's practice it now. Without wands, please. After me. Riddikulus!",3,25
Harry Potter and the Prisoner of Azkaban,Boggart in the Wardrobe,Remus Lupin,Very good. A little louder and very clear. Listen: Riddikulus!,3,10
Harry Potter and the Prisoner of Azkaban,Boggart in the Wardrobe,Remus Lupin,"Very good. So much for the easy part. You see, the incantation alone is not enough. What really finishes a boggart is laughter. You need to force it to assume a shape you find truly amusing. Let me explain. Uh... Neville, would you join me, please? Come on, don't be shy. Come on. Come on. Hello. Neville, what frightens you most of all?",3,63
Harry Potter and the Prisoner of Azkaban,Boggart in the Wardrobe,Remus Lupin,"Professor Snape. Yes, frightens all. And I believe you live with your grandmother.",3,13
Harry Potter and the Prisoner of Azkaban,Boggart in the Wardrobe,Neville Longbottom,"Y-Yes but I don't want that boggart to turn into her, either.",3,12
Harry Potter and the Prisoner of Azkaban,Boggart in the Wardrobe,Remus Lupin,"No... it won't. I want you to picture her clothes. Only her clothes, very clearly, in your mind.",3,18
Harry Potter and the Prisoner of Azkaban,Boggart in the Wardrobe,Neville Longbottom,She carries a red handbag...,3,5
Harry Potter and the Prisoner of Azkaban,Boggart in the Wardrobe,Remus Lupin,"We don't need to hear. As long as you see it, we'll see it. Now, when I open that wardrobe... here's what I want you to do. Excuse me. Imagine Professor Snape in your grandmother's clothes. Can you do that? Yes. Wand at the ready. One, two, three. Think, Neville, think.",3,51
Harry Potter and the Prisoner of Azkaban,Boggart in the Wardrobe,Remus Lupin,"Wonderful, Neville, wonderful! Incredible! Okay... to the back, Neville. Everyone, form a line! Form a line! I want everyone to picture the thing they fear the very most... and turn it into something funny. Next! Ron! Concentrate. Face your fear. Be brave! Wand at the ready, Ron, wand at the ready.",3,51
Harry Potter and the Prisoner of Azkaban,Boggart in the Wardrobe,Remus Lupin,"Yes! You see? Very good, very good! Marvelous! Absolutely, very, very enjoyable! Parvati! Next! Show us what you see. Keep your nerve. Steady.",3,23
Harry Potter and the Prisoner of Azkaban,Boggart in the Wardrobe,Remus Lupin,"And next! Step up, step up! Wonderful, wonderful! Here! Riddikulus! Right. Sorry about that. That's enough for today. Collect your books from the back. That's the end of the lesson. Thank you! Sorry! Sorry, you can have too much of a good thing.",3,43
Harry Potter and the Prisoner of Azkaban,Talent for Trouble,Minerva McGonagall,"Now remember, these visits to Hogsmeade village are a privilege. Should your behavior reflect poorly on the school in anyway that privilege shall not be extended again. No permission form signed, no visiting the village. That's the rule, Potter.",3,39
Harry Potter and the Prisoner of Azkaban,Talent for Trouble,Argus Filch,"Those with permission, follow me. Those without, stay put.",3,9
Harry Potter and the Prisoner of Azkaban,Talent for Trouble,Harry Potter,"But professor I thought if you signed it, then I could...",3,11
Harry Potter and the Prisoner of Azkaban,Talent for Trouble,Minerva McGonagall,"I can't. Only a parent or a guardian can sign. Since I am neither, it would be inappropriate. I'm sorry, Potter. That's my final word.",3,25
Harry Potter and the Prisoner of Azkaban,Talent for Trouble,Harry Potter,"Forget about it, guys. See you later.",3,7
Harry Potter and the Prisoner of Azkaban,Talent for Trouble,Harry Potter,"Professor, can I ask you something?",3,6
Harry Potter and the Prisoner of Azkaban,Talent for Trouble,Remus Lupin,"You want to know why I stopped you facing that boggart, yes? I would've thought it'd be obvious. I assumed it would take the shape of Lord Voldemort.",3,28
Harry Potter and the Prisoner of Azkaban,Talent for Trouble,Harry Potter,I did think of Voldemort at first. But then I remembered that night on the train... and the dementor.,3,19
Harry Potter and the Prisoner of Azkaban,Talent for Trouble,Remus Lupin,I'm very impressed. That suggests what you fear the most is fear itself. This is very wise.,3,17
Harry Potter and the Prisoner of Azkaban,Talent for Trouble,Harry Potter,Before I fainted... I heard something. A woman... screaming.,3,9
Harry Potter and the Prisoner of Azkaban,Talent for Trouble,Remus Lupin,Dementors force us to relive our very worst memories. Our pain becomes their power.,3,14
Harry Potter and the Prisoner of Azkaban,Talent for Trouble,Harry Potter,I think it was my mother... the night she was murdered.,3,11
Harry Potter and the Prisoner of Azkaban,Talent for Trouble,Remus Lupin,"The very first time I saw you, Harry, I recognized you immediately. Not by your scar, by your eyes. They're your mother, Lily's. Yes. Oh, yes. I knew her. Your mother was there for me at a time when no one else was. Not only was she a singularly gifted witch... she was also an uncommonly kind woman. She had a way of seeing the beauty in others... even, and perhaps most especially, when that person could not see it in themselves. And your father, James, on the other hand... he... He had a certain, shall we say, talent for trouble. A talent, rumor has it, he passed on to you. You're more like them than you know, Harry. In time, you'll come to see just how much.",3,128
Harry Potter and the Prisoner of Azkaban,Flight of the Fat Lady,Ron Weasley,"Honeyduke's Sweetshop is brilliant, but nothing beats Zonko's Joke Shop. We never did got a chance to go to the Shrieking Shack though. You heard it's the most...",3,28
Harry Potter and the Prisoner of Azkaban,Flight of the Fat Lady,Harry Potter,The most haunted building in Britain. Yeah I know. What's going on?,3,12
Harry Potter and the Prisoner of Azkaban,Flight of the Fat Lady,Ron Weasley,Probably Neville forgotten the password again.,3,6
Harry Potter and the Prisoner of Azkaban,Flight of the Fat Lady,Percy Weasley,"Let me through, please. Excuse me! I'm Head Boy! Get back, all of you. No one is to enter this dormitory until it's been searched.",3,25
Harry Potter and the Prisoner of Azkaban,Flight of the Fat Lady,Ginny Weasley,The Fat Lady! She's gone!,3,5
Harry Potter and the Prisoner of Azkaban,Flight of the Fat Lady,Ron Weasley,Serves her right. She was a terrible singer.,3,8
Harry Potter and the Prisoner of Azkaban,Flight of the Fat Lady,Percy Weasley,"Keep calm, everyone. Break into fours. Back to your common room. Be quiet.",3,13
Harry Potter and the Prisoner of Azkaban,Flight of the Fat Lady,Albus Dumbledore,Mr. Filch? Round up the ghosts. Tell them to search every painting in the castle to find the Fat Lady.,3,20
Harry Potter and the Prisoner of Azkaban,Flight of the Fat Lady,Argus Filch,"There's no need for ghosts, professor. The Fat Lady's there.",3,10
Harry Potter and the Prisoner of Azkaban,Flight of the Fat Lady,Percy Weasley,Mind where you're going! Slow down! You listen! I'm Head Boy! Come back here!,3,14
Harry Potter and the Prisoner of Azkaban,Flight of the Fat Lady,Albus Dumbledore,"Dear lady, who did this to you?",3,7
Harry Potter and the Prisoner of Azkaban,Flight of the Fat Lady,Albus Dumbledore,"Secure the castle, Mr. Filch. The rest of you, to the Great Hall.",3,13
Harry Potter and the Prisoner of Azkaban,Flight of the Fat Lady,Argus Filch,"I've searched the Astronomy Tower and the Owlery, sir. But there's nothing there.",3,13
Harry Potter and the Prisoner of Azkaban,Flight of the Fat Lady,Severus Snape,"I've done the dungeons, headmaster. No sign of Black, nor anywhere else in the castle.",3,15
Harry Potter and the Prisoner of Azkaban,Flight of the Fat Lady,Albus Dumbledore,I didn't really expect him to linger.,3,7
Harry Potter and the Prisoner of Azkaban,Flight of the Fat Lady,Severus Snape,"Remarkable feat, don't you think? To enter Hogwarts Castle on one's own... completely undetected?",3,14
Harry Potter and the Prisoner of Azkaban,Flight of the Fat Lady,Severus Snape,Any theories on how he managed it?,3,7
Harry Potter and the Prisoner of Azkaban,Flight of the Fat Lady,Albus Dumbledore,Many. Each as unlikely as the next.,3,7
Harry Potter and the Prisoner of Azkaban,Flight of the Fat Lady,Severus Snape,You may recall... prior to the start of term I expressed concerns... about your appointment of Professor...,3,17
Harry Potter and the Prisoner of Azkaban,Flight of the Fat Lady,Albus Dumbledore,Not a single professor inside this castle would help Sirius Black enter it. I'm quite convinced the castle is safe... and I'm more than willing to send the students back to their houses.,3,33
Harry Potter and the Prisoner of Azkaban,Flight of the Fat Lady,Severus Snape,What about Potter? Should he be warned?,3,7
Harry Potter and the Prisoner of Azkaban,Flight of the Fat Lady,Albus Dumbledore,"Perhaps. But for now, let him sleep. For in dreams, we enter a world that's entirely our own. Let them swim in the deepest ocean or glide over the highest cloud.",3,31
Harry Potter and the Prisoner of Azkaban,Substitute Teacher,Harry Potter,"Excuse me, sir. Where's Professor Lupin?",3,6
Harry Potter and the Prisoner of Azkaban,Substitute Teacher,Severus Snape,"That's not really your concern, is it, Potter? Suffice it to say your professor finds himself incapable of teaching... at the present time. Turn to page 394.",3,27
Harry Potter and the Prisoner of Azkaban,Substitute Teacher,Hermione Granger,"But sir, we just learned about red caps and hinkypunks. We're not meant to start that for weeks.",3,18
Harry Potter and the Prisoner of Azkaban,Substitute Teacher,Ron Weasley,When did she come in? Did you see her come in?,3,11
Harry Potter and the Prisoner of Azkaban,Substitute Teacher,Severus Snape,"Now, which one of you can tell me the difference... between an Animagus and a werewolf? No one? How disappointing.",3,20
Harry Potter and the Prisoner of Azkaban,Substitute Teacher,Hermione Granger,"Please, sir. An Animagus is a wizard who elects to turn into an animal. A werewolf has no choice. With each full moon, when he transforms, he no longer remembers who he is. He'd kill his best friend if he crossed his path. Furthermore, the werewolf only responds to the call of its own kind.",3,55
Harry Potter and the Prisoner of Azkaban,Substitute Teacher,Severus Snape,"Thank you, Mr. Malfoy. That's the second time... you've spoken out of turn, Miss Granger. Are you incapable of restraining yourself... or do you take pride in being an insufferable know-it-all?",3,31
Harry Potter and the Prisoner of Azkaban,Substitute Teacher,Ron Weasley,"He's got a point, you know.",3,6
Harry Potter and the Prisoner of Azkaban,Substitute Teacher,Severus Snape,"Five points from Gryffindor. As an antidote to your ignorance, and on my desk, by Monday morning... two rolls of parchment on the werewolf, with emphasis... on recognizing it.",3,29
Harry Potter and the Prisoner of Azkaban,Substitute Teacher,Severus Snape,"Then I suggest you take extra care, Mr. Potter. Loss of limb will not excuse you. Page 394. The term werewolf... is a contraction of the Anglo-Saxon word were... which means man, and wolf. Werewolf, man-wolf. There are several ways to become a werewolf. They include being given the power of shape-shifting... being bitten by a werewolf...",3,57
Harry Potter and the Prisoner of Azkaban,Grim Defeat,Ron Weasley,"He looks a bit peaky, doesn't he?",3,7
Harry Potter and the Prisoner of Azkaban,Grim Defeat,Fred Weasley,Peaky? What do you expect? He fell over 100 feet.,3,10
Harry Potter and the Prisoner of Azkaban,Grim Defeat,George Weasley,"Yeah, come on Ron, let's walk you off the astronomy tower and see what you look like.",3,17
Harry Potter and the Prisoner of Azkaban,Grim Defeat,Harry Potter,Probably a right sight better than he normally does.,3,9
Harry Potter and the Prisoner of Azkaban,Grim Defeat,Fred Weasley,"You gave us a right good scare there, mate.",3,9
Harry Potter and the Prisoner of Azkaban,Grim Defeat,Ron Weasley,"Well, you fell off your broom.",3,6
Harry Potter and the Prisoner of Azkaban,Grim Defeat,Harry Potter,Really? I meant the match. Who won?,3,7
Harry Potter and the Prisoner of Azkaban,Grim Defeat,Hermione Granger,"Umm... no one blames you, Harry. The dementors aren't supposed to come inside the grounds. Dumbledore's furious. As soon as he saved you, he sent them off.",3,27
Harry Potter and the Prisoner of Azkaban,Grim Defeat,Ron Weasley,"There's something else you should know too. When you fell, your broom sort of blew into the Whomping Willow, and... Well...",3,21
Harry Potter and the Prisoner of Azkaban,Grim Defeat,Remus Lupin,I'm sorry to hear about your broomstick. Is there no chance of fixing it?,3,14
Harry Potter and the Prisoner of Azkaban,Grim Defeat,Harry Potter,"No. Professor, why do the dementors affect me so? I mean, more than everyone else?",3,15
Harry Potter and the Prisoner of Azkaban,Grim Defeat,Remus Lupin,"Listen. Dementors are amongst the foulest creatures to walk this earth. They feed on every good feeling, every happy memory... until a person is left with absolutely nothing but his worst experiences. You are not weak, Harry. The dementors affect you most because there are true horrors in your past. Horrors your classmates can scarcely imagine. You have nothing to be ashamed of.",3,63
Harry Potter and the Prisoner of Azkaban,Grim Defeat,Remus Lupin,Well I'd consider you a fool if you weren't.,3,9
Harry Potter and the Prisoner of Azkaban,Grim Defeat,Harry Potter,I need to know how to fight them. You could teach me. You made that dementor on the train go away.,3,21
Harry Potter and the Prisoner of Azkaban,Grim Defeat,Remus Lupin,There was only one that night.,3,6
Harry Potter and the Prisoner of Azkaban,Grim Defeat,Harry Potter,But you made it go away.,3,6
Harry Potter and the Prisoner of Azkaban,Grim Defeat,Remus Lupin,"I don't pretend to be an expert, Harry. But as the dementors seem to have developed a particular interest in you... perhaps I should teach you. But after the holidays. For now, I need to rest.",3,36
Harry Potter and the Prisoner of Azkaban,The Marauder's Map,Argus Filch,"Last call for Hogsmeade! Come on, now!",3,7
Harry Potter and the Prisoner of Azkaban,The Marauder's Map,George Weasley,"But not clever enough. Besides, we've got a better way.",3,10
Harry Potter and the Prisoner of Azkaban,The Marauder's Map,Harry Potter,I'm trying to get to Hogsmeade.,3,6
Harry Potter and the Prisoner of Azkaban,The Marauder's Map,Fred Weasley,We know. Don't worry. We'll get you there. We'll show you a quicker way. If you pipe down.,3,18
Harry Potter and the Prisoner of Azkaban,The Marauder's Map,George Weasley,We know. Don't worry. We'll get you there. We'll show you a quicker way. If you pipe down.,3,18
Harry Potter and the Prisoner of Azkaban,The Marauder's Map,Harry Potter,"Let me go! Come on, guys. Don't...",3,7
Harry Potter and the Prisoner of Azkaban,The Marauder's Map,Fred Weasley,Come and join the big boys.,3,6
Harry Potter and the Prisoner of Azkaban,The Marauder's Map,George Weasley,Come and join the big boys.,3,6
Harry Potter and the Prisoner of Azkaban,The Marauder's Map,Fred Weasley,What's this rubbish? he says. That there it's the secret to our success.,3,13
Harry Potter and the Prisoner of Azkaban,The Marauder's Map,George Weasley,It's a wrench giving it to you believe me. But we've decided your needs are greater than ours.,3,18
Harry Potter and the Prisoner of Azkaban,The Marauder's Map,George Weasley,I solemnly swear that I am up to no good.,3,10
Harry Potter and the Prisoner of Azkaban,The Marauder's Map,Harry Potter,"Mr's. Moony, Wormtail, Padfoot and Prongs... are proud to present the Marauder's Map.",3,13
Harry Potter and the Prisoner of Azkaban,The Marauder's Map,George Weasley,We owe them so much.,3,5
Harry Potter and the Prisoner of Azkaban,The Marauder's Map,Harry Potter,Hang on. This is Hogwarts. And that... No. Is that really...?,3,11
Harry Potter and the Prisoner of Azkaban,The Marauder's Map,Harry Potter,So you mean this map shows...,3,6
Harry Potter and the Prisoner of Azkaban,The Marauder's Map,Harry Potter,Brilliant! Where did you get it?,3,6
Harry Potter and the Prisoner of Azkaban,The Marauder's Map,Fred Weasley,"Knicked it from Filch's office, of course. First year.",3,9
Harry Potter and the Prisoner of Azkaban,The Marauder's Map,George Weasley,"Now listen, there are seven secret passageways... out of the castle. We'd recommend",3,13
Harry Potter and the Prisoner of Azkaban,The Marauder's Map,George Weasley,It'll lead you straight to Honeyduke's seller.,3,7
Harry Potter and the Prisoner of Azkaban,The Marauder's Map,Fred Weasley,You best hurry. Filch is heading this way.,3,8
Harry Potter and the Prisoner of Azkaban,The Marauder's Map,George Weasley,"Oh and Harry don't forget. When you're done, just give it a tap and say:",3,15
Harry Potter and the Prisoner of Azkaban,The Marauder's Map,Fred Weasley,"Mischief managed. Otherwise, anyone can read it.",3,7
Harry Potter and the Prisoner of Azkaban,The Marauder's Map,George Weasley,"Mischief managed. Otherwise, anyone can read it.",3,7
Harry Potter and the Prisoner of Azkaban,Who's There?,Hermione Granger,It's meant to be the most haunted building in Britain. Did I mention that?,3,14
Harry Potter and the Prisoner of Azkaban,Who's There?,Hermione Granger,Do you want to move a bit closer?,3,8
Harry Potter and the Prisoner of Azkaban,Who's There?,Draco Malfoy,"Well, well. Look who's here. You two shopping for your new dream home? Bit grand for you, isn't it, Weasle-Bee? Don't your family sleep in uh... one room?",3,28
Harry Potter and the Prisoner of Azkaban,Who's There?,Draco Malfoy,"Uh, Not very friendly. Boys, I think it's time we teach Weasle-Bee how to respect his superiors.",3,17
Harry Potter and the Prisoner of Azkaban,Who's There?,Hermione Granger,Hope you don't mean yourself!,3,5
Harry Potter and the Prisoner of Azkaban,Who's There?,Draco Malfoy,How dare you talk to me! You filthy little mudblood! Who is that? Don't stand there! Do something!,3,18
Harry Potter and the Prisoner of Azkaban,Who's There?,Ron Weasley,"What's up, Malfoy? Lost your skis?",3,6
Harry Potter and the Prisoner of Azkaban,Who's There?,Draco Malfoy,Get out of the way! Move!,3,6
Harry Potter and the Prisoner of Azkaban,Who's There?,Ron Weasley,"Bloody hell, Harry. That was not funny.",3,7
Harry Potter and the Prisoner of Azkaban,I Hope He Finds Me,Ron Weasley,Those weasels! Never told me about any Marauder's Map.,3,9
Harry Potter and the Prisoner of Azkaban,I Hope He Finds Me,Hermione Granger,But Harry isn't going to keep it. He's going to turn it over to Professor McGonagall. Aren't you?,3,18
Harry Potter and the Prisoner of Azkaban,I Hope He Finds Me,Ron Weasley,Sure. Along with his Invisibility Cloak.,3,6
Harry Potter and the Prisoner of Azkaban,I Hope He Finds Me,Hermione Granger,"Oh, Look who it is. Madam Rosmerta. Ron fancies her.",3,10
Harry Potter and the Prisoner of Azkaban,I Hope He Finds Me,Cornelius Fudge,"Rosmerta, my dear. I hope business is good.",3,8
Harry Potter and the Prisoner of Azkaban,I Hope He Finds Me,Cornelius Fudge,We have... We have a killer on the loose!,3,9
Harry Potter and the Prisoner of Azkaban,I Hope He Finds Me,Minerva McGonagall,"Professor Dumbledore does not want dementors around the place, I can assure you.",3,13
Harry Potter and the Prisoner of Azkaban,I Hope He Finds Me,Minerva McGonagall,"Well. Now years ago, when Harry Potter's parents realized they were marked for death... You remember? They went into hiding. Few knew where they were. One who did was Sirius Black. And he told You-Know-Who!",3,35
Harry Potter and the Prisoner of Azkaban,I Hope He Finds Me,Cornelius Fudge,"Not only did Black lead You-Know-Who to the Potters that night, but he also killed one of their friends, Peter Pettigrew!",3,21
Harry Potter and the Prisoner of Azkaban,I Hope He Finds Me,Minerva McGonagall,"Yes, little lump of a boy. Always trailing after Sirius Black.",3,11
Harry Potter and the Prisoner of Azkaban,I Hope He Finds Me,Minerva McGonagall,"Well Peter Pettigrew tried to warn the Potters... and might have managed to, had he not run into an old friend, Sirius Black.",3,23
Harry Potter and the Prisoner of Azkaban,I Hope He Finds Me,Cornelius Fudge,Black was vicious. He didn't kill Pettigrew. He destroyed him! A finger. That's all that was left. A finger. Nothing else.,3,21
Harry Potter and the Prisoner of Azkaban,I Hope He Finds Me,Minerva McGonagall,"Yes. Sirius Black may not have put his hands to the Potters, but he's the reason they're dead.",3,18
Harry Potter and the Prisoner of Azkaban,I Hope He Finds Me,Cornelius Fudge,And now he wants to finish what he started.,3,9
Harry Potter and the Prisoner of Azkaban,I Hope He Finds Me,Cornelius Fudge,"Ah, that's not the worst of it.",3,7
Harry Potter and the Prisoner of Azkaban,I Hope He Finds Me,Minerva McGonagall,This: Sirius Black was... and remains to this day... Harry Potter's godfather!,3,12
Harry Potter and the Prisoner of Azkaban,I Hope He Finds Me,Hermione Granger,"Ron, look! Sorry, sorry. Excuse me, excuse me, sorry. Harry, what happened?",3,12
Harry Potter and the Prisoner of Azkaban,I Hope He Finds Me,Harry Potter,"He was their friend... and he betrayed them. He was their friend! I hope he finds me. Because when he does, I'm gonna be ready! When he does, I'm gonna kill him!",3,32
Harry Potter and the Prisoner of Azkaban,The Patronus,Remus Lupin,"Harry. There you are. You came. Are you sure about this, Harry? You know this is very advanced magic well beyond the Ordinary Wizarding Level.",3,25
Harry Potter and the Prisoner of Azkaban,The Patronus,Remus Lupin,"Well, everything's prepared. Now, the spell I'm going to try to teach you is called the Patronus Charm. Did you ever hear of it? No? Well... A Patronus is a kind of positive force. For the wizard who conjures one... it works something like a shield, with the dementor feeding on it rather than him. But in order for it to work, you need to think of a memory. Not just any memory, a very happy memory, a very powerful memory.",3,81
Harry Potter and the Prisoner of Azkaban,The Patronus,Remus Lupin,"Can you do this? Yes. Very well. Close your eyes. Concentrate. Explore your past. Do you have a memory? Allow it to fill you up. Lose yourself within it. Then speak the incantation, Expecto Patronum.",3,35
Harry Potter and the Prisoner of Azkaban,The Patronus,Remus Lupin,Very good. Shall we? Wand at the ready.,3,8
Harry Potter and the Prisoner of Azkaban,The Patronus,Harry Potter,Expecto Patronum! Expecto... Expecto... Expect...,3,5
Harry Potter and the Prisoner of Azkaban,The Patronus,Remus Lupin,"Here we go. Come on. Sit up. Deep breaths. It's all right. I didn't expect you to do it the first time. That would have been remarkable. Here, eat this. You'll feel better.",3,33
Harry Potter and the Prisoner of Azkaban,The Patronus,Remus Lupin,"Oh, no, no, no. That was a boggart, Harry. A boggart. The real thing would be worse. Much, much worse. As a matter of interest, what were you thinking? Which memory did you choose?",3,34
Harry Potter and the Prisoner of Azkaban,The Patronus,Harry Potter,The first time I rode a broom.,3,7
Harry Potter and the Prisoner of Azkaban,The Patronus,Remus Lupin,That's not good enough. Not nearly good enough.,3,8
Harry Potter and the Prisoner of Azkaban,The Patronus,Harry Potter,"There's another. It's not... happy, exactly. Well, it is. It's the happiest I've ever felt... but it's complicated.",3,18
Harry Potter and the Prisoner of Azkaban,The Patronus,Remus Lupin,Is it strong? Then let's give it a try. You feel ready?,3,12
Harry Potter and the Prisoner of Azkaban,The Patronus,Harry Potter,Just do it. Expecto Patronum! Expecto Patronum!,3,7
Harry Potter and the Prisoner of Azkaban,The Patronus,Remus Lupin,"Yes! Well done, Harry. Well done!",3,6
Harry Potter and the Prisoner of Azkaban,The Patronus,Harry Potter,I think I've had enough for today.,3,7
Harry Potter and the Prisoner of Azkaban,The Patronus,Remus Lupin,"Yes. Sit down. Here. Eat this, it helps. It really helps. And just so you know, Harry... I think you'd have given your father a run for his money. And that... is saying something.",3,34
Harry Potter and the Prisoner of Azkaban,The Patronus,Harry Potter,I was thinking of him. And Mom. Seeing their faces. They were talking to me. Just talking. That's the memory I chose. I don't even know if it's real. But it's the best I have.,3,35
Harry Potter and the Prisoner of Azkaban,The Patronus,Ron Weasley,Unless of course you've been ripped to pieces!,3,8
Harry Potter and the Prisoner of Azkaban,The Patronus,Harry Potter,Ripped to pieces? What are you talking about?,3,8
Harry Potter and the Prisoner of Azkaban,The Patronus,Hermione Granger,Ronald has lost his rat.,3,5
Harry Potter and the Prisoner of Azkaban,The Patronus,Ron Weasley,I haven't lost anything! Your cat killed him!,3,8
Harry Potter and the Prisoner of Azkaban,The Patronus,Ron Weasley,"Harry, you've seen the way that bloodthirsty beast of hers... is always lurking about. And Scabbers is gone.",3,18
Harry Potter and the Prisoner of Azkaban,The Patronus,Hermione Granger,"Well, maybe you should take better care of your pets!",3,10
Harry Potter and the Prisoner of Azkaban,The Patronus,Hermione Granger,"How did it go, Hagrid? The hearing?",3,7
Harry Potter and the Prisoner of Azkaban,The Patronus,Rubeus Hagrid,"Well, first off, the committee members took turns... talking about why we were there. And then I got up and did my piece. Said how Buckbeak... was a good hippogriff, always cleaned his feathers. And then Lucius Malfoy got up. Well, you can imagine. He said Buckbeak was a deadly and dangerous creature... who would kill you as soon as look at you.",3,63
Harry Potter and the Prisoner of Azkaban,The Patronus,Rubeus Hagrid,"And then he asked for the worst, did old Lucius.",3,10
Harry Potter and the Prisoner of Azkaban,The Patronus,Rubeus Hagrid,"No, I'm not sacked. Buckbeak's been sentenced to death!",3,9
Harry Potter and the Prisoner of Azkaban,Seeing the Impossible,Ron Weasley,Spiders! There's... There's spiders. Spiders. They want me to tap-dance. I don't wanna tap-dance!,3,14
Harry Potter and the Prisoner of Azkaban,Seeing the Impossible,Harry Potter,You tell those spiders Ron.,3,5
Harry Potter and the Prisoner of Azkaban,Seeing the Impossible,Ron Weasley,"Right, yeah. Tell them. I'll tell them...",3,7
Harry Potter and the Prisoner of Azkaban,Seeing the Impossible,Minerva McGonagall,Little lump of a boy. Always trailing after Sirius Black.,3,10
Harry Potter and the Prisoner of Azkaban,Seeing the Impossible,Cornelius Fudge,"Black was vicious. He didn't kill Pettigrew, he destroyed him!",3,10
Harry Potter and the Prisoner of Azkaban,Seeing the Impossible,Severus Snape,Potter. What are you doing wandering the corridors at night?,3,10
Harry Potter and the Prisoner of Azkaban,Seeing the Impossible,Severus Snape,"How extraordinarily like your father you are, Potter. He, too, was exceedingly arrogant, strutting about the castle.",3,17
Harry Potter and the Prisoner of Azkaban,Seeing the Impossible,Harry Potter,"My dad didn't strut. And nor do I. Now, if you don't mind, I would appreciate it if you could lower your wand.",3,23
Harry Potter and the Prisoner of Azkaban,Seeing the Impossible,Severus Snape,Turn out your pockets. Turn out your pockets! What's this?,3,10
Harry Potter and the Prisoner of Azkaban,Seeing the Impossible,Severus Snape,Really? Open it. Reveal your secrets. Read it.,3,8
Harry Potter and the Prisoner of Azkaban,Seeing the Impossible,Harry Potter,"Mr's. Moony, Wormtail, Padfoot, and Prongs... offer their compliments to Professor Snape and...",3,13
Harry Potter and the Prisoner of Azkaban,Seeing the Impossible,Harry Potter,And request that he keep his abnormally large nose out of other people's business.,3,14
Harry Potter and the Prisoner of Azkaban,Seeing the Impossible,Severus Snape,"Well, well. Lupin. Out for a little walk... in the moonlight, are we?",3,13
Harry Potter and the Prisoner of Azkaban,Seeing the Impossible,Severus Snape,"That remains to be seen. I have just now confiscated a rather curious artifact from Mr. Potter. Take a look, Lupin. Supposed to be your area of expertise. Clearly, it's full of dark magic.",3,34
Harry Potter and the Prisoner of Azkaban,Seeing the Impossible,Remus Lupin,"Oh, I seriously doubt it, Severus. It looks as though it's merely a parchment designed to insult anyone... who tries to read it. I suspect it's a Zonko product. Nevertheless, I shall investigate any hidden qualities it may possess. It is, after all, as you say, my area of expertise. Harry, would you come with me, please? Professor, good night.",3,60
Harry Potter and the Prisoner of Azkaban,Seeing the Impossible,Remus Lupin,"Come in. I haven't the faintest idea how this map came to be in your possession... but quite frankly, I am astounded that you didn't hand it in. Did it never occur to you that this, in the hands of Sirius Black... is a map to you?",3,47
Harry Potter and the Prisoner of Azkaban,Seeing the Impossible,Remus Lupin,"Your father never set much store by the rules either. But he and your mother gave their lives to save yours. Gambling their sacrifice by wandering around the castle unprotected... with a killer on the loose seems to me a poor way to repay them! Now, I will not cover up for you again, Harry. Do you hear me?",3,59
Harry Potter and the Prisoner of Azkaban,Seeing the Impossible,Remus Lupin,"I want you to return to your dormitory and stay there. And don't take any detours. If you do, I shall know.",3,22
Harry Potter and the Prisoner of Azkaban,Seeing the Impossible,Harry Potter,"Professor, just so you know, I don't think that map always works. Earlier, it showed someone in the castle. Someone I know to be dead.",3,25
Harry Potter and the Prisoner of Azkaban,Seeing the Impossible,Remus Lupin,"Oh, really? And who might that be?",3,7
Harry Potter and the Prisoner of Azkaban,Seeing the Impossible,Harry Potter,"It's just what I saw. Good night, professor.",3,8
Harry Potter and the Prisoner of Azkaban,Professor Trelawney's Prediction,Sybill Trelawney,"Broaden your minds. You must look beyond. The art of crystal gazing is in the clearing of the Inner Eye. Only then can you see. Try again. Now, what do we have here?",3,33
Harry Potter and the Prisoner of Azkaban,Professor Trelawney's Prediction,Hermione Granger,"Oh, do you mind me trying? The Grim, possibly.",3,9
Harry Potter and the Prisoner of Azkaban,Professor Trelawney's Prediction,Sybill Trelawney,"My dear, from the first moment you stepped foot in my class... I sensed that you did not possess the proper spirit... for the noble art of Divination. No, you see, there. You may be young in years, but the heart that beats beneath your bosom is as shriveled as an old maid's, your soul as dry as the pages of the books... to which you so desperately cleave. Have I said something?",3,73
Harry Potter and the Prisoner of Azkaban,Professor Trelawney's Prediction,Ron Weasley,"She's gone mental, Hermione has. I mean, not that she wasn't always mental... but now it's in the open for everyone to see.",3,23
Harry Potter and the Prisoner of Azkaban,Professor Trelawney's Prediction,Harry Potter,Hang on. We better take this back.,3,7
Harry Potter and the Prisoner of Azkaban,Professor Trelawney's Prediction,Sybill Trelawney,"Tonight, he who betrayed his friends, whose heart rots with murder... shall break free. Innocent blood shall be spilt... and servant and master shall be reunited once more. I'm so sorry, dear boy. Did you say something?",3,37
Harry Potter and the Prisoner of Azkaban,Witnesses to an Execution,Hermione Granger,I can't believe they're going to kill Buckbeak. It's just too horrible.,3,12
Harry Potter and the Prisoner of Azkaban,Witnesses to an Execution,Draco Malfoy,Now I'll tell you. Father said... I can keep the hippogriff's head. I think I'll donate it to the Gryffindors' room. This is going to be rich. Look who's here. Come to see the show?,3,35
Harry Potter and the Prisoner of Azkaban,Witnesses to an Execution,Hermione Granger,"You! You foul, loathsome, evil little cockroach!",3,7
Harry Potter and the Prisoner of Azkaban,Witnesses to an Execution,Ron Weasley,"Hermione, no! He's not worth it.",3,6
Harry Potter and the Prisoner of Azkaban,Witnesses to an Execution,Draco Malfoy,"Not a word to anyone, understood?",3,6
Harry Potter and the Prisoner of Azkaban,Witnesses to an Execution,Rubeus Hagrid,Look at him. Loves the smell of the trees when the wind blows through them.,3,15
Harry Potter and the Prisoner of Azkaban,Witnesses to an Execution,Harry Potter,Why don't we just set him free?,3,7
Harry Potter and the Prisoner of Azkaban,Witnesses to an Execution,Rubeus Hagrid,"They'd know it was me, and then Dumbledore... would get into trouble. He's coming down, you know? Dumbledore. Says he wants to be with me when they... When it happens. Great man, Dumbledore. A great man.",3,36
Harry Potter and the Prisoner of Azkaban,Witnesses to an Execution,Hermione Granger,"We'll stay with you too, Hagrid.",3,6
Harry Potter and the Prisoner of Azkaban,Witnesses to an Execution,Rubeus Hagrid,"You'll do no such thing! Think I want you seeing something like that? No. You just drink your tea and be off. Oh. Before you do, Ron...",3,27
Harry Potter and the Prisoner of Azkaban,Witnesses to an Execution,Rubeus Hagrid,"Keep a closer eye on your pets, Ron.",3,8
Harry Potter and the Prisoner of Azkaban,Witnesses to an Execution,Hermione Granger,I think that means you owe someone an apology.,3,9
Harry Potter and the Prisoner of Azkaban,Witnesses to an Execution,Ron Weasley,"Right. Next time I see Crookshanks, I'll let him know.",3,10
Harry Potter and the Prisoner of Azkaban,Witnesses to an Execution,Albus Dumbledore,"No, minister. Over this way.",3,5
Harry Potter and the Prisoner of Azkaban,Witnesses to an Execution,Rubeus Hagrid,"It's late. It's nearly dark. You shouldn't be here. Someone sees you outside the castle at this time of night, you'll be in trouble. Big trouble. Particularly you, Harry. With you in a moment! Quick. Quick!",3,36
Harry Potter and the Prisoner of Azkaban,Witnesses to an Execution,Harry Potter,Hagrid. It'll be fine. It'll be okay.,3,7
Harry Potter and the Prisoner of Azkaban,Witnesses to an Execution,Albus Dumbledore,"Yes, that's the... lings you see over there...",3,8
Harry Potter and the Prisoner of Azkaban,Witnesses to an Execution,Albus Dumbledore,"On the slope... Ah, Hagrid.",3,5
Harry Potter and the Prisoner of Azkaban,Witnesses to an Execution,Rubeus Hagrid,"Minister. Just make your way through. Have a tea, if you like.",3,12
Harry Potter and the Prisoner of Azkaban,Witnesses to an Execution,Cornelius Fudge,"No, Hagrid, thank you. Now gentlemen...",3,6
Harry Potter and the Prisoner of Azkaban,Witnesses to an Execution,Albus Dumbledore,I'd like to have a cup of tea.,3,8
Harry Potter and the Prisoner of Azkaban,Witnesses to an Execution,Cornelius Fudge,"Well, I think we should get down to our business, shall we? Very well. It is the decision of the Committee for the Disposal of Dangerous Creatures that the hippogriff known as Buckbeak, hereinafter called the condemned, shall be executed this day at sundown.",3,44
Harry Potter and the Prisoner of Azkaban,Witnesses to an Execution,Albus Dumbledore,"Now, now, Hagrid. Now, come on. All right. It'll be all right.",3,12
Harry Potter and the Prisoner of Azkaban,Witnesses to an Execution,Hermione Granger,I thought I just saw... Never mind.,3,7
Harry Potter and the Prisoner of Azkaban,Witnesses to an Execution,Rubeus Hagrid,Buckbeak didn't mean no harm.,3,5
Harry Potter and the Prisoner of Azkaban,The Womping Willow,Hermione Granger,"Harry, you do realize what tree this is?",3,8
Harry Potter and the Prisoner of Azkaban,The Womping Willow,Harry Potter,"That's not good. Ron, run!",3,5
Harry Potter and the Prisoner of Azkaban,The Womping Willow,Ron Weasley,"Harry, Hermione, run! It's the Grim! Harry!",3,7
Harry Potter and the Prisoner of Azkaban,The Womping Willow,Harry Potter,Ron! Ron! Ron! Ron! Come on! Move!,3,7
Harry Potter and the Prisoner of Azkaban,The Womping Willow,Hermione Granger,Where do you suppose this goes?,3,6
Harry Potter and the Prisoner of Azkaban,The Womping Willow,Harry Potter,I have a hunch. I just hope I'm wrong.,3,9
Harry Potter and the Prisoner of Azkaban,The Womping Willow,Hermione Granger,"We're in the Shrieking Shack, aren't we?",3,7
Harry Potter and the Prisoner of Azkaban,Sirius Black,Hermione Granger,Ron. You're okay. The dog. Where is it?,3,8
Harry Potter and the Prisoner of Azkaban,Sirius Black,Ron Weasley,Harry it's a trap. He's the dog. He's an Animagus.,3,10
Harry Potter and the Prisoner of Azkaban,Sirius Black,Hermione Granger,"If you want to kill Harry, you'll have to kill us too!",3,12
Harry Potter and the Prisoner of Azkaban,Sirius Black,Sirius Black,No. Only one will die tonight.,3,6
Harry Potter and the Prisoner of Azkaban,Sirius Black,Sirius Black,"Are you going to kill me, Harry?",3,7
Harry Potter and the Prisoner of Azkaban,Sirius Black,Remus Lupin,"Expelliarmus! Well, well, Sirius. Looking rather ragged, aren't we? Finally, the flesh reflects the madness within.",3,16
Harry Potter and the Prisoner of Azkaban,Sirius Black,Sirius Black,"Well, you'd know all about the madness within, wouldn't you Remus? I found him.",3,14
Harry Potter and the Prisoner of Azkaban,Sirius Black,Hermione Granger,"No! I trusted you! And all this time, you've been his friend. He's a werewolf! That's why he's been missing classes.",3,21
Harry Potter and the Prisoner of Azkaban,Sirius Black,Remus Lupin,How long have you known?,3,5
Harry Potter and the Prisoner of Azkaban,Sirius Black,Hermione Granger,Since Professor Snape set the essay.,3,6
Harry Potter and the Prisoner of Azkaban,Sirius Black,Remus Lupin,"Well, well, well, Hermione. You really are the brightest witch of your age, I've ever met.",3,16
Harry Potter and the Prisoner of Azkaban,Sirius Black,Sirius Black,"Enough talk, Remus! Come on, let's kill him!",3,8
Harry Potter and the Prisoner of Azkaban,Sirius Black,Sirius Black,I did my waiting! Twelve years of it! In Azkaban!,3,10
Harry Potter and the Prisoner of Azkaban,Sirius Black,Remus Lupin,Very well. Kill him. But wait one more minute. Harry has the right to know why.,3,16
Harry Potter and the Prisoner of Azkaban,Sirius Black,Harry Potter,I know why. You betrayed my parents. You're the reason they're dead!,3,12
Harry Potter and the Prisoner of Azkaban,Sirius Black,Remus Lupin,"No, Harry it wasn't him. Somebody did betray your parents... but it was somebody who, until quite recently, I believed to be dead!",3,23
Harry Potter and the Prisoner of Azkaban,Peter Pettigrew,Sirius Black,"Peter Pettigrew! And he's in this room! Right now! Come out, come out, Peter! Come out, come out and play!",3,20
Harry Potter and the Prisoner of Azkaban,Peter Pettigrew,Severus Snape,Expelliarmus! Vengeance is sweet. How I hoped I'd be the one to catch you.,3,14
Harry Potter and the Prisoner of Azkaban,Peter Pettigrew,Severus Snape,"I told Dumbledore you were helping an old friend into the castle, and now here's the proof.",3,17
Harry Potter and the Prisoner of Azkaban,Peter Pettigrew,Sirius Black,"Brilliant, Snape. Once again you've put your keen penetrating mind to the task and as usual come to the wrong conclusion. Now, if you'll excuse us, Remus and I have some unfinished business... to attend to.",3,36
Harry Potter and the Prisoner of Azkaban,Peter Pettigrew,Severus Snape,Give me a reason. I beg you!,3,7
Harry Potter and the Prisoner of Azkaban,Peter Pettigrew,Remus Lupin,Severus don't be a fool.,3,5
Harry Potter and the Prisoner of Azkaban,Peter Pettigrew,Sirius Black,He can't help it. It's habit.,3,6
Harry Potter and the Prisoner of Azkaban,Peter Pettigrew,Severus Snape,"Oh listen to you two, quarreling like an old married couple.",3,11
Harry Potter and the Prisoner of Azkaban,Peter Pettigrew,Sirius Black,Why don't you run along and play with your chemistry set!,3,11
Harry Potter and the Prisoner of Azkaban,Peter Pettigrew,Severus Snape,"I could do it, you know. But why deny the dementors? They're so longing to see you. Do I detect a flicker of fear? Oh, yes. A Dementor's Kiss. One can only imagine what that must be like. It's said to be nearly unbearable to witness, but I'll do my best.",3,51
Harry Potter and the Prisoner of Azkaban,Peter Pettigrew,Ron Weasley,Harry! What did you just do?,3,6
Harry Potter and the Prisoner of Azkaban,Peter Pettigrew,Remus Lupin,He was at school with us. We thought he was our friend!,3,12
Harry Potter and the Prisoner of Azkaban,Peter Pettigrew,Harry Potter,No. Pettigrew's dead. You killed him!,3,6
Harry Potter and the Prisoner of Azkaban,Peter Pettigrew,Remus Lupin,"No, he didn't. I thought so too, until you mentioned seeing Pettigrew on the map!",3,15
Harry Potter and the Prisoner of Azkaban,Peter Pettigrew,Harry Potter,"The map was lying, then.",3,5
Harry Potter and the Prisoner of Azkaban,Peter Pettigrew,Sirius Black,The map never lies! Pettigrew's alive! And he's right there!,3,10
Harry Potter and the Prisoner of Azkaban,Peter Pettigrew,Ron Weasley,Scabbers has been in my family for...,3,7
Harry Potter and the Prisoner of Azkaban,Peter Pettigrew,Sirius Black,"Twelve years? Curiously long life for a common garden rat! He's missing a toe, isn't he?",3,16
Harry Potter and the Prisoner of Azkaban,Peter Pettigrew,Harry Potter,All they could find of Pettigrew was his...,3,8
Harry Potter and the Prisoner of Azkaban,Peter Pettigrew,Sirius Black,Finger! That dirty coward cut it off so everyone would think he was dead! And then he transformed into a rat!,3,21
Harry Potter and the Prisoner of Azkaban,Peter Pettigrew,Harry Potter,"Show me. Give it to him, Ron.",3,7
Harry Potter and the Prisoner of Azkaban,Peter Pettigrew,Ron Weasley,What are you trying to do to him? Scabbers! Leave him alone! Get off him! What are you doing?,3,19
Harry Potter and the Prisoner of Azkaban,Peter Pettigrew,Peter Pettigrew,Remus? Sirius. My old friends! Harry! Look at you! You look so much like your father! Like James! We were the best of friends...,3,24
Harry Potter and the Prisoner of Azkaban,Peter Pettigrew,Sirius Black,How dare you speak to Harry! How dare you talk about James in front of him!,3,16
Harry Potter and the Prisoner of Azkaban,Peter Pettigrew,Remus Lupin,"You sold James and Lily to Voldemort, didn't you?",3,9
Harry Potter and the Prisoner of Azkaban,Peter Pettigrew,Peter Pettigrew,"I didn't mean to! The Dark Lord. You have no idea the weapons he possesses! Ask yourself, Sirius! What would you have done? What would you have done?",3,28
Harry Potter and the Prisoner of Azkaban,Peter Pettigrew,Sirius Black,"I would have died! I would have died, rather than betray my friends!",3,13
Harry Potter and the Prisoner of Azkaban,Peter Pettigrew,Peter Pettigrew,"Harry, James wouldn't have wanted me killed! Your dad... Your dad would have spared me! He would show me mercy!",3,20
Harry Potter and the Prisoner of Azkaban,Peter Pettigrew,Remus Lupin,"You should've realized, Peter, that if Voldemort didn't kill you, then we would! Together!",3,14
Harry Potter and the Prisoner of Azkaban,Peter Pettigrew,Harry Potter,I know what he is. But we'll take him to the castle.,3,12
Harry Potter and the Prisoner of Azkaban,Peter Pettigrew,Peter Pettigrew,"Bless you, boy! Bless you!",3,5
Harry Potter and the Prisoner of Azkaban,Peter Pettigrew,Harry Potter,"Get off! I said we'd take you to the castle. After that, the dementors can have you.",3,17
Harry Potter and the Prisoner of Azkaban,Friends Become Foes,Sirius Black,Sorry about the bite. I reckon that twinges a bit.,3,10
Harry Potter and the Prisoner of Azkaban,Friends Become Foes,Ron Weasley,A bit? A bit? You almost tore my leg off!,3,10
Harry Potter and the Prisoner of Azkaban,Friends Become Foes,Sirius Black,"I was going for the rat. Normally, I have a very sweet disposition as a dog. In fact, more than once, James suggested that I make the change permanent. The tail I could live with. But the fleas, they're murder.",3,40
Harry Potter and the Prisoner of Azkaban,Friends Become Foes,Harry Potter,"No. Don't worry, okay? It's fine. I'll stay.",3,8
Harry Potter and the Prisoner of Azkaban,Friends Become Foes,Ron Weasley,So painful. They might chop it.,3,6
Harry Potter and the Prisoner of Azkaban,Friends Become Foes,Hermione Granger,I'm sure Madam Pomfrey will fix it in a heartbeat.,3,10
Harry Potter and the Prisoner of Azkaban,Friends Become Foes,Ron Weasley,It's too late. It's ruined. It'll have to be chopped off.,3,11
Harry Potter and the Prisoner of Azkaban,Friends Become Foes,Sirius Black,"It's beautiful, isn't it? I'll never forget the first time I walked through those doors. It'll be nice to do it again as a free man. That was a noble thing you did back there. He doesn't deserve it.",3,39
Harry Potter and the Prisoner of Azkaban,Friends Become Foes,Harry Potter,"Well I just didn't think my dad would have wanted his two best friends... to become killers. Besides, dead, the truth dies with him. Alive, you're free.",3,27
Harry Potter and the Prisoner of Azkaban,Friends Become Foes,Peter Pettigrew,"Turn me into a maggot! Turn me into a flobberworm! Anything but the dementors! Ron! Haven't I been a good friend? A good pet? You won't let them give me to the dementors, will you? I was your rat! Sweet girl! Clever girl! Surely you won't let them...",3,48
Harry Potter and the Prisoner of Azkaban,Friends Become Foes,Sirius Black,"I don't know if you know, Harry... but when you were born, James and Lily made me your godfather.",3,19
Harry Potter and the Prisoner of Azkaban,Friends Become Foes,Sirius Black,I can understand if you choose to stay with your aunt and uncle... but if you ever wanted a different home...,3,21
Harry Potter and the Prisoner of Azkaban,Friends Become Foes,Harry Potter,What? Come and live with you?,3,6
Harry Potter and the Prisoner of Azkaban,Friends Become Foes,Sirius Black,It's just a thought. I can understand if you don't want to.,3,12
Harry Potter and the Prisoner of Azkaban,Friends Become Foes,Sirius Black,"Remus, my old friend! Have you taken your potion tonight? You know the man you truly are, Remus! This heart is where you truly live! This heart here! This flesh is only flesh!",3,33
Harry Potter and the Prisoner of Azkaban,Friends Become Foes,Ron Weasley,Hermione! Bad idea. Bad idea.,3,5
Harry Potter and the Prisoner of Azkaban,The Dementor's Kiss,Harry Potter,Sirius! No. Sirius! Expecto Patronum!,3,5
Harry Potter and the Prisoner of Azkaban,Hermione's Secret,Harry Potter,He sent the dementors away. I saw him across the lake.,3,11
Harry Potter and the Prisoner of Azkaban,Hermione's Secret,Hermione Granger,"Listen Harry, they've captured Sirius. Any minute the dementors are going to perform the Kiss.",3,15
Harry Potter and the Prisoner of Azkaban,Hermione's Secret,Harry Potter,You mean they're gonna kill him?,3,6
Harry Potter and the Prisoner of Azkaban,Hermione's Secret,Hermione Granger,"No. It's worse. Much worse. They're going to suck out his soul. Headmaster, you've got to stop them. They've got the wrong man.",3,23
Harry Potter and the Prisoner of Azkaban,Hermione's Secret,Harry Potter,It's true. Sirius is innocent.,3,5
Harry Potter and the Prisoner of Azkaban,Hermione's Secret,Ron Weasley,It's Scabbers who did it.,3,5
Harry Potter and the Prisoner of Azkaban,Hermione's Secret,Ron Weasley,"He's my rat, sir. He's not really a rat. He was a rat. He was my brother Percy's rat. But then they gave him an owl...",3,26
Harry Potter and the Prisoner of Azkaban,Hermione's Secret,Hermione Granger,"The point is, we know the truth. Please believe us.",3,10
Harry Potter and the Prisoner of Azkaban,Hermione's Secret,Albus Dumbledore,"I do, Miss Granger. But the word of three 13-year-old wizards will convince few others. A child's voice, however honest and true... is meaningless to those who have forgotten how to listen. Mysterious thing, time. Powerful... and when meddled with, dangerous. Sirius Black is in the topmost cell of the Dark Tower. You know the laws, Miss Granger. You must not be seen. And you would do well, I feel, to return before this last chime. If not, the consequences are too ghastly to discuss. If you succeed tonight... more than one innocent life may be spared. Three turns should do it, I think. Oh, and by the way. When in doubt, I find retracing my steps to be a wise place to begin. Good luck.",3,126
Harry Potter and the Prisoner of Azkaban,Hermione's Secret,Ron Weasley,What the bloody hell was that all about?,3,8
Harry Potter and the Prisoner of Azkaban,Hermione's Secret,Hermione Granger,"Sorry, Ron, but seeing as you can't walk...",3,8
Harry Potter and the Prisoner of Azkaban,Onlookers to the Rescue,Harry Potter,What just happened? Where's Ron?,3,5
Harry Potter and the Prisoner of Azkaban,Onlookers to the Rescue,Hermione Granger,7:30. Where were we at 7:30?,3,6
Harry Potter and the Prisoner of Azkaban,Onlookers to the Rescue,Harry Potter,I don't know. Going to Hagrid's?,3,6
Harry Potter and the Prisoner of Azkaban,Onlookers to the Rescue,Hermione Granger,Come on. And we can't be seen.,3,7
Harry Potter and the Prisoner of Azkaban,Onlookers to the Rescue,Harry Potter,"Hermione! Hermione! Hermione, wait. Hermione, will you please tell me what it is we're doing?",3,15
Harry Potter and the Prisoner of Azkaban,Onlookers to the Rescue,Hermione Granger,"You foul, loathsome, evil little cockroach!",3,6
Harry Potter and the Prisoner of Azkaban,Onlookers to the Rescue,Ron Weasley,"Hermione, no! He's not worth it.",3,6
Harry Potter and the Prisoner of Azkaban,Onlookers to the Rescue,Hermione Granger,"This is a Time-Turner, Harry. McGonagall gave it to me first term. This is how I've been getting to my lessons all year.",3,23
Harry Potter and the Prisoner of Azkaban,Onlookers to the Rescue,Harry Potter,You mean we've gone back in time?,3,7
Harry Potter and the Prisoner of Azkaban,Onlookers to the Rescue,Hermione Granger,"Yes. Dumbledore obviously wanted us to return to this moment. Clearly, something happened he wants us to change.",3,18
Harry Potter and the Prisoner of Azkaban,Onlookers to the Rescue,Draco Malfoy,"Not a word to anyone, understood? I'm gonna get that jumped-up mudblood! Mark my words.",3,15
Harry Potter and the Prisoner of Azkaban,Onlookers to the Rescue,Harry Potter,Come on. We should be at Hagrid's.,3,7
Harry Potter and the Prisoner of Azkaban,Saving Lives,Hermione Granger,"Of course. Remember what Dumbledore said? If we succeed, more than one innocent life could be spared. Let's go.",3,19
Harry Potter and the Prisoner of Azkaban,Saving Lives,Harry Potter,Here they come. I'd better hurry.,3,6
Harry Potter and the Prisoner of Azkaban,Saving Lives,Hermione Granger,"Fudge has to see Buckbeak before we steal him. Otherwise, he'll think Hagrid set him free.",3,16
Harry Potter and the Prisoner of Azkaban,Saving Lives,Rubeus Hagrid,"Keep a closer eye on your pet, Ron.",3,8
Harry Potter and the Prisoner of Azkaban,Saving Lives,Harry Potter,He betrayed my parents. You don't expect me to sit here.,3,11
Harry Potter and the Prisoner of Azkaban,Saving Lives,Hermione Granger,"Yes, and you must! Harry, you're in Hagrid's hut now. If you just go bursting in, you'll think you've gone mad. Awful things happen to wizards who meddle with time. We can't be seen.",3,34
Harry Potter and the Prisoner of Azkaban,Saving Lives,Hermione Granger,Fudge is coming. And we aren't leaving? Why aren't we leaving?,3,11
Harry Potter and the Prisoner of Azkaban,Saving Lives,Hermione Granger,Sorry. We're coming out the back door. Go!,3,8
Harry Potter and the Prisoner of Azkaban,Saving Lives,Hermione Granger,Is that really what my hair looks like from the back?,3,11
Harry Potter and the Prisoner of Azkaban,Saving Lives,Hermione Granger,I thought I just saw... Never mind.,3,7
Harry Potter and the Prisoner of Azkaban,Saving Lives,Albus Dumbledore,"Minister, I really think I should sign as well.",3,9
Harry Potter and the Prisoner of Azkaban,Saving Lives,Cornelius Fudge,"Yes, very well. Perhaps it would be...",3,7
Harry Potter and the Prisoner of Azkaban,Saving Lives,Hermione Granger,"Okay, Buckbeak. Come quickly. Come with us now. Come on.",3,10
Harry Potter and the Prisoner of Azkaban,Saving Lives,Hermione Granger,Keep trying. Come on. Quickly. Buckbeak. Okay? Quickly. Hurry up. Okay?,3,11
Harry Potter and the Prisoner of Azkaban,Saving Lives,Albus Dumbledore,It's such a very long name...,3,6
Harry Potter and the Prisoner of Azkaban,Saving Lives,Hermione Granger,"Hurry up now, Buckbeak, okay? Come on. Come on, Buckbeak. Come and get the nice dead ferret. Come on. It's here. Come on, Beaky.",3,24
Harry Potter and the Prisoner of Azkaban,Saving Lives,Albus Dumbledore,"Here we are, minister. Follow me. Now, look there.",3,9
Harry Potter and the Prisoner of Azkaban,Saving Lives,Cornelius Fudge,What am I supposed to see?,3,6
Harry Potter and the Prisoner of Azkaban,Saving Lives,Albus Dumbledore,Professor Dippet had that ling planted when he was headmaster.,3,10
Harry Potter and the Prisoner of Azkaban,Saving Lives,Albus Dumbledore,"And all the strawberries, you see?.",3,6
Harry Potter and the Prisoner of Azkaban,Saving Lives,Hermione Granger,"Come on, Buckbeak. Come on.",3,5
Harry Potter and the Prisoner of Azkaban,Saving Lives,Cornelius Fudge,"Let's get this over, please.",3,5
Harry Potter and the Prisoner of Azkaban,Saving Lives,Cornelius Fudge,"But where is it? I saw the beast, just now. Not a moment ago!",3,14
Harry Potter and the Prisoner of Azkaban,Saving Lives,Cornelius Fudge,"Come now, Dumbledore. Someone's obviously released him.",3,7
Harry Potter and the Prisoner of Azkaban,Saving Lives,Albus Dumbledore,I don't think the minister's suggesting you had anything to do with this. How could you? You've been with us all the time.,3,23
Harry Potter and the Prisoner of Azkaban,Saving Lives,Cornelius Fudge,"Right. Well, well. We must search the grounds.",3,8
Harry Potter and the Prisoner of Azkaban,Saving Lives,Albus Dumbledore,"Well, search the skies, if you must, minister. Meanwhile, I'd like a nice cup of tea or a large brandy. Oh, executioner, your services are no longer required. Thank you.",3,30
Harry Potter and the Prisoner of Azkaban,Saving Lives,Rubeus Hagrid,"You'll find no small glasses in this house, professor.",3,9
Harry Potter and the Prisoner of Azkaban,Saving Lives,Harry Potter,"Come on. This way. This way, now. Now what?",3,9
Harry Potter and the Prisoner of Azkaban,Saving Lives,Hermione Granger,No idea. Look. It's Lupin.,3,5
Harry Potter and the Prisoner of Azkaban,"Truly Seen, Truly Free",Hermione Granger,At least someone's enjoying himself.,3,5
Harry Potter and the Prisoner of Azkaban,"Truly Seen, Truly Free",Harry Potter,"Before, down by the lake, when I was with Sirius... I did see someone. That someone made the dementors go away.",3,21
Harry Potter and the Prisoner of Azkaban,"Truly Seen, Truly Free",Hermione Granger,With a Patronus. I heard Snape telling Dumbledore. According to him... only a really powerful wizard could have conjured it.,3,20
Harry Potter and the Prisoner of Azkaban,"Truly Seen, Truly Free",Harry Potter,It was my dad. My dad conjured the Patronus.,3,9
Harry Potter and the Prisoner of Azkaban,"Truly Seen, Truly Free",Hermione Granger,"Harry, but your dad's... Dead. I know. I'm just telling you what I saw.",3,14
Harry Potter and the Prisoner of Azkaban,"Truly Seen, Truly Free",Harry Potter,You see Sirius talking to me there? He's asking me to come live with him.,3,15
Harry Potter and the Prisoner of Azkaban,"Truly Seen, Truly Free",Harry Potter,"When we free him, I'll never have to go back to the Dursleys'. It'll just be me and him. We could live in the country... someplace you can see the sky. I think he'll like that after all those years in Azkaban.",3,42
Harry Potter and the Prisoner of Azkaban,"Truly Seen, Truly Free",Harry Potter,Let's go! What are you doing?,3,6
Harry Potter and the Prisoner of Azkaban,"Truly Seen, Truly Free",Harry Potter,Thanks. Great! Now he's coming for us.,3,7
Harry Potter and the Prisoner of Azkaban,"Truly Seen, Truly Free",Hermione Granger,"Yeah, I didn't think about that. Run!",3,7
Harry Potter and the Prisoner of Azkaban,"Truly Seen, Truly Free",Harry Potter,Poor Professor Lupin's having a really tough night. Sirius! Come on!,3,11
Harry Potter and the Prisoner of Azkaban,"Truly Seen, Truly Free",Harry Potter,Don't worry. My dad will come. He'll conjure the Patronus. Any minute now! Right there! You'll see!,3,17
Harry Potter and the Prisoner of Azkaban,"Truly Seen, Truly Free",Hermione Granger,"Harry, listen to me. No one's coming.",3,7
Harry Potter and the Prisoner of Azkaban,"Truly Seen, Truly Free",Harry Potter,"Don't worry, he will! He will come! Sirius.",3,8
Harry Potter and the Prisoner of Azkaban,"Truly Seen, Truly Free",Hermione Granger,You're dying... both of you. Harry!,3,6
Harry Potter and the Prisoner of Azkaban,"Truly Seen, Truly Free",Harry Potter,"You were right, Hermione. It wasn't my dad I saw earlier. It was me! I saw myself conjuring the Patronus before. I knew I could do it this time because... well, I had already done it. Does that make sense?",3,40
Harry Potter and the Prisoner of Azkaban,"Truly Seen, Truly Free",Hermione Granger,But I don't like flying...!,3,5
Harry Potter and the Prisoner of Azkaban,"Truly Seen, Truly Free",Sirius Black,I'll be forever grateful for this... to both of you.,3,10
Harry Potter and the Prisoner of Azkaban,"Truly Seen, Truly Free",Harry Potter,I want to go with you.,3,6
Harry Potter and the Prisoner of Azkaban,"Truly Seen, Truly Free",Sirius Black,"One day, perhaps. For some time, my life will be too unpredictable. And besides... you're meant to be here.",3,19
Harry Potter and the Prisoner of Azkaban,"Truly Seen, Truly Free",Sirius Black,"And you know it. And for now, that will do. I expect you're tired of hearing this... but you look so like your father. Except your eyes. You have...",3,29
Harry Potter and the Prisoner of Azkaban,"Truly Seen, Truly Free",Sirius Black,"It's cruel that I spent so much time with James and Lily, and you so little. But know this: The ones that love us never really leave us. And you can always find them... in here. You really are the brightest witch of your age.",3,45
Harry Potter and the Prisoner of Azkaban,Two Places at Once,Harry Potter,He's free. We did it.,3,5
Harry Potter and the Prisoner of Azkaban,Two Places at Once,Ron Weasley,How did you get there? I was talking to you there. And now you're there.,3,15
Harry Potter and the Prisoner of Azkaban,Two Places at Once,Hermione Granger,"What's he talking about, Harry?",3,5
Harry Potter and the Prisoner of Azkaban,Mischief Managed,Harry Potter,"I don't know. Honestly, Ron. How can somebody be in two places at once?",3,14
Harry Potter and the Prisoner of Azkaban,Mischief Managed,Remus Lupin,"Hello, Harry. I saw you coming. I've looked worse, believe me.",3,11
Harry Potter and the Prisoner of Azkaban,Mischief Managed,Remus Lupin,"No. No. I resigned, actually.",3,5
Harry Potter and the Prisoner of Azkaban,Mischief Managed,Remus Lupin,"Well, it seems that somebody let slip the nature of my condition. This time tomorrow, the owls will start arriving and parents will not want... well, someone like me teaching their children.",3,32
Harry Potter and the Prisoner of Azkaban,Mischief Managed,Remus Lupin,"Dumbledore has already... risked enough on my behalf. Besides, people like me are... Well, let's just say that I'm used to it by now.",3,24
Harry Potter and the Prisoner of Azkaban,Mischief Managed,Remus Lupin,"Why do you look so miserable, Harry?",3,7
Harry Potter and the Prisoner of Azkaban,Mischief Managed,Harry Potter,None of it made any difference. Pettigrew escaped.,3,8
Harry Potter and the Prisoner of Azkaban,Mischief Managed,Remus Lupin,"Didn't make any difference? Harry it made all the difference in the world. You have uncovered the truth. You saved an innocent man from a terrible fate. It made a great deal of difference. If I am proud of anything... it is of how much you have learned this year. Now, since I am no longer your teacher... I feel no guilt whatsoever about giving this back to you. So now I'll say goodbye, Harry. I feel sure we'll meet again sometime. Until then... mischief managed.",3,86
Harry Potter and the Prisoner of Azkaban,The Firebolt,Ron Weasley,"Stand back, I said! Or I'll take it upstairs if you don't settle.",3,13
Harry Potter and the Prisoner of Azkaban,The Firebolt,Neville Longbottom,Harry. Wherever did you get it?,3,6
Harry Potter and the Prisoner of Azkaban,The Firebolt,Seamus Finnigan,"Can I have a go, Harry? After you, of course.",3,10
Harry Potter and the Prisoner of Azkaban,The Firebolt,Harry Potter,What are you talking about?,3,5
Harry Potter and the Prisoner of Azkaban,The Firebolt,Ron Weasley,"Quiet. Let the man through. I didn't mean to open it, Harry. It was badly wrapped. They made me do it.",3,21
Harry Potter and the Prisoner of Azkaban,The Firebolt,Harry Potter,For me? But who sent it?,3,6
Harry Potter and the Prisoner of Azkaban,The Firebolt,Hermione Granger,"How fast is it, Harry?",3,5
Harry Potter and the Gobelt of Fire,The Riddle House,Peter Pettigrew,Oh no no no my Lord Voldemort. I only meant... perhaps if we were to do it without the boy..,4,20
Harry Potter and the Gobelt of Fire,The Riddle House,Voldemort,"NO! The boy is everything, it cannot be done without him and it WILL be done exactly as I say.",4,20
Harry Potter and the Gobelt of Fire,The Riddle House,Voldemort,"Good. First, gather our old comrades. Send them a sign.",4,10
Harry Potter and the Gobelt of Fire,The Riddle House,Voldemort,Nagini tells me the old caretaker is standing outside the door.,4,11
Harry Potter and the Gobelt of Fire,The Riddle House,Voldemort,Step aside so I can give our guest a proper greeting.,4,11
Harry Potter and the Gobelt of Fire,The Portkey,Harry Potter,Hermione. Bad dream. When did you get here?,4,8
Harry Potter and the Gobelt of Fire,The Portkey,Hermione Granger,Wake up. Wake up Ronald!,4,5
Harry Potter and the Gobelt of Fire,The Portkey,Hermione Granger,"Honestly. Get dressed, and don't go back to sleep. Come on Ron! Your mother says breakfast's ready.",4,17
Harry Potter and the Gobelt of Fire,The Portkey,Harry Potter,Where are we actually going?,4,5
Harry Potter and the Gobelt of Fire,The Portkey,Ron Weasley,Don't know. Hey Dad! Where are we going?,4,8
Harry Potter and the Gobelt of Fire,The Portkey,Arthur Weasley,"Haven't the foggiest, keep up!",4,5
Harry Potter and the Gobelt of Fire,The Portkey,Arthur Weasley,"Sorry Amos. Some of us had a bit of a sleepy start. This is Amos Diggory everyone, he works with me at the ministry. And this strapping young lad must be Cedric, am I right?",4,35
Harry Potter and the Gobelt of Fire,The Portkey,Harry Potter,Pleasure to meet you too sir.,4,6
Harry Potter and the Gobelt of Fire,The Portkey,Arthur Weasley,"That's it sir, just over there.",4,6
Harry Potter and the Gobelt of Fire,The Portkey,Harry Potter,Why are they all standing around that manky old boot?,4,10
Harry Potter and the Gobelt of Fire,The Portkey,Fred Weasley,That isn't just any old manky boot mate.,4,8
Harry Potter and the Gobelt of Fire,The Portkey,Arthur Weasley,I bet that cleared your sinuses eh?,4,7
Harry Potter and the Gobelt of Fire,The Portkey,Arthur Weasley,"Well kids, welcome to the Quidditch World Cup!",4,8
Harry Potter and the Gobelt of Fire,The Portkey,Arthur Weasley,"Girls. Choose a bunk and unpack. Ron, get out of the kitchen we're all hungry.",4,15
Harry Potter and the Gobelt of Fire,The Portkey,Fred Weasley,Yeah get out of the kitchen Ron.,4,7
Harry Potter and the Gobelt of Fire,The Portkey,George Weasley,Yeah get out of the kitchen Ron.,4,7
Harry Potter and the Gobelt of Fire,The Quidditch World Cup,Ron Weasley,"Blimey Dad, how far up are we?",4,7
Harry Potter and the Gobelt of Fire,The Quidditch World Cup,Lucius Malfoy,"Well put it this way, if it rains... you'll be the first to know",4,14
Harry Potter and the Gobelt of Fire,The Quidditch World Cup,Draco Malfoy,"Father and I are in the minister's box, by personal invitation of Cornelius Fudge himself.",4,15
Harry Potter and the Gobelt of Fire,The Quidditch World Cup,Lucius Malfoy,Don't boast Draco. There's no need with these people. Do enjoy yourself won't you. While you can.,4,17
Harry Potter and the Gobelt of Fire,The Quidditch World Cup,Arthur Weasley,"Come on up, take your seats. I told you these seats would be worth waiting for.",4,16
Harry Potter and the Gobelt of Fire,The Dark Mark,Ron Weasley,"There's no one like Krum. He's like a bird the way he rides the wind. He's more than an athlete, he's an artist.",4,23
Harry Potter and the Gobelt of Fire,The Dark Mark,Ginny Weasley,Think you're in love Ron?,4,5
Harry Potter and the Gobelt of Fire,The Dark Mark,Fred Weasley,Viktor I love you! Viktor I do!,4,7
Harry Potter and the Gobelt of Fire,The Dark Mark,George Weasley,Viktor I love you! Viktor I do!,4,7
Harry Potter and the Gobelt of Fire,The Dark Mark,Fred Weasley,When we're apart my heart beats only for youuu!,4,9
Harry Potter and the Gobelt of Fire,The Dark Mark,George Weasley,When we're apart my heart beats only for youuu!,4,9
Harry Potter and the Gobelt of Fire,The Dark Mark,Harry Potter,When we're apart my heart beats only for youuu!,4,9
Harry Potter and the Gobelt of Fire,The Dark Mark,Fred Weasley,Sounds like the irish have got their pride on.,4,9
Harry Potter and the Gobelt of Fire,The Dark Mark,Arthur Weasley,Stop! Stop it. It's not the irish. We've gotta get out of here. Now.,4,14
Harry Potter and the Gobelt of Fire,The Dark Mark,Arthur Weasley,"Get back to the portkey everybody, and stick together. Fred, George... Ginny is your responsibility.",4,15
Harry Potter and the Gobelt of Fire,The Dark Mark,Ron Weasley,Been looking for you for ages. Thought we lost you.,4,10
Harry Potter and the Gobelt of Fire,The Dark Mark,Arthur Weasley,"Ron, Harry, Hermione are you alright?",4,6
Harry Potter and the Gobelt of Fire,The Dark Mark,Bartemius Crouch,Which of you conjured this?,4,5
Harry Potter and the Gobelt of Fire,The Dark Mark,Bartemius Crouch,Do not lie! You have been discovered at the scene of the crime!,4,13
Harry Potter and the Gobelt of Fire,The Dark Mark,Harry Potter,"Those people tonight, in the masks... they're his too aren't they? they're his followers.",4,14
Harry Potter and the Gobelt of Fire,The Dark Mark,Harry Potter,There was a man. Before. There.,4,6
Harry Potter and the Gobelt of Fire,The Dark Mark,Bartemius Crouch,"All of you, this way.",4,5
Harry Potter and the Gobelt of Fire,The Dark Mark,Harry Potter,I dunno. I didn't see his face.,4,7
Harry Potter and the Gobelt of Fire,The Dark Mark,Ron Weasley,Packet of drewbals and a liquorice wand.,4,7
Harry Potter and the Gobelt of Fire,The Dark Mark,Ron Weasley,"On second thought, just the drewbals.",4,6
Harry Potter and the Gobelt of Fire,The Dark Mark,Harry Potter,It's alright I'll get it.,4,5
Harry Potter and the Gobelt of Fire,The Dark Mark,Harry Potter,Oh no thank you I'm not hungry.,4,7
Harry Potter and the Gobelt of Fire,The Dark Mark,Hermione Granger,"This is horrible, how can the ministry not know who conjured it. Isn't there any security or?",4,17
Harry Potter and the Gobelt of Fire,The Dark Mark,Ron Weasley,"Loads according to Dad, that's what worried them so much. Happened right under their noses.",4,15
Harry Potter and the Gobelt of Fire,The Dark Mark,Hermione Granger,"It's hurting again isn't it, your scar.",4,7
Harry Potter and the Gobelt of Fire,The Dark Mark,Hermione Granger,"You know Sirius will want to hear about this. What you saw at the world cup, and the dream.",4,19
Harry Potter and the Gobelt of Fire,The Triwizard Tournament,Harry Potter,Well there's something you don't see every day.,4,8
Harry Potter and the Gobelt of Fire,The Triwizard Tournament,Albus Dumbledore,"Now we're all settled in and sorted, I'd like to make an announcement. This castle will not only be your home this year but home to some very special guests as well. You see Hogwarts has been choosen...",4,38
Harry Potter and the Gobelt of Fire,The Triwizard Tournament,Albus Dumbledore,"So Hogwarts has been choosen to host a legendary event. The Tri-Wizard tournament. Now for those of you who do not know, the tri-wizard tournament brings together three schools for a series of magical contests. From each school a single contestant is selected to compete. Now let me be clear, if choosen you stand alone. And trust me when I say these contests are not for the faint hearted, but more of that later. For now please join me in welcoming the lovely ladies of the Beauxbatons Academy of magic and their headmistress Madam Maxime.",4,95
Harry Potter and the Gobelt of Fire,The Triwizard Tournament,Albus Dumbledore,"And now our friends from the north, please greet the proud sons of Durmstrang and the high master Igor Karkaroff.",4,20
Harry Potter and the Gobelt of Fire,The Triwizard Tournament,Ron Weasley,"Blimey it's him, Viktor Krum!",4,5
Harry Potter and the Gobelt of Fire,The Triwizard Tournament,Albus Dumbledore,"Not to worry Madame Maxime, our gamekeeper Hagrid's more than capable of seeing to them.",4,15
Harry Potter and the Gobelt of Fire,The Triwizard Tournament,Albus Dumbledore,"Your attention please! I would like to say a few words. Eternal glory, that is what awaits the student who wins the tri-wizard tournament. But to do this that student must survive three tasks. Three extremely dangerous tasks.",4,38
Harry Potter and the Gobelt of Fire,The Triwizard Tournament,Albus Dumbledore,For this reason the ministry has seen fit to impose a new rule. To explain all this we have the head of the department of international magic cooperation Mister Bartimus Crouch.,4,31
Harry Potter and the Gobelt of Fire,The Triwizard Tournament,Ron Weasley,"Bloody hell, it's Mad-Eye Moody.",4,5
Harry Potter and the Gobelt of Fire,The Triwizard Tournament,Ron Weasley,He was a catcher. Half the cells in Azkaban are full thanks to him. He's supposed to be mad as a hatter though these days.,4,25
Harry Potter and the Gobelt of Fire,The Triwizard Tournament,Albus Dumbledore,"My dear old friend, thanks for coming.",4,7
Harry Potter and the Gobelt of Fire,The Triwizard Tournament,Seamus Finnigan,What's that he's drinking do you suppose?,4,7
Harry Potter and the Gobelt of Fire,The Triwizard Tournament,Harry Potter,I don't know but I don't think it's Pumpkin Juice.,4,10
Harry Potter and the Gobelt of Fire,The Triwizard Tournament,Bartemius Crouch,After much deliberation the ministry has concluded that for their own safety no student under the age of seventeen shall be allowed to put forth their name for the tri-wizard tournament. This decision is final.,4,35
Harry Potter and the Gobelt of Fire,The Triwizard Tournament,George Weasley,That's rubbish! You don't know what you're doing!,4,8
Harry Potter and the Gobelt of Fire,The Goblet of Fire,Albus Dumbledore,"The goblet of fire. Anyone wishing to submit themselves for the tournament merely write their name upon a piece of parchment and throw it in the flame before this hour on Thursday night. Do not do so lightly, if choosen there's no turning back. As from this moment the tri-wizard tournament has begun.",4,53
Harry Potter and the Gobelt of Fire,The Unforgivable Curses,Alastor Moody,"Ministry malcontent. And your new defence against the dark arts teacher. I'm here because Dumbledore asked me, end of story, goodbye, the end. Any questions? When it comes to the dark arts, I believe in a practical approach. But first, which of you can tell me how many unforgivable curses there are?",4,52
Harry Potter and the Gobelt of Fire,The Unforgivable Curses,Alastor Moody,And they are so named?,4,5
Harry Potter and the Gobelt of Fire,The Unforgivable Curses,Hermione Granger,Because they are unforgivable. Use of any one of them will...,4,11
Harry Potter and the Gobelt of Fire,The Unforgivable Curses,Alastor Moody,"Will earn you a one way ticket to Azkaban. Correct. Now the ministry says you're too young to see what these curses do. I say different! You need to know what you're up against, you need to be prepared, you need to find somewhere else to put your chewing gum other than the underside of your desk Mr Finnigan!",4,59
Harry Potter and the Gobelt of Fire,The Unforgivable Curses,Seamus Finnigan,"Aw no way, the old codger can see out the back of his head.",4,14
Harry Potter and the Gobelt of Fire,The Unforgivable Curses,Alastor Moody,"So, which curse shall we see first?",4,7
Harry Potter and the Gobelt of Fire,The Unforgivable Curses,Ron Weasley,"Well, my dad did tell me about one... The imperious curse.",4,11
Harry Potter and the Gobelt of Fire,The Unforgivable Curses,Alastor Moody,"Ahhh yes, your father would know all about that. Gave the ministry quite a bit of grief a few years ago. Perhaps this will show you why.",4,27
Harry Potter and the Gobelt of Fire,The Unforgivable Curses,Alastor Moody,Hello. What a little beauty.,4,5
Harry Potter and the Gobelt of Fire,The Unforgivable Curses,Alastor Moody,But if she bites... she's lethal!,4,6
Harry Potter and the Gobelt of Fire,The Unforgivable Curses,Alastor Moody,What are you laughing at?,4,5
Harry Potter and the Gobelt of Fire,The Unforgivable Curses,Alastor Moody,Talented isn't she? What shall I have her do next? Jump out the window? Drown herself?,4,16
Harry Potter and the Gobelt of Fire,The Unforgivable Curses,Alastor Moody,"Scores of witches and wizards have claimed that they only do did you-know-whose bidding under the influence of the imperious curse. But here's the rub, how do we sort out the liars? Another.. another.. Come on come on. Longbottom is it? Up.",4,42
Harry Potter and the Gobelt of Fire,The Unforgivable Curses,Alastor Moody,Professor Sprout tells me you have an aptitude for herbology.,4,10
Harry Potter and the Gobelt of Fire,The Unforgivable Curses,Neville Longbottom,There's the um... The cruciatus curse.,4,6
Harry Potter and the Gobelt of Fire,The Unforgivable Curses,Alastor Moody,Correct! Correct! come come. Particularly nasty. The torture curse.,4,9
Harry Potter and the Gobelt of Fire,The Unforgivable Curses,Hermione Granger,"Stop it! Can't you see it's bothering him, stop it!",4,10
Harry Potter and the Gobelt of Fire,The Unforgivable Curses,Alastor Moody,Perhaps you could give us the last unforgivable curse Miss Granger.,4,11
Harry Potter and the Gobelt of Fire,The Unforgivable Curses,Alastor Moody,The killing curse. Only one person is known to have survived it. And he's sitting in this room.,4,18
Harry Potter and the Gobelt of Fire,The Unforgivable Curses,Ron Weasley,"Brilliant isn't he! Completely demented of course. Terrifying to be in the same room with, he's really BEEN there you know.",4,21
Harry Potter and the Gobelt of Fire,The Unforgivable Curses,Hermione Granger,"There's a reason those curses are unforgivable, and to perform them in a classroom. I mean did you see Neville's face.",4,21
Harry Potter and the Gobelt of Fire,The Unforgivable Curses,Alastor Moody,"Come on, we'll have a cup of tea. I want to show you something.",4,14
Harry Potter and the Gobelt of Fire,The Unforgivable Curses,Ron Weasley,"Eternal glory, be brilliant wouldn't it? In three years from now we'll be old enough to be choosen.",4,18
Harry Potter and the Gobelt of Fire,The Unforgivable Curses,Harry Potter,Yeah well rather you than me.,4,6
Harry Potter and the Gobelt of Fire,The Unforgivable Curses,George Weasley,"Thank you thank you, well lads we've done it.",4,9
Harry Potter and the Gobelt of Fire,The Unforgivable Curses,Fred Weasley,Cooked it up just this morning.,4,6
Harry Potter and the Gobelt of Fire,The Unforgivable Curses,Hermione Granger,It's not going to work.,4,5
Harry Potter and the Gobelt of Fire,The Unforgivable Curses,Fred Weasley,Oh yeah? And why's that Granger.,4,6
Harry Potter and the Gobelt of Fire,The Unforgivable Curses,Hermione Granger,You see this? This is an age line. Dumbledore drew it himself.,4,12
Harry Potter and the Gobelt of Fire,The Unforgivable Curses,Hermione Granger,So a genius like Dumbledore couldn't possibly be fooled by something pathetically dimwitted such as an age potion.,4,18
Harry Potter and the Gobelt of Fire,The Unforgivable Curses,George Weasley,That's why it's so brilliant.,4,5
Harry Potter and the Gobelt of Fire,The Four Champions,Albus Dumbledore,"Sit down please. And now the moment you've all been waiting for, the champions selection!",4,15
Harry Potter and the Gobelt of Fire,The Four Champions,Albus Dumbledore,The Durmstrang champion is ... Viktor Krum!,4,7
Harry Potter and the Gobelt of Fire,The Four Champions,Albus Dumbledore,The champion from Beauxbatons... Fleur Delacour,4,6
Harry Potter and the Gobelt of Fire,The Four Champions,Albus Dumbledore,The Hogwarts champion... Cedric Diggory.,4,5
Harry Potter and the Gobelt of Fire,The Four Champions,Albus Dumbledore,"Excellent! we now have our three champions! But in the end only one will go down in history. Only one will hoist this chalice of champions, this vessel of victory the tri-wizard cup!",4,33
Harry Potter and the Gobelt of Fire,The Four Champions,Hermione Granger,Go on Harry. Harry for goodness sake.,4,7
Harry Potter and the Gobelt of Fire,The Four Champions,Albus Dumbledore,Harry! Did you put your name in the goblet of fire?,4,11
Harry Potter and the Gobelt of Fire,The Four Champions,Albus Dumbledore,Did you ask one of the older students to do it for you?,4,13
Harry Potter and the Gobelt of Fire,The Four Champions,Alastor Moody,"The hell he is. The goblet of fire is an exceptionally powerful magical object, only an exceptionally powerful conjurer could have hoodwinked it. Magic way beyond the talents of a fourth year.",4,32
Harry Potter and the Gobelt of Fire,The Four Champions,Alastor Moody,It was once my job to think as dark wizards do Karkaroff perhaps you remember?,4,15
Harry Potter and the Gobelt of Fire,The Four Champions,Albus Dumbledore,That doesn't help Alastor. Leave this to you Barty.,4,9
Harry Potter and the Gobelt of Fire,The Four Champions,Bartemius Crouch,"The rules are absolute, the goblet of fire constitutes a binding magical contract. Mr Potter has no choice, he is as of tonight... a tri-wizards champion.",4,26
Harry Potter and the Gobelt of Fire,Let Events Unfold,Minerva McGonagall,"This can't go on Albus. First the dark mark, now this?",4,11
Harry Potter and the Gobelt of Fire,Let Events Unfold,Albus Dumbledore,What do you suggest Minerva?,4,5
Harry Potter and the Gobelt of Fire,Let Events Unfold,Minerva McGonagall,Put an end to it. Don't let Potter compete.,4,9
Harry Potter and the Gobelt of Fire,Let Events Unfold,Albus Dumbledore,You heard Barty the rules are clear.,4,7
Harry Potter and the Gobelt of Fire,Let Events Unfold,Minerva McGonagall,Well the devil with Barty and his rules. And since when did you accomodate them...,4,15
Harry Potter and the Gobelt of Fire,Let Events Unfold,Severus Snape,"Master I too find it difficult to believe this mere coincidence, if we are to truly discover the meaning of these events perhaps we should for the time being let them unfold.",4,32
Harry Potter and the Gobelt of Fire,Let Events Unfold,Minerva McGonagall,Do nothing?? Offer him up as bait? Potter is a boy not a piece of meat.,4,16
Harry Potter and the Gobelt of Fire,Let Events Unfold,Albus Dumbledore,"I agree with Severus. Alastor, keep an eye on Harry will you?",4,12
Harry Potter and the Gobelt of Fire,Let Events Unfold,Albus Dumbledore,"Don't let him know though, he must be anxious enough as it is... knowing what lies ahead. Then again, we all are.",4,22
Harry Potter and the Gobelt of Fire,Let Events Unfold,Ron Weasley,How did you do it?,4,5
Harry Potter and the Gobelt of Fire,Let Events Unfold,Ron Weasley,Never mind. Doesn't matter. You could have let your best friend know though.,4,13
Harry Potter and the Gobelt of Fire,Let Events Unfold,Ron Weasley,You know bloody well what.,4,5
Harry Potter and the Gobelt of Fire,Let Events Unfold,Harry Potter,I didn't ask for this to happen Ron. Okay? You're being stupid.,4,12
Harry Potter and the Gobelt of Fire,Let Events Unfold,Ron Weasley,"Yeah that's me, Ron Weasley... Harry Potter's stupid friend.",4,9
Harry Potter and the Gobelt of Fire,Let Events Unfold,Harry Potter,"I didn't put my name in that cup. I don't want eternal glory I just wanna be.. Look, I don't know what happened tonight and I don't know why, it just did ok.",4,33
Harry Potter and the Gobelt of Fire,Rita Skeeter,Rita Skeeter,What a charismatic quartet. Hello!,4,5
Harry Potter and the Gobelt of Fire,Rita Skeeter,Rita Skeeter,"I'm Rita Skeeter, I write for the daily prophet. But of course you know that don't you. It's you we don't know, you're the news. What quirks lurk beneath those rosy cheeks? what mysteries do the muscles mask? does courage lie beneath those curls? In short, what makes a champion tick. Me, myself and I want to know. Not to mention my rabid readers. So, who's feeling up to sharing? Mmm? Shall we start with the youngest. Lovely.",4,78
Harry Potter and the Gobelt of Fire,Rita Skeeter,Rita Skeeter,You should feel right at home then. Don't mind if I use the quill do you?,4,16
Harry Potter and the Gobelt of Fire,Rita Skeeter,Rita Skeeter,"So Harry, here you sit, a mere boy of twelve..",4,10
Harry Potter and the Gobelt of Fire,Rita Skeeter,Rita Skeeter,...about to compete against three students. Not only vastly more emotionally mature than yourself but have mastered spells that you wouldn't attempt in your dizziest daydreams. Concerned?,4,27
Harry Potter and the Gobelt of Fire,Rita Skeeter,Harry Potter,I dunno I haven't really thought about it.,4,8
Harry Potter and the Gobelt of Fire,Rita Skeeter,Rita Skeeter,Course you're not just any ordinary boy of twelve are you...,4,11
Harry Potter and the Gobelt of Fire,Rita Skeeter,Rita Skeeter,The story's legend. Do you think it was the trauma of your past that made you so keen to enter such a dangerous tournament.,4,24
Harry Potter and the Gobelt of Fire,Rita Skeeter,Rita Skeeter,"Course you didn't. Everyone loves a rebel Harry.  Scratch that last. Speaking of your parents, were they alive, how do you think they'd feel? proud? or concerned that your attitude shows at best a pathological need for attention, at worst a psychotic deathwish.",4,43
Harry Potter and the Gobelt of Fire,Rita Skeeter,Harry Potter,"Hey, my eyes aren't glistening with the ghosts of my past.",4,11
Harry Potter and the Gobelt of Fire,Sirius Conversation,Sirius Black,Harry. I couldn't risk sending Edward. It was since the world cup and the ministry's been intercepting more and more owls and she's too easily recognised. We need to talk Harry. Face to face. Meet me in the Griffindore common room at one o clock this Saturday night and make sure you're alone. P.S....,4,54
Harry Potter and the Gobelt of Fire,Sirius Conversation,Rita Skeeter,"Harry Potter aged 12, suspect entrant in the tri-wizard tournament. His eyes swimming with the ghosts of his...",4,18
Harry Potter and the Gobelt of Fire,Sirius Conversation,Sirius Black,I don't have much time Harry so let me get straight to it. Did you or did you not put your name into the goblet of fire?,4,27
Harry Potter and the Gobelt of Fire,Sirius Conversation,Sirius Black,"Shh... I had to ask. Now, tell me about this dream of yours. You mentioned Wormtail and Voldemort, but who was the third man in the room?",4,27
Harry Potter and the Gobelt of Fire,Sirius Conversation,Sirius Black,You didn't hear a name?,4,5
Harry Potter and the Gobelt of Fire,Sirius Conversation,Harry Potter,No. Umm.. Voldemort was giving him a job to do. Something important.,4,12
Harry Potter and the Gobelt of Fire,Sirius Conversation,Harry Potter,"He wanted... me. I dunno why, but he was gonna use this man to get to me. I mean it was only a dream right?",4,25
Harry Potter and the Gobelt of Fire,Sirius Conversation,Sirius Black,"Yes. It's just a dream. Look Harry, the deatheaters at the world cup, your name rising from that goblet these are not just coincidences. Hogwarts isn't safe any more.",4,29
Harry Potter and the Gobelt of Fire,Sirius Conversation,Sirius Black,"I'm saying the devils are inside the walls. Igor Karkaroff, he was a deatheater. And no one, no one stops being a deatheater. Then there's Barty Crouch, heart of stone, sent his OWN son to Azkaban.",4,36
Harry Potter and the Gobelt of Fire,Sirius Conversation,Harry Potter,Do you think one of them put my name in the goblet?,4,12
Harry Potter and the Gobelt of Fire,Sirius Conversation,Sirius Black,I haven't a clue who put your name in that goblet Harry but whoever did it is no friend to you. People die in this tournament.,4,26
Harry Potter and the Gobelt of Fire,Sirius Conversation,Harry Potter,I'm not ready for this Sirius.,4,6
Harry Potter and the Gobelt of Fire,Sirius Conversation,Sirius Black,You don't have a choice.,4,5
Harry Potter and the Gobelt of Fire,Sirius Conversation,Sirius Black,Keep your friends close Harry.,4,5
Harry Potter and the Gobelt of Fire,Sirius Conversation,Harry Potter,Who says I was talking to anyone.,4,7
Harry Potter and the Gobelt of Fire,Sirius Conversation,Harry Potter,"Maybe you're imagining things, wouldn't be the first time.",4,9
Harry Potter and the Gobelt of Fire,Sirius Conversation,Ron Weasley,You're probably just practicing for your next interview I expect.,4,10
Harry Potter and the Gobelt of Fire,The Hungarian Horntail,Harry Potter,Neville! You're doing it again!,4,5
Harry Potter and the Gobelt of Fire,The Hungarian Horntail,Harry Potter,Magical water plants of the highland Lochs?,4,7
Harry Potter and the Gobelt of Fire,The Hungarian Horntail,Neville Longbottom,Moody gave it to me. That day we had tea.,4,10
Harry Potter and the Gobelt of Fire,The Hungarian Horntail,Hermione Granger,We've already been through enough people why don't you just go and do it yourself? Ughh. What do you want me to say again?,4,24
Harry Potter and the Gobelt of Fire,The Hungarian Horntail,Hermione Granger,Ronald would like me to tell you that Seamus told him that Dean was told by Parvati that Hagrid was looking for you.,4,23
Harry Potter and the Gobelt of Fire,The Hungarian Horntail,Harry Potter,Is that right? Well.... what?,4,5
Harry Potter and the Gobelt of Fire,The Hungarian Horntail,Hermione Granger,Dean was told by Parvati that... Please don't ask me say it again. Hagrid's looking for you.,4,17
Harry Potter and the Gobelt of Fire,The Hungarian Horntail,Harry Potter,Well you can tell Ronald...,4,5
Harry Potter and the Gobelt of Fire,The Hungarian Horntail,Rubeus Hagrid,Did you bring your father's cloak like I asked you?,4,10
Harry Potter and the Gobelt of Fire,The Hungarian Horntail,Harry Potter,Yeah I brought the cloak. Hagrid where are we going?,4,10
Harry Potter and the Gobelt of Fire,The Hungarian Horntail,Rubeus Hagrid,You'll see soon enough. Pay attention this is important.,4,9
Harry Potter and the Gobelt of Fire,The Hungarian Horntail,Harry Potter,What's with the flower? Hagrid have you combed your hair?,4,10
Harry Potter and the Gobelt of Fire,The Hungarian Horntail,Rubeus Hagrid,As a matter of fact I have. You might like to try the same thing now and again.,4,18
Harry Potter and the Gobelt of Fire,The Hungarian Horntail,Rubeus Hagrid,"Oh, the cloak. Put the cloak on.",4,7
Harry Potter and the Gobelt of Fire,The Hungarian Horntail,Rubeus Hagrid,You'll be glad you came. Trust me.,4,7
Harry Potter and the Gobelt of Fire,The Hungarian Horntail,Harry Potter,Dragons? That's the first task? You're joking.,4,7
Harry Potter and the Gobelt of Fire,The Hungarian Horntail,Rubeus Hagrid,Come on Harry. They're seriously misunderstood creatures.,4,7
Harry Potter and the Gobelt of Fire,The Hungarian Horntail,Rubeus Hagrid,"Although, I have to admit that horntail is a right nasty piece of work. Poor Ron nearly fainted just seeing him you know.",4,23
Harry Potter and the Gobelt of Fire,The Hungarian Horntail,Rubeus Hagrid,Oh sure. His brother Charlie helped bring him over from Romania. Didn't Ron tell you that?,4,16
Harry Potter and the Gobelt of Fire,The Hungarian Horntail,Harry Potter,No he didn't. He didn't tell me a thing.,4,9
Harry Potter and the Gobelt of Fire,Transforming Malfoy,Harry Potter,Can I have a word?,4,5
Harry Potter and the Gobelt of Fire,Transforming Malfoy,Harry Potter,Dragons. That's the first task. They've got one for each of us.,4,12
Harry Potter and the Gobelt of Fire,Transforming Malfoy,Cedric Diggory,"Are you serious? And Fleur and Krum, do they...?",4,9
Harry Potter and the Gobelt of Fire,Transforming Malfoy,Cedric Diggory,"Right. Hey listen, about the badges. I've asked them not to wear them.",4,13
Harry Potter and the Gobelt of Fire,Transforming Malfoy,Harry Potter,You're a right foul git you know that?,4,8
Harry Potter and the Gobelt of Fire,Transforming Malfoy,Harry Potter,Yeah. Stay away from me.,4,5
Harry Potter and the Gobelt of Fire,Transforming Malfoy,Draco Malfoy,Why so tense Potter? My father and I have a bet you see. I don't think you're gonna last ten minutes in this tournament. He disagrees. He thinks you won't last,4,31
Harry Potter and the Gobelt of Fire,Transforming Malfoy,Harry Potter,"I don't give a damn what you or your father thinks Malfoy. He's vile and cruel, and you're just pathetic.",4,20
Harry Potter and the Gobelt of Fire,Transforming Malfoy,Alastor Moody,I'll teach you to cast when someone's back is turned.,4,10
Harry Potter and the Gobelt of Fire,Transforming Malfoy,Minerva McGonagall,Professor Moody what are you doing?,4,6
Harry Potter and the Gobelt of Fire,Transforming Malfoy,Draco Malfoy,My father will hear about this!,4,6
Harry Potter and the Gobelt of Fire,Transforming Malfoy,Alastor Moody,I could tell you stories about your father that would curl even your greasy hair boy! It doesn't end here!,4,20
Harry Potter and the Gobelt of Fire,Transforming Malfoy,Minerva McGonagall,"We never use transfigration as a punishment, surely Dumbledore told you that.",4,12
Harry Potter and the Gobelt of Fire,Transforming Malfoy,Minerva McGonagall,Well you will do well to remember it.,4,8
Harry Potter and the Gobelt of Fire,Transforming Malfoy,Alastor Moody,That's a foal glass. Lets me keep an eye on my enemies. If I can see the whites of their eyes they're standing right behind me.,4,26
Harry Potter and the Gobelt of Fire,Transforming Malfoy,Alastor Moody,Wouldn't even bother telling you what's in ther. You wouldn't believe it if I did. Now... what are you going to do about your dragon?,4,25
Harry Potter and the Gobelt of Fire,Transforming Malfoy,Harry Potter,Oh... um... You know I just thought I'd...,4,8
Harry Potter and the Gobelt of Fire,Transforming Malfoy,Alastor Moody,"Sit. Listen to me Potter. Your pal Diggory, by your age he could take a whistle into a watch and have it sing you the time. Miss Delacour, she's as much a fairy princess as I am. As for Krum, his head may be filled with sawdust but Karkaroff's is NOT. They'll have a strategy, and you can bet that it'll play to Krum's strengths. Hmm? Come on Potter. What are your strengths?",4,73
Harry Potter and the Gobelt of Fire,Transforming Malfoy,Harry Potter,Um... I dunno.. I can fly. I mean I'm a fair flyer.,4,12
Harry Potter and the Gobelt of Fire,Transforming Malfoy,Alastor Moody,Better than fair the way I heard it.,4,8
Harry Potter and the Gobelt of Fire,Transforming Malfoy,Harry Potter,But I'm not allowed a broom.,4,6
Harry Potter and the Gobelt of Fire,The First Task,Hermione Granger,Pssst! Harry? Is that you?,4,5
Harry Potter and the Gobelt of Fire,The First Task,Hermione Granger,How are you feeling? OK? The key is to concentrate. After that you just have to...,4,16
Harry Potter and the Gobelt of Fire,The First Task,Rita Skeeter,Young love! Ohh how.. stirring. If everything goes unfortunately today you might make the front page.,4,16
Harry Potter and the Gobelt of Fire,The First Task,Rita Skeeter,No matter. We've got what we wanted.,4,7
Harry Potter and the Gobelt of Fire,The First Task,Albus Dumbledore,"Good day champions. Gather round please. Now you've waited, you've wondered and at last the moment has arrived. The moment only four of you can fully appreciate.",4,27
Harry Potter and the Gobelt of Fire,The First Task,Albus Dumbledore,What are you doing here Miss Granger?,4,7
Harry Potter and the Gobelt of Fire,The First Task,Hermione Granger,Oh um.. Sorry I'll just go.,4,6
Harry Potter and the Gobelt of Fire,The First Task,Bartemius Crouch,"Champions, in a circle around me. Miss Delacour over here, Mr Krum, and Potter over here. Right. Miss Delacour, if you will...",4,22
Harry Potter and the Gobelt of Fire,The First Task,Bartemius Crouch,The welsh green. Mr Krum...,4,5
Harry Potter and the Gobelt of Fire,The First Task,Bartemius Crouch,The swedish short-snout. Which leaves...,4,5
Harry Potter and the Gobelt of Fire,The First Task,Bartemius Crouch,"The hungarian horntail. These represent very real dragons, each of which has been given a golden egg to protect. Your objective is simple, collect the egg. This you must do, for each egg contains a clue without which you cannot hope to proceed to the next task. Any questions?",4,49
Harry Potter and the Gobelt of Fire,The First Task,Albus Dumbledore,Very well. Good luck champions. Mr Diggory the sound of the cannon...,4,12
Harry Potter and the Gobelt of Fire,The First Task,Albus Dumbledore,Three of our champions have now faced their dragons and so each one of them will proceed to the next task. And now our fourth and final contestant.,4,28
Harry Potter and the Gobelt of Fire,The First Task,Hermione Granger,Your wand harry! Your wand!,4,5
Harry Potter and the Gobelt of Fire,The First Task,George Weasley,We knew you wouldn't die Harry.,4,6
Harry Potter and the Gobelt of Fire,The First Task,Seamus Finnigan,"Go on Harry, what's the clue?",4,6
Harry Potter and the Gobelt of Fire,The First Task,Harry Potter,Who wants me to open it? You want me to open it?,4,12
Harry Potter and the Gobelt of Fire,The First Task,Harry Potter,What the bloody hell was that?,4,6
Harry Potter and the Gobelt of Fire,The First Task,Fred Weasley,"Alright everyone, go back to your knitting. This is gonna be uncomfortable enough without all you nosey sods listening in.",4,20
Harry Potter and the Gobelt of Fire,The First Task,Ron Weasley,I reckon you'd have to be barking mad to put your own name in the goblet of fire.,4,18
Harry Potter and the Gobelt of Fire,The First Task,Harry Potter,Caught on have you. Took you long enough.,4,8
Harry Potter and the Gobelt of Fire,The First Task,Ron Weasley,Wasn't just me who thought you'd done it. Everyone was saying it behind your back.,4,15
Harry Potter and the Gobelt of Fire,The First Task,Harry Potter,Brilliant. That makes me feel loads better.,4,7
Harry Potter and the Gobelt of Fire,The First Task,Ron Weasley,At least I warned you about the dragons.,4,8
Harry Potter and the Gobelt of Fire,The First Task,Harry Potter,Hagrid warned me about the dragons.,4,6
Harry Potter and the Gobelt of Fire,The First Task,Ron Weasley,"Oh no no, I did. Don't you remember? I told Hermione to tell you that Seamus told me that Parvati told Dean that Hagrid was looking for you. Seamus never actually told me anything, so it was really me all along. I thought you'd be alright, you know, after you figured that out.",4,53
Harry Potter and the Gobelt of Fire,The First Task,Harry Potter,Who could possibly figure that out? That's completely mental.,4,9
Harry Potter and the Gobelt of Fire,The First Task,Ron Weasley,Yeah it is isn't it. Suppose I was a bit distraught.,4,11
Harry Potter and the Gobelt of Fire,The First Task,Hermione Granger,Look at this! I can't believe it she's done it again. Miss Granger a plain but ambitious girl seems to be developing a taste for famous wizards. Her latest prey sources report is none other than the Bulgarian bon-bon Viktor Krum. No word yet on how Harry Potter's taking this latest emotional blow.,4,53
Harry Potter and the Gobelt of Fire,The First Task,Ron Weasley,Not now Nigel. Later. Go on.,4,6
Harry Potter and the Gobelt of Fire,The First Task,Ron Weasley,I told him I'd get him Harry's autograph. Oh look mum's sent me something. Mum sent me a dress??,4,19
Harry Potter and the Gobelt of Fire,The First Task,Harry Potter,Well it does match your eyes. Is there a bonnet?,4,10
Harry Potter and the Gobelt of Fire,The First Task,Ron Weasley,Ginny these must be for you.,4,6
Harry Potter and the Gobelt of Fire,The First Task,Ginny Weasley,I'm not wearing that it's ghastly.,4,6
Harry Potter and the Gobelt of Fire,The First Task,Ron Weasley,What are you on about?,4,5
Harry Potter and the Gobelt of Fire,The First Task,Hermione Granger,They're not for Ginny they're for you! Dress robes.,4,9
Harry Potter and the Gobelt of Fire,Best Foot Forward,Minerva McGonagall,"The yule ball has been a tradition of the tri-wizard tournament since its inception. On Christmas eve night we and our guests gather in the great hall for well mannered frivolity. As representitives of the host school I expect each and every one of you to put your best foot forward, and I mean this literally because the yule ball is first and foremost... a dance.",4,66
Harry Potter and the Gobelt of Fire,Best Foot Forward,Minerva McGonagall,"Silence. The house of Godrick Griffindore has commanded the respect of the wizard world for nearly ten centuries. I will not have you in the course of a single evening besmirching that name by behaving like a babbling, bumbling band of baboons.",4,42
Harry Potter and the Gobelt of Fire,Best Foot Forward,Fred Weasley,Try saying that five times faster.,4,6
Harry Potter and the Gobelt of Fire,Best Foot Forward,Minerva McGonagall,"Now to dance is to let the body breathe, inside every girl a secret swan slumbers longing to burst forth and take flight.",4,23
Harry Potter and the Gobelt of Fire,Best Foot Forward,Ron Weasley,Something's about to burst out of Hilary but I don't think it's a swan.,4,14
Harry Potter and the Gobelt of Fire,Best Foot Forward,Minerva McGonagall,"Inside every boy a lordly lion prepared to prance. Mr Weasly, will you join me.",4,15
Harry Potter and the Gobelt of Fire,Best Foot Forward,Minerva McGonagall,"Now, place your right hand on my waist.",4,8
Harry Potter and the Gobelt of Fire,Best Foot Forward,Minerva McGonagall,Now bend your arm. Mr Filch...,4,6
Harry Potter and the Gobelt of Fire,Best Foot Forward,Minerva McGonagall,"One two three, one two three, one two three.",4,9
Harry Potter and the Gobelt of Fire,Best Foot Forward,Harry Potter,Oi! Never gonna let him forget this are you?,4,9
Harry Potter and the Gobelt of Fire,An Unexpected Challenge,Harry Potter,Why do they always have to travel in packs? How are you supposed to get one alone to ask them...,4,20
Harry Potter and the Gobelt of Fire,An Unexpected Challenge,Ron Weasley,"Blimey Harry, you slayed dragons. If you can't get a date who can?",4,13
Harry Potter and the Gobelt of Fire,An Unexpected Challenge,Harry Potter,I think I'd take the dragon right now.,4,8
Harry Potter and the Gobelt of Fire,An Unexpected Challenge,Rubeus Hagrid,"I take after my mum. Though I didn't know her very well, she left when I was about three. No, not the maternal sort her, broke my dad's heart though. You know he was a tiny little fellow my dad, I could pick him up with one hand by the age of six and put him up in the dresser.",4,60
Harry Potter and the Gobelt of Fire,An Unexpected Challenge,Rubeus Hagrid,"And then he died when I was still in school. So I had to make me own way as it were. But enough of me, what about you!",4,28
Harry Potter and the Gobelt of Fire,An Unexpected Challenge,Ron Weasley,This is mad. At this rate we'll be the only ones in our year without dates.,4,16
Harry Potter and the Gobelt of Fire,An Unexpected Challenge,Harry Potter,But then again he can take himself.,4,7
Harry Potter and the Gobelt of Fire,An Unexpected Challenge,Hermione Granger,It might interest you to know that Neville's already got someone.,4,11
Harry Potter and the Gobelt of Fire,An Unexpected Challenge,Ron Weasley,"Well Hermione, you're a girl.",4,5
Harry Potter and the Gobelt of Fire,An Unexpected Challenge,Ron Weasley,Come on. It's one thing for a bloke to show up alone. For a girl it's just sad.,4,18
Harry Potter and the Gobelt of Fire,An Unexpected Challenge,Hermione Granger,I won't be going alone because believe it or not someone's asked me. And I said yes.,4,17
Harry Potter and the Gobelt of Fire,An Unexpected Challenge,Ron Weasley,"Look. We've just got to grit our teeth and do it. Tonight when we get back to the common room, we'll both have partners. Agreed?",4,25
Harry Potter and the Gobelt of Fire,An Unexpected Challenge,Harry Potter,Um.  I just wondered if maybe you wanted to go to the ball with me?,4,15
Harry Potter and the Gobelt of Fire,An Unexpected Challenge,Harry Potter,Um. I was just wondering if maybe you wanted to go to the ball with me.,4,16
Harry Potter and the Gobelt of Fire,An Unexpected Challenge,Harry Potter,Ok. Great. Fine. No problem. Good.,4,6
Harry Potter and the Gobelt of Fire,An Unexpected Challenge,Ron Weasley,"There she was walking by. You know I like it when they walk. I couldn't help it, it just sort of slipped out.",4,23
Harry Potter and the Gobelt of Fire,An Unexpected Challenge,Harry Potter,What did you do then?,4,5
Harry Potter and the Gobelt of Fire,An Unexpected Challenge,Ron Weasley,What else? I ran for it. I'm not cut out for this Harry. I don't know what got into me.,4,20
Harry Potter and the Gobelt of Fire,The Yule Ball,Ron Weasley,"Well they're alright. No lace, no dodgy little collar.",4,9
Harry Potter and the Gobelt of Fire,The Yule Ball,Harry Potter,Well I expect yours are more traditional.,4,7
Harry Potter and the Gobelt of Fire,The Yule Ball,Ron Weasley,Traditional?? They're ancient! I look like my great aunt Tessie.,4,10
Harry Potter and the Gobelt of Fire,The Yule Ball,Ron Weasley,I smell like my great aunt Tessie. Murder me Harry.,4,10
Harry Potter and the Gobelt of Fire,The Yule Ball,Ron Weasley,"Poor kid, bet she's alone in her room crying her eyes out.",4,12
Harry Potter and the Gobelt of Fire,The Yule Ball,Ron Weasley,"Hermione of course. Come on Harry, why'd you think she wouldn't tell us who she's coming with?",4,17
Harry Potter and the Gobelt of Fire,The Yule Ball,Harry Potter,Because we'd take the mickey out of her if she did.,4,11
Harry Potter and the Gobelt of Fire,The Yule Ball,Ron Weasley,Because nobody asked her. I would have taken her myself if she weren't so bleeding proud.,4,16
Harry Potter and the Gobelt of Fire,The Yule Ball,Minerva McGonagall,Here you are Potter. Are you and Miss Patil ready?,4,10
Harry Potter and the Gobelt of Fire,The Yule Ball,Minerva McGonagall,To dance. It's traditional that the three champions or in this case four are the first to dance. Surely I told you that.,4,23
Harry Potter and the Gobelt of Fire,The Yule Ball,Minerva McGonagall,"Oh well now you know. Oh, as for your Mr Weasly you may proceed into the great hall with Miss Patil.",4,21
Harry Potter and the Gobelt of Fire,The Yule Ball,Hermione Granger,Hot isn't it? Viktor's gone to get drinks. Care to join us?,4,12
Harry Potter and the Gobelt of Fire,The Yule Ball,Ron Weasley,"No, we'd NOT care to join you and Viktor.",4,9
Harry Potter and the Gobelt of Fire,The Yule Ball,Hermione Granger,What's got your wand in a knot?,4,7
Harry Potter and the Gobelt of Fire,The Yule Ball,Ron Weasley,He's a Durmstrang. You're fraternising with the enemy.,4,8
Harry Potter and the Gobelt of Fire,The Yule Ball,Hermione Granger,"The enemy?? Who was it wanting his autograph? Besides, the whole point of the tournament is international magical cooperation, to make friends.",4,22
Harry Potter and the Gobelt of Fire,The Yule Ball,Ron Weasley,"Hrmph, I think he's got a bit more than friendship on his mind.",4,13
Harry Potter and the Gobelt of Fire,The Yule Ball,Hermione Granger,How dare you! Besides I can take care of myself.,4,10
Harry Potter and the Gobelt of Fire,The Yule Ball,Ron Weasley,Doubt it. He's way too old.,4,6
Harry Potter and the Gobelt of Fire,The Yule Ball,Hermione Granger,What? What? That's what you think?,4,6
Harry Potter and the Gobelt of Fire,The Yule Ball,Ron Weasley,Yeah that is what I think.,4,6
Harry Potter and the Gobelt of Fire,The Yule Ball,Hermione Granger,You know the solution then don't you.,4,7
Harry Potter and the Gobelt of Fire,The Yule Ball,Hermione Granger,"Next time there's a ball pluck up the courage and ask me before somebody else does, and not as a last resort.",4,22
Harry Potter and the Gobelt of Fire,The Yule Ball,Ron Weasley,Well that's completely off the point. Harry...,4,7
Harry Potter and the Gobelt of Fire,The Yule Ball,Hermione Granger,Where have you been? Nevermind! Off to bed both of you.,4,11
Harry Potter and the Gobelt of Fire,The Yule Ball,Ron Weasley,They get scary when they get older.,4,7
Harry Potter and the Gobelt of Fire,The Yule Ball,Voldemort,"Ah yes, the time is close now. Harry! At last! Step aside Wormtail so I can give our guest a proper greeting!",4,22
Harry Potter and the Gobelt of Fire,The Yule Ball,Neville Longbottom,You alright Harry? I just got in. Me!,4,8
Harry Potter and the Gobelt of Fire,The Egg's Clue,Hermione Granger,Harry you told me you'd figured the egg out weeks ago. The task is two days from now.,4,18
Harry Potter and the Gobelt of Fire,The Egg's Clue,Harry Potter,Really? I had no idea. I suppose Viktor's already figured it out.,4,12
Harry Potter and the Gobelt of Fire,The Egg's Clue,Hermione Granger,"I wouldn't know, we didn't actually talk about the tournament. Actually we didn't really talk at all, Viktor's more of a physical being. I just mean he's not particularly... Mostly he watches me study. It's a bit annoying actually. You are trying to figure this egg out aren't you?",4,49
Harry Potter and the Gobelt of Fire,The Egg's Clue,Harry Potter,What's that supposed to mean?,4,5
Harry Potter and the Gobelt of Fire,The Egg's Clue,Hermione Granger,"I mean these tasks are supposed to test you, in the most brutal way they're almost cruel. And um, I'm scared for you. You got by the dragon mostly on nerve, I'm not sure it's going to be enough this time.",4,41
Harry Potter and the Gobelt of Fire,The Egg's Clue,Cedric Diggory,Look I realise I never really thanked you properly for tipping me off about those dragons.,4,16
Harry Potter and the Gobelt of Fire,The Egg's Clue,Harry Potter,Forget about it. I'm sure you would have done the same for me.,4,13
Harry Potter and the Gobelt of Fire,The Egg's Clue,Cedric Diggory,Exactly. You know the prefects bathroom on the fifth floor?,4,10
Harry Potter and the Gobelt of Fire,The Egg's Clue,Cedric Diggory,It's not a bad place for a bath. Just take your egg and mull things over in the hot water.,4,20
Harry Potter and the Gobelt of Fire,The Egg's Clue,Harry Potter,I must be out of my mind.,4,7
Harry Potter and the Gobelt of Fire,The Egg's Clue,Moaning Myrtle,I'd try putting it in the water if I were you.,4,11
Harry Potter and the Gobelt of Fire,The Egg's Clue,Moaning Myrtle,I was circling a blocked drain the other day and could swear I saw a bit of polyjuice potion. Not being a bad boy again are you Harry?,4,28
Harry Potter and the Gobelt of Fire,The Egg's Clue,Harry Potter,"Polyjuice potion! Kicked the habit. Myrtle, did you say try putting it in the water?",4,15
Harry Potter and the Gobelt of Fire,The Egg's Clue,Moaning Myrtle,"Well. That's what he did. The other boy, the handsome one. Cedric.",4,12
Harry Potter and the Gobelt of Fire,The Egg's Clue,Moaning Myrtle,"Well go on, open it.",4,5
Harry Potter and the Gobelt of Fire,The Egg's Clue,Harry Potter,"Myrtle, there aren't Merpeople in the black lake are there?",4,10
Harry Potter and the Gobelt of Fire,The Egg's Clue,Moaning Myrtle,"Ahhh, very good. Took Cedric ages to riddle it out. Almost all the bubbles were gone...",4,16
Harry Potter and the Gobelt of Fire,The Egg's Clue,Harry Potter,Come seek us where our voices sound.,4,7
Harry Potter and the Gobelt of Fire,The Egg's Clue,Hermione Granger,"The black lake, that's obvious.",4,5
Harry Potter and the Gobelt of Fire,The Egg's Clue,Harry Potter,An hour long you'll have to look.,4,7
Harry Potter and the Gobelt of Fire,The Egg's Clue,Hermione Granger,"Again obvious, though I must admit potentially problematic",4,8
Harry Potter and the Gobelt of Fire,The Egg's Clue,Harry Potter,Potentially problematic? When was the last time you held your breath under the water for an hour Hermione?,4,18
Harry Potter and the Gobelt of Fire,The Egg's Clue,Hermione Granger,"Look Harry, we can do this. The three of us can figure it out.",4,14
Harry Potter and the Gobelt of Fire,The Egg's Clue,Alastor Moody,"Hate to break up this scholar session but Professor McGonagall would like to see you in her office. Not you Potter, just Weasly and Granger.",4,25
Harry Potter and the Gobelt of Fire,The Egg's Clue,Hermione Granger,"But sir, the second task is only hours away and...",4,10
Harry Potter and the Gobelt of Fire,The Egg's Clue,Alastor Moody,Exactly. Presumably Potter is well prepared by now and could do with a good night's sleep. Go. Now! Longbottom!,4,19
Harry Potter and the Gobelt of Fire,The Egg's Clue,Alastor Moody,Why don't you help Potter put his books back.,4,9
Harry Potter and the Gobelt of Fire,The Egg's Clue,Neville Longbottom,"You know, if you're interested in plants you'd be better with Gorshok's Guide to Herbology. Do you know there's a wizard in Nepal whose growing gravity resistant trees?",4,28
Harry Potter and the Gobelt of Fire,The Egg's Clue,Harry Potter,"Neville. No offense, but I really don't care about plants. Now if there's a Tibetan turnip that will allow me to breathe underwater for an hour then great.",4,28
Harry Potter and the Gobelt of Fire,The Egg's Clue,Neville Longbottom,I don't know about a turnip but you can always use gilliweed.,4,12
Harry Potter and the Gobelt of Fire,The Second Task,Harry Potter,You're sure about this Neville.,4,5
Harry Potter and the Gobelt of Fire,The Second Task,Neville Longbottom,Well there is some debate among herbologists as to the effects of freshwater versus saltwater.,4,15
Harry Potter and the Gobelt of Fire,The Second Task,Harry Potter,You're telling me this now? You must be joking.,4,9
Harry Potter and the Gobelt of Fire,The Second Task,Neville Longbottom,I just wanted to help.,4,5
Harry Potter and the Gobelt of Fire,The Second Task,Harry Potter,Well that makes you sight better than Ron and Hermione. Where are they anyway?,4,14
Harry Potter and the Gobelt of Fire,The Second Task,Neville Longbottom,You seem a little tense Harry.,4,6
Harry Potter and the Gobelt of Fire,The Second Task,Albus Dumbledore,"Welcome to the second task. Last night something was stolen from each of our champions. A treasure of sorts. These four treasures, one for each champion, now lie on the bottom of the black lake. In order to win each champion need only find their treasure and return to the surface. Simple enough. Except for this, they will have one hour to do so and one hour only. After that they'll be on their own.",4,75
Harry Potter and the Gobelt of Fire,The Second Task,Alastor Moody,Put that in your mouth.,4,5
Harry Potter and the Gobelt of Fire,The Second Task,Albus Dumbledore,You may begin at the start of the cannon.,4,9
Harry Potter and the Gobelt of Fire,The Second Task,Seamus Finnigan,What's the matter with him?,4,5
Harry Potter and the Gobelt of Fire,The Second Task,Neville Longbottom,Oh my god I've killed Harry Potter!,4,7
Harry Potter and the Gobelt of Fire,The Second Task,Albus Dumbledore,The Beauxbatons champion Miss Delacour has unfortunately been forced to retire. She will take no further part in this task.,4,20
Harry Potter and the Gobelt of Fire,The Second Task,Harry Potter,But she's my friend too!,4,5
Harry Potter and the Gobelt of Fire,The Second Task,Albus Dumbledore,I want all the judges over here now.,4,8
Harry Potter and the Gobelt of Fire,The Second Task,Hermione Granger,Are you alright? You must be freezing! Personally I think you behaved admirably.,4,13
Harry Potter and the Gobelt of Fire,The Second Task,Albus Dumbledore,Attention! Attention! The winner is... Mr Diggory!,4,7
Harry Potter and the Gobelt of Fire,The Second Task,Albus Dumbledore,"For showing unique command of the bubblehead shark. The way I see it, Mr Potter would have finished first had it not been for his determination to rescue not only Mr Weasly but the others as well. We've agreed to award him second place! For outstanding moral fibre.",4,48
Harry Potter and the Gobelt of Fire,The Second Task,Fred Weasley,All that moral fibre eh?,4,5
Harry Potter and the Gobelt of Fire,The Second Task,Ron Weasley,Blimey even when you go wrong it turns out right.,4,10
Harry Potter and the Gobelt of Fire,Never Whole Again,Bartemius Crouch,"Congratulations Potter, fine achievement. Well done boy. I'm sorry we haven't spoken, after all your story is one I've heard many times. Quite remarkable. Tragic of course, to lose one's family. Never whole again are we? Still, life goes on. And here we stand. I'm sure your parents would be very proud today Potter.",4,54
Harry Potter and the Gobelt of Fire,Never Whole Again,Alastor Moody,Bartimus! Not trying to lure Potter into one of the ministry's summer internships are we? Last boy who went into the department of ministries never came out!,4,27
Harry Potter and the Gobelt of Fire,Never Whole Again,Alastor Moody,And they say I'm mad.,4,5
Harry Potter and the Gobelt of Fire,Never Whole Again,Rubeus Hagrid,"So I remember, I remember when I first met you all. Biggest bunch of misfits I've ever set eyes on. Always reminded me of myself a little. And here we all are, four years later.",4,35
Harry Potter and the Gobelt of Fire,Never Whole Again,Rubeus Hagrid,"Maybe. But we've all got each other, and Harry of course. Soon to be! The youngest! Tri-Wizard champion there's ever been! Hooray!",4,22
Harry Potter and the Gobelt of Fire,The Pensieve,Albus Dumbledore,"A man has died here. And he won't be the last, you must take action.",4,15
Harry Potter and the Gobelt of Fire,The Pensieve,Cornelius Fudge,I will not. In times like these the wizard world looks to its leaders for strength Dumbledore.,4,17
Harry Potter and the Gobelt of Fire,The Pensieve,Albus Dumbledore,Then for once show them some.,4,6
Harry Potter and the Gobelt of Fire,The Pensieve,Cornelius Fudge,The tri-wizard tournament will not be cancelled. I will not be seen as a coward.,4,15
Harry Potter and the Gobelt of Fire,The Pensieve,Albus Dumbledore,"But surely that is what's right, no matter what others think.",4,11
Harry Potter and the Gobelt of Fire,The Pensieve,Cornelius Fudge,What did you say? What did you say to me?,4,10
Harry Potter and the Gobelt of Fire,The Pensieve,Alastor Moody,"Excuse me gentlemen, it may interest you to know that this conversation is no longer private.",4,16
Harry Potter and the Gobelt of Fire,The Pensieve,Cornelius Fudge,Harry! Harry how good to see you again.,4,8
Harry Potter and the Gobelt of Fire,The Pensieve,Harry Potter,I can come back later Professor.,4,6
Harry Potter and the Gobelt of Fire,The Pensieve,Albus Dumbledore,"Oh not necessary Harry the minister and I are done. I'll be back in a moment. Minister, after you. Harry do feel free to indulge in a liquorice snack in my absence, but I have to warn you they're a little bit sharp.",4,43
Harry Potter and the Gobelt of Fire,The Pensieve,Bartemius Crouch,"Igor Karkaroff, you have been brought from Azkaban at your own request to present evidence to this counsel. Should your testimony prove consequential. Counsel may be prepared to order your immediate release. Until such time you remain in the eyes of the ministry a convicted deatheater. Do you accept these terms?",4,51
Harry Potter and the Gobelt of Fire,The Pensieve,Bartemius Crouch,What do you wish to present?,4,6
Harry Potter and the Gobelt of Fire,The Pensieve,Alastor Moody,Yeah took a piece of me with him though didn't he.,4,11
Harry Potter and the Gobelt of Fire,The Pensieve,Bartemius Crouch,If that is all the witness has to offer...,4,9
Harry Potter and the Gobelt of Fire,The Pensieve,Bartemius Crouch,Augustus Rookwood? Of the department of ministries.,4,7
Harry Potter and the Gobelt of Fire,The Pensieve,Bartemius Crouch,Very well. Counsel will deliberate. In the meantime you will be returned to Azkaban.,4,14
Harry Potter and the Gobelt of Fire,The Pensieve,Albus Dumbledore,The counsel is very much aware you have given evidence on this matter. Severus Snape was indeed a deatheater and prior to Lord Voldemort's downfall turned spy for us at great personal risk. Today he's no more a deatheater than I am.,4,42
Harry Potter and the Gobelt of Fire,The Pensieve,Bartemius Crouch,Unless the witness possesses any name of genuine consequence this session is now concluded.,4,14
Harry Potter and the Gobelt of Fire,The Pensieve,Bartemius Crouch,The name! Give me the wretched name!,4,7
Harry Potter and the Gobelt of Fire,The Pensieve,Bartemius Crouch,You are no son of mine.,4,6
Harry Potter and the Gobelt of Fire,Dreams and Suspicions,Albus Dumbledore,"Curiosity's not a sin Harry, but you should exercise caution. It's a pensieve, useful if like me you find your mind a wee bit stretched. It allows me to see what small things I've already seen. You see Harry I've searched and searched for something, some small detail. Something I might have overlooked, something that would explain why these terrible things have happened. Every time I get close to an answer it slips away, it's maddedning.",4,76
Harry Potter and the Gobelt of Fire,Dreams and Suspicions,Harry Potter,"Sir, Mr Crouch's son, what happened to him?",4,8
Harry Potter and the Gobelt of Fire,Dreams and Suspicions,Albus Dumbledore,"He was sent to Azkaban. Destroyed Barty to do it. But he had no choice, the evidence was overwhelming. Why do you ask?",4,23
Harry Potter and the Gobelt of Fire,Dreams and Suspicions,Harry Potter,"It's just that I had a dream about him. It was in the summer, before school. In the dream I was in a house and Voldemort was there only he wasn't quite human, and Wormtail was there too and Mr Crouch's son.",4,42
Harry Potter and the Gobelt of Fire,Dreams and Suspicions,Albus Dumbledore,Have there been other dreams like this?,4,7
Harry Potter and the Gobelt of Fire,Dreams and Suspicions,Harry Potter,"Yes. Always the same one. Sir... these dreams, what I see, you don't think it's actually happening do you?",4,19
Harry Potter and the Gobelt of Fire,Dreams and Suspicions,Albus Dumbledore,"I think it's unwise for you to linger over these dreams Harry, I think it's best that you simply...",4,19
Harry Potter and the Gobelt of Fire,Dreams and Suspicions,Severus Snape,"Potter! What's your hurry? Congratulations, your performance in the black lake was inspiring. Gilliweed, am I correct?",4,17
Harry Potter and the Gobelt of Fire,Dreams and Suspicions,Severus Snape,"Ingenious. A rather rare herb gilliweed, not something found in your every day garden. Nor is this, know what it is?",4,21
Harry Potter and the Gobelt of Fire,Dreams and Suspicions,Severus Snape,"Veritaserum. Three drops of this and you-know-who himself will spill his darkest secrets. The use of this on a student is regrettably forbidden, however should you ever steal from my personal stores again, my hand might just slip over your morning pumpkin juice.",4,43
Harry Potter and the Gobelt of Fire,Dreams and Suspicions,Severus Snape,"Don't lie to me. Gilliweed might be innocuous, but boomslang skin? lacewing flies? You and your friends are brewing polyjuice potion and believe me I'm going to find out why.",4,30
Harry Potter and the Gobelt of Fire,The Third Task,Albus Dumbledore,Earlier today Professor Moody placed the tri-wizards cup deep within the maze. Only he knows its exact position. Now as Mr Diggory...,4,22
Harry Potter and the Gobelt of Fire,The Third Task,Albus Dumbledore,and Mr Potter tied for first position they will be the first to enter the maze. Followed by Mr Krum...,4,20
Harry Potter and the Gobelt of Fire,The Third Task,Albus Dumbledore,"The first person to touch the cup will be the winner. I've instructed the staff to patrol the perimeter, if at any point should a contestant wish to withdraw from the task he or she need only send up red sparks with their wands. Contestants, gather round.",4,47
Harry Potter and the Gobelt of Fire,The Third Task,Albus Dumbledore,"In the maze you'll find not dragons or creatures of the deep. Instead you'll face something more challenging. You see, people change in the maze. Oh find the cup if you can, but be very weary you could just lose yourselves along the way.",4,44
Harry Potter and the Gobelt of Fire,The Third Task,Albus Dumbledore,On the count of three... ONE...,4,6
Harry Potter and the Gobelt of Fire,The Third Task,Harry Potter,No stop! He's bewitched Cedric.,4,5
Harry Potter and the Gobelt of Fire,The Third Task,Cedric Diggory,You know for a moment there I thought you were gonna let it get me.,4,15
Harry Potter and the Gobelt of Fire,The Third Task,Harry Potter,For a moment so did I.,4,6
Harry Potter and the Gobelt of Fire,The Third Task,Cedric Diggory,"Go. Take it, you saved me!",4,6
Harry Potter and the Gobelt of Fire,The Third Task,Harry Potter,"Together, on three. One, two, three!",4,6
Harry Potter and the Gobelt of Fire,"Flesh, Blood and Bone",Cedric Diggory,It's a portkey. Harry the cup is a portkey.,4,9
Harry Potter and the Gobelt of Fire,"Flesh, Blood and Bone",Harry Potter,"I've been here before in a dream. Cedric, we have to get back to the cup? Now!",4,17
Harry Potter and the Gobelt of Fire,"Flesh, Blood and Bone",Cedric Diggory,What are you talking about?,4,5
Harry Potter and the Gobelt of Fire,"Flesh, Blood and Bone",Harry Potter,Get back to the cup!,4,5
Harry Potter and the Gobelt of Fire,"Flesh, Blood and Bone",Cedric Diggory,Who are you? What do you want?,4,7
Harry Potter and the Gobelt of Fire,"Flesh, Blood and Bone",Peter Pettigrew,"Bones of the father, unwillingly given.",4,6
Harry Potter and the Gobelt of Fire,"Flesh, Blood and Bone",Peter Pettigrew,Flesh of the servent willingly sacrificed.,4,6
Harry Potter and the Gobelt of Fire,"Flesh, Blood and Bone",Peter Pettigrew,Blood of the enemy forcibly taken.,4,6
Harry Potter and the Gobelt of Fire,"Flesh, Blood and Bone",Peter Pettigrew,The dark lord shall rise again.,4,6
Harry Potter and the Gobelt of Fire,The Death Eaters,Voldemort,"Welcome my friends. Thirty years it's been, and yet you stand before me as though it were only yesterday. I confess myself disappointed, not one of you tried to find me.",4,31
Harry Potter and the Gobelt of Fire,The Death Eaters,Lucius Malfoy,My lord. Had I detected any sign or even a whisper of your whereabouts.,4,14
Harry Potter and the Gobelt of Fire,The Death Eaters,Voldemort,"There were signs my friend, and more than whispers.",4,9
Harry Potter and the Gobelt of Fire,The Death Eaters,Lucius Malfoy,"I assure you I never renounced the old ways. The face I have been obliged to present each day since your absence, that was my true mask.",4,27
Harry Potter and the Gobelt of Fire,The Death Eaters,Voldemort,"Out of fear, not loyalty. Still you have proved yourself useful these past few months Wormtail.",4,16
Harry Potter and the Gobelt of Fire,The Death Eaters,Peter Pettigrew,"Thank you master, thank you.",4,5
Harry Potter and the Gobelt of Fire,The Death Eaters,Voldemort,"Oh, such a handsome boy.",4,5
Harry Potter and the Gobelt of Fire,The Death Eaters,Voldemort,"Harry! I'd almost forgotten you were here. Standing on the bones of my father. I'd introduce you but word has it you're almost as famous as me these days. The boy who lived. How lies have fed your legend Harry. Shall I reveal what really happened that night thirteen years ago? Shall I divulge how I truly lost my powers? It was love. You see when dear sweet Lily Potter gave her life for her only son she provided the ultimate protection. I could not touch you. It was old magic, something I should have forseen. But no matter, no matter. Things have changed, I can touch you now!",4,109
Harry Potter and the Gobelt of Fire,The Death Eaters,Voldemort,"Astonishing what a few drops of your blood will do eh Harry? Pick up your wand Potter. I said pick it up, get up. Get up! You've been taught how to duel I presume yes? First we bow to each other. Come on now Harry the niceties must be observed, Dumbledore would not want you to forget your manners now would he? I said bow!",4,65
Harry Potter and the Gobelt of Fire,The Death Eaters,Voldemort,"Atta boy Harry, your parents would be proud. Especially your filthy mongrel mother. I'm going to kill you Harry Potter, I'm going to destroy you. After tonight no one will ever again question my powers. After tonight if they speak of you they'll speak only of how you begged for death, and I being a merciful lord obliged. Get up.",4,60
Harry Potter and the Gobelt of Fire,The Death Eaters,Voldemort,"Don't you turn your back on me Harry Potter I want you to look at me when I kill you, I want to see the lights leave your eyes.",4,29
Harry Potter and the Gobelt of Fire,The Death Eaters,Voldemort,Do nothing. He is mine to finish. He's mine!,4,9
Harry Potter and the Gobelt of Fire,Priori Incantatem,Cedric Diggory,Harry take my body back will you? Take my body back to my father.,4,14
Harry Potter and the Gobelt of Fire,Priori Incantatem,Lily Potter,Let go. Sweetheart you're ready. Let go! Let go!,4,9
Harry Potter and the Gobelt of Fire,Priori Incantatem,Harry Potter,"He's back, he's back! Voldemort's back. Cedric, he asked me to bring his body back. I couldn't leave him, not there.",4,21
Harry Potter and the Gobelt of Fire,Priori Incantatem,Albus Dumbledore,"It's alright Harry. It's alright, he's home, you both are.",4,10
Harry Potter and the Gobelt of Fire,Priori Incantatem,Cornelius Fudge,"Keep everybody in their seats. A boy has just been killed. The body must be moved Dumbledore, there are... too many people.",4,22
Harry Potter and the Gobelt of Fire,Veritaserum,Alastor Moody,I'd better take a look at it.,4,7
Harry Potter and the Gobelt of Fire,Veritaserum,Harry Potter,The cup was a portkey. Someone had bewitched it.,4,9
Harry Potter and the Gobelt of Fire,Veritaserum,Alastor Moody,What was it like? What was he like?,4,8
Harry Potter and the Gobelt of Fire,Veritaserum,Alastor Moody,The dark lord. What was it like to stand in his presence?,4,12
Harry Potter and the Gobelt of Fire,Veritaserum,Harry Potter,I dunno. It was like I'd fallen into one of my dreams. One of my nightmares.,4,16
Harry Potter and the Gobelt of Fire,Veritaserum,Alastor Moody,"Were there others? In the graveyard, were there others?",4,9
Harry Potter and the Gobelt of Fire,Veritaserum,Harry Potter,Um. I don't think I said anything about a graveyard Professor.,4,11
Harry Potter and the Gobelt of Fire,Veritaserum,Alastor Moody,Marvellous creatures dragons aren't they? Do you think that miserable oaf would have led you into the woods if I hadn't suggested it? Do you think Cedric Diggory would have told you to hold the egg under the water if I hadn't have told him first myself? Do you think Neville Longbottom the witless wonder could have provided you with gilliweed if I hadn't have given him the book that led you straight to it? Huh??,4,76
Harry Potter and the Gobelt of Fire,Veritaserum,Harry Potter,It was you from the beginning. You put my name in the goblet of fire. You bewitched Krum. But...,4,19
Harry Potter and the Gobelt of Fire,Veritaserum,Alastor Moody,You won because I made it so Potter. You ended up in that graveyard tonight because it was meant to be so. And now the deed is done. The blood that runs through these veins runs within the dark lord. Imagine how he will reward me when he learns that I have once and for all silenced the great Harry Potter.,4,61
Harry Potter and the Gobelt of Fire,Veritaserum,Albus Dumbledore,Do you know who I am?,4,6
Harry Potter and the Gobelt of Fire,Veritaserum,Albus Dumbledore,Are you Alastor Moody? Are ya?,4,6
Harry Potter and the Gobelt of Fire,Veritaserum,Albus Dumbledore,Is he in this room? Is he in this room?,4,10
Harry Potter and the Gobelt of Fire,Veritaserum,Albus Dumbledore,Harry get away from there!,4,5
Harry Potter and the Gobelt of Fire,Veritaserum,Harry Potter,"That's Moody, but then who's...?",4,5
Harry Potter and the Gobelt of Fire,Veritaserum,Albus Dumbledore,Now we know who's been stealing it from your store Severus.,4,11
Harry Potter and the Gobelt of Fire,Veritaserum,Albus Dumbledore,We'll get you up in a minute.,4,7
Harry Potter and the Gobelt of Fire,Veritaserum,Albus Dumbledore,"Send an owl to Azkaban, think they'll find they're missing a prisoner.",4,12
Harry Potter and the Gobelt of Fire,Veritaserum,Albus Dumbledore,Perhaps. Personally I've never had much time for heroes.,4,9
Harry Potter and the Gobelt of Fire,Parting Ways,Albus Dumbledore,"Today we acknowledge a really terrible loss. Cedric Diggory was as you all know, exceptionally hard working, intricately fair minded. And most importantly a fierce fierce friend. I think therefore you have the right to know exactly how he died. You see, Cedric Diggory was murdered by Lord Voldemort. The ministry of magic does not wish me to tell you this. But not to do so I think would be an insult to his memory. Now the pain we all feel at this dreadful loss reminds me, reminds us that while we may come from different places and speak in different tongues, our hearts beat as one. In light of recent events the bonds of friendship we made this year will be more important than ever. Remember that and Cedric Diggory will not have died in vain, you remember that. And we'll celebrate a boy who was kind and honest and brave and true right to the very end.",4,159
Harry Potter and the Gobelt of Fire,Parting Ways,Albus Dumbledore,"I never liked these curtains. Set them on fire in my fourth year, by accident of course. I put you in terrible danger this year Harry I'm sorry.",4,28
Harry Potter and the Gobelt of Fire,Parting Ways,Harry Potter,"Professor, when I was in the graveyard there was a moment... um... when Voldemort's wand and mine sort of connected.",4,20
Harry Potter and the Gobelt of Fire,Parting Ways,Albus Dumbledore,Priori Incantatem. You saw your parents that night didn't you? They reappeared.,4,12
Harry Potter and the Gobelt of Fire,Parting Ways,Albus Dumbledore,"No spell can reawaken the dead Harry I trust you know that. Dark and diffiult times lie ahead. Soon we must all face the choice between what is right what is easy. But remember this, you have friends here. You're not alone.",4,42
Harry Potter and the Gobelt of Fire,Parting Ways,Ron Weasley,Do you think we'll ever just have a quiet year at Hogwarts?,4,12
Harry Potter and the Gobelt of Fire,Parting Ways,Harry Potter,No I don't think so.,4,5
Harry Potter and the Gobelt of Fire,Parting Ways,Hermione Granger,Everything's going to change now isn't it?,4,7
Harry Potter and the Gobelt of Fire,Parting Ways,Hermione Granger,Promise you'll write this summer. Both of you.,4,8
Harry Potter and the Gobelt of Fire,Parting Ways,Ron Weasley,Well I won't. You know I won't!,4,7
Harry Potter and the Order of the Phoenix,Dudley Demented,Harry Potter,"Big D? Cool name, but to me, you'll always be Ikkle Duddicums.",5,12
Harry Potter and the Order of the Phoenix,Dudley Demented,Dudley Dursley,"Ooo, tough guy. Not so tough in your bed, are you?",5,11
Harry Potter and the Order of the Phoenix,Dudley Demented,Dudley Dursley,"I heard you talking in your sleep, last night. Crying. ""No, don't kill Cedric, don't kill Cedric! Dad, help me, heeelp me! He's going to kill me! Boo-hoo!""",5,28
Harry Potter and the Order of the Phoenix,Dudley Demented,Harry Potter,"Shut up, Dudley. I'm warning you...",5,6
Harry Potter and the Order of the Phoenix,Dudley Demented,Harry Potter,Because if you don't I'll turn you into the idiot pig you are!,5,13
Harry Potter and the Order of the Phoenix,Dudley Demented,Harry Potter,"Not so brave now, are you Duddykins? Now tell your little friends to go away.",5,15
Harry Potter and the Order of the Phoenix,Dudley Demented,Harry Potter,Don't you ever speak about that again. You understand?,5,9
Harry Potter and the Order of the Phoenix,Dudley Demented,Dudley Dursley,Don't point that thing at me!,5,6
Harry Potter and the Order of the Phoenix,Dudley Demented,Harry Potter,"I said, DO YOU UNDERSTAND? !",5,6
Harry Potter and the Order of the Phoenix,Dudley Demented,Harry Potter,"Come on! They break into a run. A dementor drifts into the alleyway in front of them. Skidding to a stop, Harry turns around, to find the other dementor cutting off the way back.",5,34
Harry Potter and the Order of the Phoenix,Dudley Demented,Vernon Dursley,What the heii are those?,5,5
Harry Potter and the Order of the Phoenix,Dudley Demented,Vernon Dursley,What the hell is a dementoid?,5,6
Harry Potter and the Order of the Phoenix,Dudley Demented,Harry Potter,"They're evil. If they get the chance, they'll suck your soul out through your mouth.",5,15
Harry Potter and the Order of the Phoenix,Dudley Demented,Vernon Dursley,How do you know that?,5,5
Harry Potter and the Order of the Phoenix,Dudley Demented,Vernon Dursley,"Fought 'em off, eh, Dud? Gave 'em the ol' one-two?",5,10
Harry Potter and the Order of the Phoenix,Dudley Demented,Harry Potter,You can't give a Dementor the 'ol one-two.',5,8
Harry Potter and the Order of the Phoenix,Dudley Demented,Vernon Dursley,Why is he all right then?,5,6
Harry Potter and the Order of the Phoenix,Dudley Demented,Harry Potter,Because I used magic to save his,5,7
Harry Potter and the Order of the Phoenix,The Advance Guard,Vernon Dursley,Who are all you lot?,5,5
Harry Potter and the Order of the Phoenix,The Advance Guard,Remus Lupin,"Harry, douse the light. We're exposed here.",5,7
Harry Potter and the Order of the Phoenix,The Advance Guard,Harry Potter,What are you doing here?,5,5
Harry Potter and the Order of the Phoenix,The Advance Guard,Remus Lupin,"We're your advanced guard, Harry. Dumbledore just sent us as soon as he heard about the attack. We're taking you to safety. We're just waiting for the all clear.",5,29
Harry Potter and the Order of the Phoenix,The Advance Guard,Harry Potter,How'd he know? It just happened!,5,6
Harry Potter and the Order of the Phoenix,The Advance Guard,Remus Lupin,"You didn't think Dumbledore'd let you wander around on your own, did you?",5,13
Harry Potter and the Order of the Phoenix,The Advance Guard,Remus Lupin,"Harry, I don't believe you've met Nymphadora Tonks.",5,8
Harry Potter and the Order of the Phoenix,The Advance Guard,Remus Lupin,"Tonks, would you go get Harry's broom from the house?",5,10
Harry Potter and the Order of the Phoenix,The Advance Guard,Harry Potter,What's been going on? What's Lord Vol-,5,7
Harry Potter and the Order of the Phoenix,The Advance Guard,Alastor Moody,"We're not talking about it here, it's too risky.",5,9
Harry Potter and the Order of the Phoenix,The Advance Guard,Alastor Moody,I want 365 degree visibility on the return trip.,5,9
Harry Potter and the Order of the Phoenix,The Advance Guard,Harry Potter,How are we getting there?,5,5
Harry Potter and the Order of the Phoenix,The Advance Guard,Alastor Moody,Form up! Form up around Harry. Make it snappy! The advanced guard surrounds Harry.,5,14
Harry Potter and the Order of the Phoenix,The Advance Guard,Alastor Moody,We must be ready. This would be the perfect moment for Voldemort to strike Harry.,5,15
Harry Potter and the Order of the Phoenix,The Advance Guard,Harry Potter,"Uh, is that very likely?",5,5
Harry Potter and the Order of the Phoenix,The Advance Guard,Alastor Moody,"Mount your brooms, everyone. Here we go!",5,7
Harry Potter and the Order of the Phoenix,The Advance Guard,Alastor Moody,"The third signal, everyone. Let's",5,5
Harry Potter and the Order of the Phoenix,The Advance Guard,Remus Lupin,"There's the other one, Alastor!",5,5
Harry Potter and the Order of the Phoenix,The Advance Guard,Remus Lupin,"Harry, leave it to us!",5,5
Harry Potter and the Order of the Phoenix,The Advance Guard,Remus Lupin,Get Harry to the safe house!,5,6
Harry Potter and the Order of the Phoenix,The Advance Guard,Alastor Moody,"Come on, Potter! Keep moving!",5,5
Harry Potter and the Order of the Phoenix,The Advance Guard,Alastor Moody,"Potter, getting yourself killed won't do a thing. Now move!",5,10
Harry Potter and the Order of the Phoenix,The Advance Guard,Alastor Moody,Did you get rid of them?,5,6
Harry Potter and the Order of the Phoenix,The Advance Guard,Alastor Moody,Prepare for descent! Form up around Harry!,5,7
Harry Potter and the Order of the Phoenix,"Number Twelve, Grimmauld Place",Remus Lupin,"Get in, quick, Harry. Don't touch anything.",5,7
Harry Potter and the Order of the Phoenix,"Number Twelve, Grimmauld Place",Sirius Black,"Shut up, you miserable old hag! Quiet!",5,7
Harry Potter and the Order of the Phoenix,"Number Twelve, Grimmauld Place",Sirius Black,"Mother, yes. Dear old mum.",5,5
Harry Potter and the Order of the Phoenix,"Number Twelve, Grimmauld Place",Molly Weasley,"Sirius, the meeting is about to start!",5,7
Harry Potter and the Order of the Phoenix,"Number Twelve, Grimmauld Place",Molly Weasley,"Harry, dear, go on upstairs-— quietly, if you please. They're all up there.",5,13
Harry Potter and the Order of the Phoenix,The Order of the Phoenix,Hermione Granger,"Oh, Harry! We've missed you! Are you furious with us, I bet you are!",5,14
Harry Potter and the Order of the Phoenix,The Order of the Phoenix,Ron Weasley,"Good to see you, mate.",5,5
Harry Potter and the Order of the Phoenix,The Order of the Phoenix,Hermione Granger,"Sorry we haven't written, Harry, but Dumbledore made us promise not to.",5,12
Harry Potter and the Order of the Phoenix,The Order of the Phoenix,Ron Weasley,"We wanted to, mate, we really did, but he thought they would get intercepted. There is an awkward silence.",5,19
Harry Potter and the Order of the Phoenix,The Order of the Phoenix,Ron Weasley,He thought you would be safest there.,5,7
Harry Potter and the Order of the Phoenix,The Order of the Phoenix,Hermione Granger,He was so angry when he heard. It was...scary...,5,9
Harry Potter and the Order of the Phoenix,The Order of the Phoenix,Harry Potter,"So, why's he keeping me in the dark?",5,8
Harry Potter and the Order of the Phoenix,The Order of the Phoenix,Ron Weasley,"We've only seen him twice, and not for very long. He's really busy.",5,13
Harry Potter and the Order of the Phoenix,The Order of the Phoenix,Harry Potter,So I get to spend the summer with the Dursleys while you two are here.,5,15
Harry Potter and the Order of the Phoenix,The Order of the Phoenix,Ron Weasley,"It's not that fun, mate. Mum won't let us anywhere near the meetings.",5,13
Harry Potter and the Order of the Phoenix,The Order of the Phoenix,Ron Weasley,"We've already told you, we're not privyed to the meetings. But we do know a few things.",5,17
Harry Potter and the Order of the Phoenix,The Order of the Phoenix,Hermione Granger,"Some of the Order are following known Death Eaters, like Lucious Malfoy.",5,12
Harry Potter and the Order of the Phoenix,The Order of the Phoenix,Harry Potter,What's this Order everyone's talking about?,5,6
Harry Potter and the Order of the Phoenix,The Order of the Phoenix,Hermione Granger,The Order of the Phoenix. Dumbledore started it last time to fight You-Know-Who. He only reorganized it after last term.,5,20
Harry Potter and the Order of the Phoenix,The Order of the Phoenix,Molly Weasley,"You can come down now, the meeting's over.",5,8
Harry Potter and the Order of the Phoenix,The Order of the Phoenix,Sirius Black,"Well, the Ministry is furious with you.",5,7
Harry Potter and the Order of the Phoenix,The Order of the Phoenix,Sirius Black,You'll have to go to an disciplinary meeting tomorrow.,5,9
Harry Potter and the Order of the Phoenix,The Order of the Phoenix,Harry Potter,I'm not really hungry. I think I'll go to bed.,5,10
Harry Potter and the Order of the Phoenix,The Order of the Phoenix,Sirius Black,"You surprise me, Harry. I figured the first thing you'd do is start asking about Voldemort.",5,16
Harry Potter and the Order of the Phoenix,The Order of the Phoenix,Harry Potter,"I wanted to, but I didn't think you'd tell me anything.",5,11
Harry Potter and the Order of the Phoenix,The Order of the Phoenix,Molly Weasley,"And that was quite right, Harry! You're much to young--",5,10
Harry Potter and the Order of the Phoenix,The Order of the Phoenix,Sirius Black,"He has a right to know, Molly.",5,7
Harry Potter and the Order of the Phoenix,The Order of the Phoenix,Sirius Black,"I know what Dumbledore said, but he needs to know something.",5,11
Harry Potter and the Order of the Phoenix,The Order of the Phoenix,Sirius Black,"He's not a child, Molly.",5,5
Harry Potter and the Order of the Phoenix,The Order of the Phoenix,Molly Weasley,He's not an adult either!,5,5
Harry Potter and the Order of the Phoenix,The Order of the Phoenix,Molly Weasley,I only have Harry's best interests at heart.,5,8
Harry Potter and the Order of the Phoenix,The Order of the Phoenix,Molly Weasley,"Who else does he have, then?",5,6
Harry Potter and the Order of the Phoenix,The Order of the Phoenix,Sirius Black,He's got me. He's like a son to me.,5,9
Harry Potter and the Order of the Phoenix,The Order of the Phoenix,Sirius Black,"What do you want to know, Harry?",5,7
Harry Potter and the Order of the Phoenix,The Order of the Phoenix,Harry Potter,Where's Voldemort? What's he doing?,5,5
Harry Potter and the Order of the Phoenix,The Order of the Phoenix,Sirius Black,"He's hiding for the moment, because the Ministry is ignoring his return and he doesn't want that to change.",5,19
Harry Potter and the Order of the Phoenix,The Order of the Phoenix,Sirius Black,The last person You-Know-Who wanted to alert was Dumbledore.,5,9
Harry Potter and the Order of the Phoenix,The Order of the Phoenix,Sirius Black,"He's building up his army again, just like before.",5,9
Harry Potter and the Order of the Phoenix,The Order of the Phoenix,Harry Potter,And you're stopping him from gaining followers?,5,7
Harry Potter and the Order of the Phoenix,The Order of the Phoenix,Remus Lupin,"We're doing our best, but it's proving to be...difficult.",5,9
Harry Potter and the Order of the Phoenix,The Order of the Phoenix,Sirius Black,"You see, when the Ministry of Magic insists that Voldemort isn't back.",5,12
Harry Potter and the Order of the Phoenix,The Order of the Phoenix,Remus Lupin,"Fudge likes being Minister of Magic. If it turns out that Voldemort came back under his watch, he'll be sacked.",5,20
Harry Potter and the Order of the Phoenix,The Order of the Phoenix,Harry Potter,"But you're telling people, right?",5,5
Harry Potter and the Order of the Phoenix,The Order of the Phoenix,Sirius Black,"Well, they think I'm a mass- murderer, Lupin is a werewolf, Tonks and Arthur would lose their jobs at the Ministry...",5,21
Harry Potter and the Order of the Phoenix,The Order of the Phoenix,Remus Lupin,But Dumbledore is doing all he can.,5,7
Harry Potter and the Order of the Phoenix,The Order of the Phoenix,Arthur Weasley,"If he keeps it up, he might end up in Azkaban. And that would give You- Know-Who a clear field to--",5,21
Harry Potter and the Order of the Phoenix,The Order of the Phoenix,Sirius Black,You-Know-Who wants something. Something he didn't have last time. A weapon.,5,11
Harry Potter and the Order of the Phoenix,The Order of the Phoenix,Remus Lupin,"I'm sorry, Harry, we can't say anything more.",5,8
Harry Potter and the Order of the Phoenix,The Order of the Phoenix,Molly Weasley,"Morning, dear! Did you have a good sleep?",5,8
Harry Potter and the Order of the Phoenix,The Order of the Phoenix,Harry Potter,"No, my scar kept hurting.",5,5
Harry Potter and the Order of the Phoenix,The Order of the Phoenix,Hermione Granger,"They'll have to let you off, Harry... You were defending",5,10
Harry Potter and the Order of the Phoenix,The Order of the Phoenix,Ron Weasley,What does he get a hug for?,5,7
Harry Potter and the Order of the Phoenix,The Order of the Phoenix,Ron Weasley,"Me? Jealous? Of course not, it just doesn't seem fair that you hug one friend more than the other, is all...",5,21
Harry Potter and the Order of the Phoenix,The Order of the Phoenix,Hermione Granger,Would you like a hug?,5,5
Harry Potter and the Order of the Phoenix,The Ministry of Magic,Arthur Weasley,"Well, come on, Harry. Time to go.",5,7
Harry Potter and the Order of the Phoenix,The Ministry of Magic,Arthur Weasley,"Good, good, not very many Muggles.",5,6
Harry Potter and the Order of the Phoenix,The Ministry of Magic,Arthur Weasley,"Well, come on Harry, in we go.",5,7
Harry Potter and the Order of the Phoenix,The Ministry of Magic,Arthur Weasley,"I do love using the Fellytone! Now, let's see, what's the number again...",5,13
Harry Potter and the Order of the Phoenix,The Ministry of Magic,Arthur Weasley,Blast! Dumbledore thought they might try that.,5,7
Harry Potter and the Order of the Phoenix,The Ministry of Magic,Arthur Weasley,"Good lord, that was five minutes ago! Come on, Harry!",5,10
Harry Potter and the Order of the Phoenix,The Ministry of Magic,Arthur Weasley,"Yep, I've got no idea what they get up to in here, it's top secret.",5,15
Harry Potter and the Order of the Phoenix,The Ministry of Magic,Arthur Weasley,"Now, Harry, I find that highly unlikely...",5,7
Harry Potter and the Order of the Phoenix,The Ministry of Magic,Arthur Weasley,"There you are, Harry, in you go...good luck...",5,8
Harry Potter and the Order of the Phoenix,The Hearing,Cornelius Fudge,"No matter, the accused will take his seat.",5,8
Harry Potter and the Order of the Phoenix,The Hearing,Cornelius Fudge,"Very well, we are ready to begin.",5,7
Harry Potter and the Order of the Phoenix,The Hearing,Albus Dumbledore,"Witness for the Defence, Albus Percival Wulfric Brian Dumbledore.",5,9
Harry Potter and the Order of the Phoenix,The Hearing,Cornelius Fudge,"Ah...you...er...got our message that the time had changed, did you?",5,10
Harry Potter and the Order of the Phoenix,The Hearing,Cornelius Fudge,"The charges against the accused shall now be read into the record: That the accused did with deliberation and fore-knowledge of the illegality of his actions, produce a patronus charm in full sight of a Muggle.",5,36
Harry Potter and the Order of the Phoenix,The Hearing,Cornelius Fudge,Within full sight of a Muggle?,5,6
Harry Potter and the Order of the Phoenix,The Hearing,Cornelius Fudge,It doesn't matter how impressive it was!,5,7
Harry Potter and the Order of the Phoenix,The Hearing,Harry Potter,But I did it because of the Dementors!,5,8
Harry Potter and the Order of the Phoenix,The Hearing,Harry Potter,"My cousin and I were attacked by Dementors. That's why I had to use the Patronus, to drive them away.",5,20
Harry Potter and the Order of the Phoenix,The Hearing,Cornelius Fudge,"Ah, yes, yes, another cock-and-bull story.",5,6
Harry Potter and the Order of the Phoenix,The Hearing,Cornelius Fudge,"Oh, come now, Susan. He's clearly lying.",5,7
Harry Potter and the Order of the Phoenix,The Hearing,Cornelius Fudge,We haven't got time to-,5,5
Harry Potter and the Order of the Phoenix,The Hearing,Cornelius Fudge,"Very well. Weasley, fetch the witness.",5,6
Harry Potter and the Order of the Phoenix,The Hearing,Cornelius Fudge,"Very well, you may go.",5,5
Harry Potter and the Order of the Phoenix,The Hearing,Cornelius Fudge,So two Dementors just happen to be in Little Whinging? I think not...,5,13
Harry Potter and the Order of the Phoenix,The Hearing,Albus Dumbledore,"Only if the Dementors are still taking their orders from only the Ministry these days. I believe you know my views on this, Cornelius.",5,24
Harry Potter and the Order of the Phoenix,The Hearing,Cornelius Fudge,"Yes, and they're nothing but bilge, Dumbledore.",5,7
Harry Potter and the Order of the Phoenix,The Hearing,Dolores Umbridge,"Excuse me, Dumbledore, but did you just accused the Ministry of Magic of ordering an attack on this boy?",5,19
Harry Potter and the Order of the Phoenix,The Hearing,Cornelius Fudge,"Well, yes, if he's telling the truth!",5,7
Harry Potter and the Order of the Phoenix,The Hearing,Cornelius Fudge,"Very well, all for clearing the accused of charges?",5,9
Harry Potter and the Order of the Phoenix,The Originals,Arthur Weasley,"Harry, you've been let off! That's wonderful!",5,7
Harry Potter and the Order of the Phoenix,The Originals,Arthur Weasley,You were tried by the full court?,5,7
Harry Potter and the Order of the Phoenix,The Originals,Harry Potter,Er...is Percy mad at you?,5,5
Harry Potter and the Order of the Phoenix,The Originals,Arthur Weasley,"Ah...yes...I'm afraid we had a bit of a row. He, well, he sided with Fudge and the rest of us sided with Dumbledore, so Percy left.",5,26
Harry Potter and the Order of the Phoenix,The Originals,Lucius Malfoy,"Well, well, if it isn't Patronus Potter.",5,7
Harry Potter and the Order of the Phoenix,The Originals,Harry Potter,What are you doing here?,5,5
Harry Potter and the Order of the Phoenix,The Originals,Lucius Malfoy,"Come now, Potter, I really don't think that private matters between the Minister and myself are any concern of yours.",5,20
Harry Potter and the Order of the Phoenix,The Originals,Lucius Malfoy,Shall we continue this in your,5,6
Harry Potter and the Order of the Phoenix,The Originals,Harry Potter,"If he wanted to talk to the Minister, why down here?",5,11
Harry Potter and the Order of the Phoenix,The Originals,Arthur Weasley,"Dunno, Harry. Some things are just beyond comprehension.",5,8
Harry Potter and the Order of the Phoenix,The Originals,Arthur Weasley,"Sirius, we saw Fudge talking with Lucius Malfoy on Level Nine again. Tell Dumbledore, next time he comes in, would you?",5,21
Harry Potter and the Order of the Phoenix,The Originals,Arthur Weasley,"Well, I'd better be off. I've got a bewitched vomiting toilet to deal with.",5,14
Harry Potter and the Order of the Phoenix,The Originals,Fred Weasley,"George, remember that concept. Vomiting Toilet.",5,6
Harry Potter and the Order of the Phoenix,The Originals,Arthur Weasley,"Also, I'm covering for Tonks on guard duty later tonight, so I won't be back until late.",5,17
Harry Potter and the Order of the Phoenix,The Originals,Harry Potter,Yeah...just...my scar...the pain is getting stronger.,5,6
Harry Potter and the Order of the Phoenix,The Originals,Sirius Black,"Harry, I've got something that might interest you.",5,8
Harry Potter and the Order of the Phoenix,The Originals,Sirius Black,This was the original Order of the Phoenix. Found it while we were cleaning.,5,14
Harry Potter and the Order of the Phoenix,The Originals,Sirius Black,"There's Mad-eye and Dumbledore, right next to Dedalus Diggle; Marlene McKinnon, she was killed two weeks after this was taken...;",5,20
Harry Potter and the Order of the Phoenix,The Originals,Sirius Black,"then there's Frank and Alice Longbottom, tortured into insanity by Death Eaters; Lupin, of course..",5,15
Harry Potter and the Order of the Phoenix,The Originals,Sirius Black,"I know, Harry, I know. I miss them too.",5,9
Harry Potter and the Order of the Phoenix,The Originals,Sirius Black,It's not fair that I got to spend so much time with them and you didn't...,5,16
Harry Potter and the Order of the Phoenix,The Originals,Harry Potter,"Why'd they have to die, Sirius, why?",5,7
Harry Potter and the Order of the Phoenix,The Originals,Sirius Black,"I know I'm not your father, Harry, but I'll always be there for you, if I can help it...",5,19
Harry Potter and the Order of the Phoenix,The Originals,Sirius Black,"Kreacher, get out of here! Now!",5,6
Harry Potter and the Order of the Phoenix,The Originals,Kreacher,"Oh, how the old Mistress would weep to see the traitor in her house...",5,14
Harry Potter and the Order of the Phoenix,The Originals,Sirius Black,"Kreacher. He's been alone with the house for years, he's gone a bit funny.",5,14
Harry Potter and the Order of the Phoenix,Luna Lovegood,Hermione Granger,"Harry, Ron and I, we've been named House Prefects! She hands Harry a letter.",5,14
Harry Potter and the Order of the Phoenix,Luna Lovegood,Hermione Granger,Are you sure? I would have thought you would get one!,5,11
Harry Potter and the Order of the Phoenix,Luna Lovegood,Ron Weasley,"Come on, lets go back downstairs!",5,6
Harry Potter and the Order of the Phoenix,Luna Lovegood,Harry Potter,"Yes, do go enjoy yourselves.",5,5
Harry Potter and the Order of the Phoenix,Luna Lovegood,Harry Potter,"Yes it is, it's right there!",5,6
Harry Potter and the Order of the Phoenix,Luna Lovegood,Luna Lovegood,"I see them too, Harry.",5,5
Harry Potter and the Order of the Phoenix,Luna Lovegood,Hermione Granger,I hope he's all right...,5,5
Harry Potter and the Order of the Phoenix,Luna Lovegood,Ron Weasley,What if he were still on his...,5,7
Harry Potter and the Order of the Phoenix,Luna Lovegood,Ron Weasley,What if he's still on his mission from Dumbledore?,5,9
Harry Potter and the Order of the Phoenix,"Preserve, Perfect and Prune",Albus Dumbledore,"I beg a few moments of your attention, as I have a few start of term announcements. Right off, our caretaker, the good Mr. Filch, has reminded me for what he says is the four-hundred and sixty-second time that he had an annually updated list of various banned items, usually introduced by our humour experts Fred and George Weasley...",5,59
Harry Potter and the Order of the Phoenix,"Preserve, Perfect and Prune",Albus Dumbledore,... which are posted in an extensive list on the door to Mr. Filch's door.,5,15
Harry Potter and the Order of the Phoenix,"Preserve, Perfect and Prune",Albus Dumbledore,"Also, we have two staffing changes this year. Professor Grubby-Plank will be taking the post of Care of Magical Creatures post as Professor Hagrid is on...extended leave.",5,27
Harry Potter and the Order of the Phoenix,"Preserve, Perfect and Prune",Albus Dumbledore,"Additionally, we have Professor Umbridge, who has kindly agreed to fill the post of Defense Against the Dark Arts-—",5,19
Harry Potter and the Order of the Phoenix,"Preserve, Perfect and Prune",Dolores Umbridge,"Hem, hem, Headmaster, if I could address the school?",5,9
Harry Potter and the Order of the Phoenix,"Preserve, Perfect and Prune",Dolores Umbridge,"Thank you, Headmaster. Now, how are we all doing tonight? I thought I would just say a few words. I am here at the Ministry of Magic's bequest, under Educational Decree twenty-two, which states that if the Headmaster of Hogwarts is unable to fill any teaching post the Ministry shall select one for the position.",5,55
Harry Potter and the Order of the Phoenix,"Preserve, Perfect and Prune",Seamus Finnigan,Me mam didn't want me to come back to Hogwarts...,5,10
Harry Potter and the Order of the Phoenix,"Preserve, Perfect and Prune",Seamus Finnigan,"She...well, she figure's you're, well...you're lying about You-Know- Who and Dumbledore's a right nutter...",5,14
Harry Potter and the Order of the Phoenix,"Preserve, Perfect and Prune",Harry Potter,Where'd she get that from?,5,5
Harry Potter and the Order of the Phoenix,"Preserve, Perfect and Prune",Harry Potter,"No one believes me, Hedwig. No one...",5,7
Harry Potter and the Order of the Phoenix,Professor Umbridge's Class,Dolores Umbridge,"Hmm, let's see, five points from Gryffindor for coming in late.",5,11
Harry Potter and the Order of the Phoenix,Professor Umbridge's Class,Dolores Umbridge,"Now, as I was saying before Mr. Potter interrupted with his antics, your Defense Against the Dark Arts education has been rather fragmented and disjointed in your past classes, hasn't it?",5,31
Harry Potter and the Order of the Phoenix,Professor Umbridge's Class,Dolores Umbridge,"I will be following a pre-approved Ministry-prepared, theory-centered Defense lesson plan.",5,11
Harry Potter and the Order of the Phoenix,Professor Umbridge's Class,Hermione Granger,I wanted to know something about your course aims.,5,9
Harry Potter and the Order of the Phoenix,Professor Umbridge's Class,Dolores Umbridge,"Well, they should be perfectly self- evident.",5,7
Harry Potter and the Order of the Phoenix,Professor Umbridge's Class,Hermione Granger,But surely the whole point of Defense against the dark arts is practical application?,5,14
Harry Potter and the Order of the Phoenix,Professor Umbridge's Class,Dolores Umbridge,"Miss Granger, this class has been approved by Ministry experts. Are you a Ministry Expert?",5,15
Harry Potter and the Order of the Phoenix,Professor Umbridge's Class,Dolores Umbridge,"Then you have no business challenging those who are. We will be learning about spells in a safe, risk-free environment-",5,20
Harry Potter and the Order of the Phoenix,Professor Umbridge's Class,Hermione Granger,But we've got O.W.L.s coming up! You expect us to do the spells with no practice?,5,16
Harry Potter and the Order of the Phoenix,Professor Umbridge's Class,Harry Potter,What good's theory in the real world?,5,7
Harry Potter and the Order of the Phoenix,Professor Umbridge's Class,Dolores Umbridge,"Ten points from Gryffindor, Mr. Potter. Let me set the record straight.",5,12
Harry Potter and the Order of the Phoenix,Professor Umbridge's Class,Dolores Umbridge,Some of you have been told that a certain dead wizard has returned. This is a lie.,5,17
Harry Potter and the Order of the Phoenix,Professor Umbridge's Class,Dolores Umbridge,"Mr. Potter, you have just landed yourself in detention!",5,9
Harry Potter and the Order of the Phoenix,Professor Umbridge's Class,Harry Potter,"So, according to you, Cedric Diggory dropped dead? Or are you calling me a murderer?",5,15
Harry Potter and the Order of the Phoenix,Professor Umbridge's Class,Dolores Umbridge,The boy's death was a tragic accident.,5,7
Harry Potter and the Order of the Phoenix,Professor Umbridge's Class,Harry Potter,It was MURDER! I saw it happen!,5,7
Harry Potter and the Order of the Phoenix,Professor Umbridge's Class,Dolores Umbridge,"Mr Potter, you have earned yourself a week's worth of detentions!",5,11
Harry Potter and the Order of the Phoenix,Professor Umbridge's Class,Harry Potter,"Yeah, talk to somebody who cares.",5,6
Harry Potter and the Order of the Phoenix,Professor Umbridge's Class,Dolores Umbridge,"That goes to Professor McGonagall, dear.",5,6
Harry Potter and the Order of the Phoenix,Professor Umbridge's Class,Harry Potter,Yeah. But she called me a liar!,5,7
Harry Potter and the Order of the Phoenix,Professor Umbridge's Class,Hermione Granger,How can Dumbledore let that horrible woman teach? And when we're taking our OWL tests too!,5,16
Harry Potter and the Order of the Phoenix,Professor Umbridge's Class,Ron Weasley,You reckon she's here to spy on us?,5,8
Harry Potter and the Order of the Phoenix,Professor Umbridge's Class,Hermione Granger,"Well, not us specifically, but definitely Dumbledore and the Order.",5,10
Harry Potter and the Order of the Phoenix,Professor Umbridge's Class,Harry Potter,"I'll never get out of it, Angelina.",5,7
Harry Potter and the Order of the Phoenix,Professor Umbridge's Class,Ron Weasley,"Well, Harry, shall we start on Snape's report?",5,8
Harry Potter and the Order of the Phoenix,Detention With Dolores,Dolores Umbridge,"You're going to be doing lines, tonight, Mr. Potter, and you'll be using this quill.",5,15
Harry Potter and the Order of the Phoenix,Detention With Dolores,Dolores Umbridge,"You will write ""I will not tell lies"" until I tell you to stop. Understand?",5,15
Harry Potter and the Order of the Phoenix,Detention With Dolores,Dolores Umbridge,"That's enough for this evening. Same time, tomorrow, and we'll see if we can get the message to sink in a bit deeper.",5,23
Harry Potter and the Order of the Phoenix,Detention With Dolores,Hermione Granger,Have you seen Ron? I can't find him anywhere.,5,9
Harry Potter and the Order of the Phoenix,Detention With Dolores,Hermione Granger,He's been acting fishy all week. He's up to something.,5,10
Harry Potter and the Order of the Phoenix,Detention With Dolores,Dolores Umbridge,"That's enough for tonight, Potter. Let's see that hand.",5,9
Harry Potter and the Order of the Phoenix,Detention With Dolores,Ron Weasley,Harry! I tried out for Quidditch Keeper at the tryouts! I'm on the team!,5,14
Harry Potter and the Order of the Phoenix,Detention With Dolores,Hermione Granger,He's got to be taken to the hospital wing.,5,9
Harry Potter and the Order of the Phoenix,Detention With Dolores,Ron Weasley,You said she was making you do lines!,5,8
Harry Potter and the Order of the Phoenix,Detention With Dolores,Harry Potter,She is. But the quill has some sort of spell on it. It uses blood for ink.,5,17
Harry Potter and the Order of the Phoenix,Detention With Dolores,Hermione Granger,That old hag! She's sick!,5,5
Harry Potter and the Order of the Phoenix,Detention With Dolores,Hermione Granger,"Harry, I really think you should tell--",5,7
Harry Potter and the Order of the Phoenix,Detention With Dolores,Harry Potter,I don't need his help. I don't need anyone's help.,5,10
Harry Potter and the Order of the Phoenix,Detention With Dolores,Hermione Granger,Hagrid's still not back yet. I hope he's all right.,5,10
Harry Potter and the Order of the Phoenix,Detention With Dolores,Harry Potter,I've asked Sirius about it.,5,5
Harry Potter and the Order of the Phoenix,Detention With Dolores,Hermione Granger,"Harry, you can't write to him! Owls are being intercepted, it isn't safe.",5,13
Harry Potter and the Order of the Phoenix,Detention With Dolores,Harry Potter,"Don't worry, Hermione, I wrote it in code. Anyway, I figured I need to tell someone about Umbridge. My scar hurt again last night in detention.",5,26
Harry Potter and the Order of the Phoenix,Detention With Dolores,Ron Weasley,Always knew she was a bit fishy.,5,7
Harry Potter and the Order of the Phoenix,Detention With Dolores,Hermione Granger,You think she's working for You- Know-Who?,5,7
Harry Potter and the Order of the Phoenix,Detention With Dolores,Harry Potter,"Well, it's a possibility, isn't it?",5,6
Harry Potter and the Order of the Phoenix,Detention With Dolores,Hermione Granger,"I suppose so. He could have her under the Imperious Curse, though it's unlikely. Dumbledore'd know.",5,16
Harry Potter and the Order of the Phoenix,Detention With Dolores,Harry Potter,"Yeah, but Dumbledore didn't have a choice, did he? She'd been sent here by the Ministry.",5,16
Harry Potter and the Order of the Phoenix,The Hogwarts High Inquisitor,Sybill Trelawney,Greetings my children. I sense even now that many of you have already made the transition into the beyond!,5,19
Harry Potter and the Order of the Phoenix,The Hogwarts High Inquisitor,Sybill Trelawney,Today we will be continuing our interpretation of prophetic dreams. Please divide into your groups and discuss your recent night time visions using the text as a guide.,5,28
Harry Potter and the Order of the Phoenix,The Hogwarts High Inquisitor,Dolores Umbridge,And how long have you been at this post?,5,9
Harry Potter and the Order of the Phoenix,The Hogwarts High Inquisitor,Dolores Umbridge,I understand you are the descendent of the famous Seer Cassandra Trelawney?,5,12
Harry Potter and the Order of the Phoenix,The Hogwarts High Inquisitor,Dolores Umbridge,And you are the first since Cassandra to have the Second Sight?,5,12
Harry Potter and the Order of the Phoenix,The Hogwarts High Inquisitor,Sybill Trelawney,These things tend to skip...several...generations.,5,5
Harry Potter and the Order of the Phoenix,The Hogwarts High Inquisitor,Dolores Umbridge,"Now, if you would kindly make a prediction for me?",5,10
Harry Potter and the Order of the Phoenix,The Hogwarts High Inquisitor,Dolores Umbridge,The Inner Eye does not See upon command!,5,8
Harry Potter and the Order of the Phoenix,The Hogwarts High Inquisitor,Sybill Trelawney,"My dear boy, your dream diary, if you please!",5,9
Harry Potter and the Order of the Phoenix,The Hogwarts High Inquisitor,Sybill Trelawney,My dear boy! My poor boy! These dreams are evil portends!,5,11
Harry Potter and the Order of the Phoenix,The Hogwarts High Inquisitor,Sybill Trelawney,"Yes, yes, oatmeal! Are you telling me you cannot see the signs? The foretelling of suffering and death?",5,18
Harry Potter and the Order of the Phoenix,The Hogwarts High Inquisitor,Sybill Trelawney,Perhaps you are not as in the beyond as the others.,5,11
Harry Potter and the Order of the Phoenix,The Hogwarts High Inquisitor,Dolores Umbridge,"Well, if that's the best you can do, Professor, I will be going.",5,13
Harry Potter and the Order of the Phoenix,In the Hog's Head,Harry Potter,"Where are we going, Hermione?",5,5
Harry Potter and the Order of the Phoenix,In the Hog's Head,Hermione Granger,"Come on, I'll explain in a minute.",5,7
Harry Potter and the Order of the Phoenix,In the Hog's Head,Hermione Granger,These are some people I mentioned my Defense Against the Dark Arts idea with.,5,14
Harry Potter and the Order of the Phoenix,In the Hog's Head,Harry Potter,You mean about us teaching ourselves?,5,6
Harry Potter and the Order of the Phoenix,In the Hog's Head,Hermione Granger,"Obviously, this will help us pass our O.W.L.s, but more importantly, it gives us the ability to protect ourselves from...Lord Voldemort. Several people jump or wince in fear at the name.",5,31
Harry Potter and the Order of the Phoenix,In the Hog's Head,Harry Potter,That's the first time you've said his name.,5,8
Harry Potter and the Order of the Phoenix,In the Hog's Head,Hermione Granger,"That's true, but I think we're drifting from the purpose--",5,10
Harry Potter and the Order of the Phoenix,In the Hog's Head,Harry Potter,I believe Voldemort's back because I fought him last year. Dumbledore's already told the school that. If you didn't believe him you won't believe anyone.,5,25
Harry Potter and the Order of the Phoenix,In the Hog's Head,Hermione Granger,"Well...anyway...uh, I think that in order to learn properly we'll need a teacher.",5,13
Harry Potter and the Order of the Phoenix,In the Hog's Head,Neville Longbottom,But we're all students. None of us has the experience to--,5,11
Harry Potter and the Order of the Phoenix,In the Hog's Head,Ginny Weasley,Someone here does. Everyone looks at her. She is staring directly at Harry.,5,13
Harry Potter and the Order of the Phoenix,In the Hog's Head,Fred Weasley,Can't forget that he saved the Sorcerer's Stone from You-Know-Who in his first year.,5,14
Harry Potter and the Order of the Phoenix,In the Hog's Head,Ron Weasley,Not to mention you dueled with You- Know-Who all alone and he still couldn't kill you!,5,16
Harry Potter and the Order of the Phoenix,In the Hog's Head,Ginny Weasley,And you fought off those dementors that attacked you this summer.,5,11
Harry Potter and the Order of the Phoenix,In the Hog's Head,Hermione Granger,So all in favor of taking lessons from Harry?,5,9
Harry Potter and the Order of the Phoenix,In the Hog's Head,Hermione Granger,Where are we going to meet?,5,6
Harry Potter and the Order of the Phoenix,In the Hog's Head,Neville Longbottom,What about an unused classroom?,5,5
Harry Potter and the Order of the Phoenix,In the Hog's Head,Harry Potter,That might work. I'll look into that.,5,7
Harry Potter and the Order of the Phoenix,In the Hog's Head,Hermione Granger,"I think we should put our names down, so we know who was here.",5,14
Harry Potter and the Order of the Phoenix,In the Hog's Head,Hermione Granger,"Honestly, Ernie, do you think I'd just leave it lying around? Besides, its enchanted.",5,14
Harry Potter and the Order of the Phoenix,In the Hog's Head,Hermione Granger,"Also, what should we call ourselves?",5,6
Harry Potter and the Order of the Phoenix,In the Hog's Head,Ginny Weasley,I think it should be Dumbledore's Army. There is excited agreement. Harry smiles at her.,5,15
Harry Potter and the Order of the Phoenix,In the Hog's Head,Hermione Granger,We'll let you know when we're going,5,7
Harry Potter and the Order of the Phoenix,In the Hog's Head,Hermione Granger,I think that went well.,5,5
Harry Potter and the Order of the Phoenix,In the Hog's Head,Hermione Granger,"And did you see Cho, Harry?",5,6
Harry Potter and the Order of the Phoenix,In the Hog's Head,Hermione Granger,"Well, she couldn't keep her eyes off you, could she?!",5,10
Harry Potter and the Order of the Phoenix,In the Hog's Head,Harry Potter,"""By order of the Hogwarts High Inquisitor: All student organizations, societies, teams, groups, and clubs are henceforth disbanded. Permission to reform must be approved by High Inquisitor Umbridge. No student organization can exist without the knowledge and approval of the High Inquisitor. Any student found to be a part of an illegal organization will be expelled immediately.""",5,57
Harry Potter and the Order of the Phoenix,In the Hog's Head,Harry Potter,"Not only that, but what about the",5,7
Harry Potter and the Order of the Phoenix,In the Hog's Head,Harry Potter,"Look, we don't know how many people could have overheard our meeting and told her.",5,15
Harry Potter and the Order of the Phoenix,In the Hog's Head,Ron Weasley,Or somebody at the meeting could have blabbed to her.,5,10
Harry Potter and the Order of the Phoenix,In the Hog's Head,Hermione Granger,"No, they couldn't have. The parchment we all signed was enchanted, like I said. No one can betray the D.A. without us knowing.",5,23
Harry Potter and the Order of the Phoenix,In the Hog's Head,Harry Potter,"What would we do without you, Hermione?",5,7
Harry Potter and the Order of the Phoenix,In the Hog's Head,Ron Weasley,She doesn't look very good.,5,5
Harry Potter and the Order of the Phoenix,In the Hog's Head,Hermione Granger,"Harry, you'd better take her to Professor Grubby-Plank. She'll know what to do.",5,13
Harry Potter and the Order of the Phoenix,In the Hog's Head,Minerva McGonagall,Where on earth are you going at this time of night?,5,11
Harry Potter and the Order of the Phoenix,In the Hog's Head,Harry Potter,It's Hedwig. I think she's been attacked.,5,7
Harry Potter and the Order of the Phoenix,In the Hog's Head,Minerva McGonagall,"Yes, I think you might be right, Potter. She looks at Harry.",5,12
Harry Potter and the Order of the Phoenix,In the Hog's Head,Minerva McGonagall,"Well, give her to me. I'll run her",5,8
Harry Potter and the Order of the Phoenix,In the Hog's Head,Minerva McGonagall,"Bear in mind, Potter, that channels of communication in and out of Hogwarts are being watched, won't you?",5,18
Harry Potter and the Order of the Phoenix,In the Hog's Head,Minerva McGonagall,"Good. Now, off to bed.",5,5
Harry Potter and the Order of the Phoenix,Dumbledore's Army,Harry Potter,Dobby! What are you doing here?,5,6
Harry Potter and the Order of the Phoenix,Dumbledore's Army,Dobby,Dobby...Dobby wishes he could help Harry Potter. Dobby has heard him muttering in his sleep.,5,15
Harry Potter and the Order of the Phoenix,Dumbledore's Army,Harry Potter,"Don't worry about it, Dobby. But I don't think you can help me.",5,13
Harry Potter and the Order of the Phoenix,Dumbledore's Army,Harry Potter,"Actually, there is something you can do, Dobby.",5,8
Harry Potter and the Order of the Phoenix,Dumbledore's Army,Harry Potter,I need a room where twenty-eight people can practice Defense Against the Dark Arts without the teachers knowing. Especially Professor Umbridge.,5,21
Harry Potter and the Order of the Phoenix,Dumbledore's Army,Dobby,"Dobby knows of the perfect place, Harry Potter! It is the Room of Requirement, sir. You can only use the room in times of great need. Whatever you need will be there for you, Harry Potter.",5,36
Harry Potter and the Order of the Phoenix,Dumbledore's Army,Dobby,"Dobby can show you now, if you wish, Harry Potter.",5,10
Harry Potter and the Order of the Phoenix,Dumbledore's Army,Harry Potter,"Better not, Dobby. School is pretty intense right now. We'll do it ina few months, before the holidays.",5,18
Harry Potter and the Order of the Phoenix,Dumbledore's Army,Lee Jordan,...and Slytherin is up forty to ten. Alica with the quaffle!,5,11
Harry Potter and the Order of the Phoenix,Dumbledore's Army,Draco Malfoy,"I should thank you, Weasley. You're definitely our best player!",5,10
Harry Potter and the Order of the Phoenix,Dumbledore's Army,Hermione Granger,"Harry, are you all right?",5,5
Harry Potter and the Order of the Phoenix,Dumbledore's Army,Draco Malfoy,"Bet you loved that, Potter! Saved Weasley's neck, didn't you?",5,10
Harry Potter and the Order of the Phoenix,Dumbledore's Army,Draco Malfoy,I've never seen a worse Keeper! Maybe we should add some more verses to our little song. About his filthy mother!,5,21
Harry Potter and the Order of the Phoenix,Dumbledore's Army,Draco Malfoy,And his pathetic loser of a father too!,5,8
Harry Potter and the Order of the Phoenix,Dumbledore's Army,Draco Malfoy,"But then, you like the Weasleys, don't you? How can you stand the stink? I guess it reminds you of your own dear mother!",5,24
Harry Potter and the Order of the Phoenix,Dumbledore's Army,Minerva McGonagall,"In all my thirty-nine years at this school, I have never seen such a disgusting display.",5,16
Harry Potter and the Order of the Phoenix,Dumbledore's Army,Minerva McGonagall,Of course he wanted to provoke you! He'd just lost!,5,10
Harry Potter and the Order of the Phoenix,Dumbledore's Army,Minerva McGonagall,I cannot express in words the disappointment I feel right now.,5,11
Harry Potter and the Order of the Phoenix,Dumbledore's Army,Dolores Umbridge,I thought you might need some additional authority in dealing with these two.,5,13
Harry Potter and the Order of the Phoenix,Dumbledore's Army,Minerva McGonagall,You thought wrong. Now kindly remove yourself from my office.,5,10
Harry Potter and the Order of the Phoenix,Dumbledore's Army,Minerva McGonagall,"Now, I don't care what Malfoy said. Your performance out there was shameful. Fifty points from Gryffindor, and I'm giving you both a week's worth of detentions.",5,27
Harry Potter and the Order of the Phoenix,Dumbledore's Army,Dolores Umbridge,I hardly think that's an adequate punishment for this.,5,9
Harry Potter and the Order of the Phoenix,Dumbledore's Army,Dolores Umbridge,"Educational Decree Twenty-Five. It gives me, as High Inquisitor, the power to give punishments and privileges, and to alter those given out to students by other members of the staff.",5,30
Harry Potter and the Order of the Phoenix,Dumbledore's Army,Dolores Umbridge,"So, I think a life-long ban from playing quidditch should do the trick for both of these. Oh, and this one's twin as well. He was going to attack Malfoy as well.",5,32
Harry Potter and the Order of the Phoenix,Dumbledore's Army,Dolores Umbridge,"Ah, I'll take your brooms as well.",5,7
Harry Potter and the Order of the Phoenix,Dumbledore's Army,Dolores Umbridge,"Well, have a wonderful day.",5,5
Harry Potter and the Order of the Phoenix,Dumbledore's Army,Minerva McGonagall,"My hands are tied, Potter.",5,5
Harry Potter and the Order of the Phoenix,Dumbledore's Army,Ron Weasley,I'm horrible! I should never have joined.,5,7
Harry Potter and the Order of the Phoenix,Dumbledore's Army,Harry Potter,"If you quit, we'll be out four players!",5,8
Harry Potter and the Order of the Phoenix,Dumbledore's Army,Ron Weasley,This is the worst day of my life.,5,8
Harry Potter and the Order of the Phoenix,Dumbledore's Army,Hermione Granger,I know something that could cheer you up.,5,8
Harry Potter and the Order of the Phoenix,Hagrid's Tale,Harry Potter,"Hagrid, what happened to you?",5,5
Harry Potter and the Order of the Phoenix,Hagrid's Tale,Rubeus Hagrid,"I've fine, I tell yeh!",5,5
Harry Potter and the Order of the Phoenix,Hagrid's Tale,Ron Weasley,"Come off it, Hagrid! We're not blind!",5,7
Harry Potter and the Order of the Phoenix,Hagrid's Tale,Rubeus Hagrid,"Can' answer tha', I'm afraid. Top secret, that is. Business of the Order.",5,13
Harry Potter and the Order of the Phoenix,Hagrid's Tale,Harry Potter,"We know you were looking for giants, Hagrid. Dumbledore said so last year.",5,13
Harry Potter and the Order of the Phoenix,Hagrid's Tale,Rubeus Hagrid,"Oh. Well, yeah, I was, then. Went with Madame Maxime. Took us a month to get to their camp.",5,19
Harry Potter and the Order of the Phoenix,Hagrid's Tale,Rubeus Hagrid,"O' course! Can' do magic, not with the Ministry followin' us all the way. Plus, giants aren't fond o' wizards. Don' trust 'em.",5,23
Harry Potter and the Order of the Phoenix,Hagrid's Tale,Harry Potter,So what did you do when you found them?,5,9
Harry Potter and the Order of the Phoenix,Hagrid's Tale,Rubeus Hagrid,"Well, not righ' away. We brought our message, an' I expec' a fair few'll remember it afore teh end comes.",5,20
Harry Potter and the Order of the Phoenix,Hagrid's Tale,Harry Potter,Glad to see all of you could find this place all right.,5,12
Harry Potter and the Order of the Phoenix,Hagrid's Tale,Neville Longbottom,"Hey, Harry, what is all this stuff?",5,7
Harry Potter and the Order of the Phoenix,Hagrid's Tale,Harry Potter,Loads of Defense Against the Dark Arts equipment. Hopefully we'll be able to get to all of it before the end of term.,5,23
Harry Potter and the Order of the Phoenix,Hagrid's Tale,Ron Weasley,Lockhart didn't teach as much as prune himself.,5,8
Harry Potter and the Order of the Phoenix,Hagrid's Tale,Harry Potter,"Besides, it works. I used it against You-Know-Who last June. It saved my life.",5,14
Harry Potter and the Order of the Phoenix,Hagrid's Tale,Harry Potter,"Right. Well, let's split into pairs and give it a go.",5,11
Harry Potter and the Order of the Phoenix,Hagrid's Tale,Harry Potter,"Look here, you lot! Neville's really got the hang of this one.",5,12
Harry Potter and the Order of the Phoenix,Hagrid's Tale,Neville Longbottom,I did it! I did it!,5,6
Harry Potter and the Order of the Phoenix,Hagrid's Tale,Harry Potter,"Never forget this spell, Neville. It could save your live some day.",5,12
Harry Potter and the Order of the Phoenix,Hagrid's Tale,Harry Potter,"Okay, everyone. We've done a lot today, and I've seen some great improvement. That's it for now. We'll meet back here, same time next week!",5,25
Harry Potter and the Order of the Phoenix,Occlumency,Minerva McGonagall,"Wake up, Potter. Wake up. Please...",5,6
Harry Potter and the Order of the Phoenix,Occlumency,Harry Potter,"No, I saw it happen! I...I was there...",5,8
Harry Potter and the Order of the Phoenix,Occlumency,Minerva McGonagall,"You're sure this happened, Potter?",5,5
Harry Potter and the Order of the Phoenix,Occlumency,Minerva McGonagall,"We're going to see the Headmaster, Potter.",5,7
Harry Potter and the Order of the Phoenix,Occlumency,Albus Dumbledore,What can I do for you?,5,6
Harry Potter and the Order of the Phoenix,Occlumency,Minerva McGonagall,"Well, Potter has had some kind of nightmare...",5,8
Harry Potter and the Order of the Phoenix,Occlumency,Albus Dumbledore,How did you see this? How were you positioned when you saw it?,5,13
Harry Potter and the Order of the Phoenix,Occlumency,Harry Potter,Oh. Uh...I was the snake. I saw it from the snake's perspective.,5,12
Harry Potter and the Order of the Phoenix,Occlumency,Albus Dumbledore,Raise the alarm. We must make sure Arthur is found by the right people.,5,14
Harry Potter and the Order of the Phoenix,Occlumency,Albus Dumbledore,"Many of our previous headmasters and mistresses have portraits in other institutions, allowing them to move between them.",5,18
Harry Potter and the Order of the Phoenix,Occlumency,Albus Dumbledore,"Fawkes, we will need a warning.",5,6
Harry Potter and the Order of the Phoenix,Occlumency,Albus Dumbledore,"Minerva, the rest of the Weasleys will need to be awoken.",5,11
Harry Potter and the Order of the Phoenix,Occlumency,Albus Dumbledore,"Phineas, I need you to visit your other portrait. Tell Sirius what happened and that we are coming to stay for a while.",5,23
Harry Potter and the Order of the Phoenix,Occlumency,Severus Snape,"As you are well aware, I will be teaching you Occlumency. The headmaster feels you should learn this form of magic to defend yourself against the Dark Lord, who is skilled at Legilimency.",5,33
Harry Potter and the Order of the Phoenix,Occlumency,Severus Snape,Legilimency is the ability to extract thoughts and feelings from others.,5,11
Harry Potter and the Order of the Phoenix,Occlumency,Severus Snape,"As usual, you have all the subtlety of a stone wall, Potter.",5,12
Harry Potter and the Order of the Phoenix,Occlumency,Severus Snape,"The mind is not a book, of which any page can be examined. The mind is complex and multi-layered.",5,19
Harry Potter and the Order of the Phoenix,Occlumency,Harry Potter,So he could read our minds right now?,5,8
Harry Potter and the Order of the Phoenix,Occlumency,Harry Potter,"But hasn't it helped so far? I mean, it saved Mr. Weasley's life, didn't it?",5,15
Harry Potter and the Order of the Phoenix,Occlumency,Severus Snape,"Yes, it did, but at the expense of our advantage. The connection between you was so powerful during your vision of the snake that the Dark Lord became aware of it. The Headmaster fears that he may try to use this to his advantage, to manipulate you through false visions.",5,50
Harry Potter and the Order of the Phoenix,Occlumency,Severus Snape,You may use any spell you can think of to try and repel me.,5,14
Harry Potter and the Order of the Phoenix,Occlumency,Harry Potter,What are you going to do?,5,6
Harry Potter and the Order of the Phoenix,Occlumency,Severus Snape,I am going to break into your mind.,5,8
Harry Potter and the Order of the Phoenix,Occlumency,Severus Snape,"Well, you stopped me eventually. Ideally, you should repel me with your mind.",5,13
Harry Potter and the Order of the Phoenix,Occlumency,Severus Snape,"Clear your mind, Potter. Abandon",5,5
Harry Potter and the Order of the Phoenix,Occlumency,Harry Potter,"What's in the Department of Mysteries, sir?",5,7
Harry Potter and the Order of the Phoenix,Occlumency,Harry Potter,"That corridor, I've been dreaming about it for months...it leads to the Department of Mysteries, I'm sure of it.",5,19
Harry Potter and the Order of the Phoenix,Occlumency,Severus Snape,"There are many things in the Department of Mysteries, Potter, none of which concern you.",5,15
Harry Potter and the Order of the Phoenix,Unquiet Escape,Dolores Umbridge,I can do whatever I wish!,5,6
Harry Potter and the Order of the Phoenix,Unquiet Escape,Dolores Umbridge,Now remove yourself from this castle!,5,6
Harry Potter and the Order of the Phoenix,Unquiet Escape,Dolores Umbridge,"I have the authority, Headmaster!",5,5
Harry Potter and the Order of the Phoenix,Unquiet Escape,Albus Dumbledore,"Oh, I agree with you, Professor Umbridge. You do have the power to dismiss my teachers. However...",5,17
Harry Potter and the Order of the Phoenix,Unquiet Escape,Albus Dumbledore,-..-You cannot send them from this,5,6
Harry Potter and the Order of the Phoenix,Unquiet Escape,Dolores Umbridge,And what of her quarters when I appoint a new teacher.,5,11
Harry Potter and the Order of the Phoenix,Unquiet Escape,Albus Dumbledore,"Happily, that will not be necessary. I have found a successor",5,11
Harry Potter and the Order of the Phoenix,Unquiet Escape,Albus Dumbledore,...the Ministry can only appoint new teachers if I cannot find one. I think you will find him suitable enough.,5,20
Harry Potter and the Order of the Phoenix,Unquiet Escape,Ron Weasley,So you're saying this weapon You- Know-Who's after is in the Department of Mysteries?,5,14
Harry Potter and the Order of the Phoenix,Unquiet Escape,Hermione Granger,That's got to be what Surgis Podmore was doing in the Ministry when he was arrested.,5,16
Harry Potter and the Order of the Phoenix,Unquiet Escape,Harry Potter,"Probably. Mr. Weasley was probably there when he was attacked, too. That must be what the Order's guarding!",5,18
Harry Potter and the Order of the Phoenix,Unquiet Escape,Ron Weasley,But why the Department of Mysteries?,5,6
Harry Potter and the Order of the Phoenix,Unquiet Escape,Hermione Granger,"It makes perfect sense, Ron. It's got to be something the Ministry's been developing. Something top secret.",5,17
Harry Potter and the Order of the Phoenix,Unquiet Escape,Hermione Granger,Look at this. There's been a mass escape from Azkaban.,5,10
Harry Potter and the Order of the Phoenix,Unquiet Escape,Dolores Umbridge,Since I had received information some time ago that Potter and a number of other students had met in the Hog's Head to start an illegal group--,5,27
Harry Potter and the Order of the Phoenix,Unquiet Escape,Albus Dumbledore,"I'm not sure that's true, Professor.",5,6
Harry Potter and the Order of the Phoenix,Unquiet Escape,Albus Dumbledore,"In point of fact, when young Potter met those students it was not illegal.",5,14
Harry Potter and the Order of the Phoenix,Unquiet Escape,Dolores Umbridge,"But two days later, Educational Decree Twenty-Four was introduced.",5,9
Harry Potter and the Order of the Phoenix,Unquiet Escape,Albus Dumbledore,"Again, quite correct. However, I wonder if you have any evidence that proves this group has been meeting since then?",5,20
Harry Potter and the Order of the Phoenix,Unquiet Escape,Dolores Umbridge,I have a witness right here!,5,6
Harry Potter and the Order of the Phoenix,Unquiet Escape,Albus Dumbledore,"Correct again. I must confess that I was, however, under the impression that this young girl only told you a meeting was going on tonight.",5,25
Harry Potter and the Order of the Phoenix,Unquiet Escape,Dolores Umbridge,"Let's ask her, shall we?",5,5
Harry Potter and the Order of the Phoenix,Unquiet Escape,Dolores Umbridge,You can shake your head for an,5,7
Harry Potter and the Order of the Phoenix,Unquiet Escape,Dolores Umbridge,"What do you mean by shaking your head, girl?",5,9
Harry Potter and the Order of the Phoenix,Unquiet Escape,Dolores Umbridge,But what about Potter? He was the,5,7
Harry Potter and the Order of the Phoenix,Unquiet Escape,Dolores Umbridge,"Why are you shaking your head, girl?",5,7
Harry Potter and the Order of the Phoenix,Unquiet Escape,Albus Dumbledore,"Again, I cannot have you manhandling my students, Professor Umbridge.",5,10
Harry Potter and the Order of the Phoenix,Unquiet Escape,Dolores Umbridge,"My apologies, Headmaster. I forgot myself.",5,6
Harry Potter and the Order of the Phoenix,Unquiet Escape,Cornelius Fudge,"Well, what about the meeting tonight?",5,6
Harry Potter and the Order of the Phoenix,Unquiet Escape,Cornelius Fudge,"So, Dumbledore, you've been behind this whole thing.",5,8
Harry Potter and the Order of the Phoenix,Unquiet Escape,Albus Dumbledore,"Well, Minister. You've caught me.",5,5
Harry Potter and the Order of the Phoenix,Unquiet Escape,Cornelius Fudge,This has all been your doing! You've been recruiting students for your army!,5,13
Harry Potter and the Order of the Phoenix,Unquiet Escape,Cornelius Fudge,I knew it! I KNEW it! You've been plotting against me all this time!,5,14
Harry Potter and the Order of the Phoenix,Unquiet Escape,Cornelius Fudge,This is too good to be true!,5,7
Harry Potter and the Order of the Phoenix,Unquiet Escape,Cornelius Fudge,"Yes, shut up, Potter. So, you'll be coming with us to the Ministry--",5,13
Harry Potter and the Order of the Phoenix,Unquiet Escape,Albus Dumbledore,"Ah, yes. I was wondering when we'd hit that little snag.",5,11
Harry Potter and the Order of the Phoenix,Unquiet Escape,Cornelius Fudge,"I see no snag, Dumbledore.",5,5
Harry Potter and the Order of the Phoenix,Unquiet Escape,Albus Dumbledore,But I do. You seem to be laboring under the delusion that I would 'come quietly.',5,16
Harry Potter and the Order of the Phoenix,Unquiet Escape,Cornelius Fudge,"Resisting arrest, now are you, Dumbledore?",5,6
Harry Potter and the Order of the Phoenix,Unquiet Escape,Cornelius Fudge,"You would really take on two Aurors, Dolores, and myself, Dumbledore?",5,11
Harry Potter and the Order of the Phoenix,Unquiet Escape,Albus Dumbledore,"Naturally. All of you did rather well on your spellwork at this school, but if you attempt to take me in by force, I'm afraid I shall have to hurt you.",5,31
Harry Potter and the Order of the Phoenix,Unquiet Escape,Albus Dumbledore,I'm not going into hiding. Fudge will soon regret removing me from Hogwarts.,5,13
Harry Potter and the Order of the Phoenix,Unquiet Escape,Albus Dumbledore,"It's fine. Now listen to me, Harry. Keep studying Occlumency! Do everything Professor Snape tells you.",5,16
Harry Potter and the Order of the Phoenix,Unquiet Escape,Albus Dumbledore,"Close your mind! You will understand, in time. Fudge is stirring.",5,11
Harry Potter and the Order of the Phoenix,Unquiet Escape,Albus Dumbledore,Lay back down. They must not think we have had time to talk.,5,13
Harry Potter and the Order of the Phoenix,Unquiet Escape,Dolores Umbridge,"""By Order of the Ministry of Magic: Dolores Jane Umbridge will replace Albus Dumbledore as Head of Hogwarts School of Witchcraft and Wizardry.""",5,23
Harry Potter and the Order of the Phoenix,Unquiet Escape,Dolores Umbridge,"My first act as your new Headmistress is to form an Inquisitional Squad, lead by Draco Malfoy. They will report directly to me about the goings on in the halls of this school.",5,33
Harry Potter and the Order of the Phoenix,Unquiet Escape,Dolores Umbridge,"Furthermore, our good caretaker, Mr. Filch has requested we reinstate the 'old punishments.' I have decided that there is no reason we shouldn't.",5,23
Harry Potter and the Order of the Phoenix,Grawp,Harry Potter,Are you sure you can't? Hagrid said it was important.,5,10
Harry Potter and the Order of the Phoenix,Grawp,Ron Weasley,"No way. Quidditch practice. If I don't show up, Angelina'll go mad.",5,12
Harry Potter and the Order of the Phoenix,Grawp,Hermione Granger,Hagrid...we've been walking for a good hour.,5,7
Harry Potter and the Order of the Phoenix,Grawp,Rubeus Hagrid,"Its jus' up ahead, here.",5,5
Harry Potter and the Order of the Phoenix,Grawp,Harry Potter,"Could you tell us what it is, Hagrid, please?",5,9
Harry Potter and the Order of the Phoenix,Grawp,Rubeus Hagrid,"All righ'. Well, I'm showin' yeh this, because tha' Umbridge woman put me on probation. I can' last much longer afore I get sacked like Trelawney.",5,26
Harry Potter and the Order of the Phoenix,Grawp,Rubeus Hagrid,"Okay, real quiet like from here on.",5,7
Harry Potter and the Order of the Phoenix,Grawp,Hermione Granger,"Hagrid, I thought none of them wanted to come!",5,9
Harry Potter and the Order of the Phoenix,Grawp,Rubeus Hagrid,"None o' them did, Hermione! I didn' have much ruddy choice inna matter! I couldn' leave 'im!",5,17
Harry Potter and the Order of the Phoenix,Grawp,Rubeus Hagrid,"Well, half-brother anyway. Me mum had 'im afore she died.",5,10
Harry Potter and the Order of the Phoenix,Grawp,Rubeus Hagrid,Here. I'll introduce yeh to Grawp!,5,6
Harry Potter and the Order of the Phoenix,Grawp,Rubeus Hagrid,"Look wha' I brough' yeh, Grawpy! Two new friends an' all. We 'ave Harry Potter here, see? An' over here is Hermy.",5,22
Harry Potter and the Order of the Phoenix,Grawp,Rubeus Hagrid,"We don' attack our friends, Grawpy!",5,6
Harry Potter and the Order of the Phoenix,Grawp,Rubeus Hagrid,"See, he don' know any better.",5,6
Harry Potter and the Order of the Phoenix,Grawp,Rubeus Hagrid,"Anyway, all yeh need teh do is go an' talk to 'im. Give 'ima bit o' company.",5,17
Harry Potter and the Order of the Phoenix,Grawp,Rubeus Hagrid,S'not up to you who comes and goes in this forest.,5,11
Harry Potter and the Order of the Phoenix,Grawp,Rubeus Hagrid,"Stopped yeh from committin' murder, yeh mean!",5,7
Harry Potter and the Order of the Phoenix,Grawp,Rubeus Hagrid,"Well, you'll tolerate 'im as long as he's here!",5,9
Harry Potter and the Order of the Phoenix,Snape's Worst Memory,Severus Snape,"Have you been practicing, Potter?",5,5
Harry Potter and the Order of the Phoenix,Snape's Worst Memory,Severus Snape,"Well, we shall see, won't we?",5,6
Harry Potter and the Order of the Phoenix,Snape's Worst Memory,Sirius Black,I'm bored. Wish it was full moon.,5,7
Harry Potter and the Order of the Phoenix,Snape's Worst Memory,Remus Lupin,Easy for you to say.,5,5
Harry Potter and the Order of the Phoenix,Snape's Worst Memory,Lily Potter,"Leave him alone, James Potter!",5,5
Harry Potter and the Order of the Phoenix,Snape's Worst Memory,Lily Potter,What has he done to you?,5,6
Harry Potter and the Order of the Phoenix,Snape's Worst Memory,Lily Potter,I wouldn't go out with you if it were a choice between you and the giant squid! Now let him down.,5,21
Harry Potter and the Order of the Phoenix,Snape's Worst Memory,Lily Potter,"I said, leave him alone!",5,5
Harry Potter and the Order of the Phoenix,Snape's Worst Memory,Severus Snape,I don't need help from a mud-blood like her!,5,9
Harry Potter and the Order of the Phoenix,Snape's Worst Memory,Lily Potter,"Don't make him apologize. Honestly, you're as bad as he is!",5,11
Harry Potter and the Order of the Phoenix,Snape's Worst Memory,Lily Potter,"You make me sick, Potter.",5,5
Harry Potter and the Order of the Phoenix,Snape's Worst Memory,Severus Snape,You will repeat what you saw to no,5,8
Harry Potter and the Order of the Phoenix,Snape's Worst Memory,Severus Snape,"You had better not, Potter, or you will experience a pain so horrible you will wish you had never been born!",5,21
Harry Potter and the Order of the Phoenix,Snape's Worst Memory,Severus Snape,Now get out of my sight! Do not set foot in this office ever again!,5,15
Harry Potter and the Order of the Phoenix,Out of the Fire,Voldemort,"Can you reach it? Can you take it for me, Black?",5,11
Harry Potter and the Order of the Phoenix,Out of the Fire,Voldemort,"Oh, you will die. Eventually. But there are hours, even days of pain awaiting you before then.",5,17
Harry Potter and the Order of the Phoenix,Out of the Fire,Voldemort,"I'm going to enjoy this, Black. I have you, and soon I shall have the weapon. And then not even your pathetic Order can stand in my way! Voldemort laughs, a horrible spine-chilling laugh.",5,34
Harry Potter and the Order of the Phoenix,Out of the Fire,Harry Potter,"No--no, I've done all I can.",5,6
Harry Potter and the Order of the Phoenix,Out of the Fire,Harry Potter,Voldemort! He's got Sirius! In the Department of Mysteries!,5,9
Harry Potter and the Order of the Phoenix,Out of the Fire,Harry Potter,How're we going to get there?,5,6
Harry Potter and the Order of the Phoenix,Out of the Fire,Ron Weasley,To the Department of Mysteries?,5,5
Harry Potter and the Order of the Phoenix,Out of the Fire,Harry Potter,We've got to do something!,5,5
Harry Potter and the Order of the Phoenix,Out of the Fire,Hermione Granger,"How'd Voldemort get into the Ministry of Magic without being seen? I mean, he and Sirius are the two most wanted wizards in the world...",5,25
Harry Potter and the Order of the Phoenix,Out of the Fire,Ron Weasley,Yeah. They can't just waltz into the Ministry of Magic!,5,10
Harry Potter and the Order of the Phoenix,Out of the Fire,Hermione Granger,"It just seems so unlikely, Harry!",5,6
Harry Potter and the Order of the Phoenix,Out of the Fire,Harry Potter,I won't let Sirius die!,5,5
Harry Potter and the Order of the Phoenix,Out of the Fire,Ginny Weasley,We heard Harry yelling. What's up?,5,6
Harry Potter and the Order of the Phoenix,Out of the Fire,Harry Potter,Voldemort's broken into the Department of Mysteries. He's got Sirius there!,5,11
Harry Potter and the Order of the Phoenix,Out of the Fire,Hermione Granger,"Think, Harry! Voldemort knows you! He knows you'd rush off to save Sirius.",5,13
Harry Potter and the Order of the Phoenix,Out of the Fire,Harry Potter,"There isn't anyone else, Hermione! Everyone from the Order is gone!",5,11
Harry Potter and the Order of the Phoenix,Out of the Fire,Ginny Weasley,Anything we can do to help?,5,6
Harry Potter and the Order of the Phoenix,Out of the Fire,Hermione Granger,"Before we do anything, we need to establish that Sirius really isn't at Headquarters. Which means we'll need to break into Umbridge's office.",5,23
Harry Potter and the Order of the Phoenix,Out of the Fire,Fred Weasley,Just give us a few seconds.,5,6
Harry Potter and the Order of the Phoenix,Out of the Fire,Hermione Granger,"Mind you, it's got to be really good!",5,8
Harry Potter and the Order of the Phoenix,Out of the Fire,Fred Weasley,It's been too quiet around here,5,6
Harry Potter and the Order of the Phoenix,Out of the Fire,George Weasley,Time we did some real damage to this place.,5,9
Harry Potter and the Order of the Phoenix,Out of the Fire,Hermione Granger,We'll also need to keep everyone away from her office.,5,10
Harry Potter and the Order of the Phoenix,Out of the Fire,Ginny Weasley,We can do that! Me and Luna'll guard the hallway.,5,10
Harry Potter and the Order of the Phoenix,Out of the Fire,Hermione Granger,We'll probably only manage five minutes or so.,5,8
Harry Potter and the Order of the Phoenix,Out of the Fire,Fred Weasley,"Right. You've got ten minutes to get to Umbridge's office. And whatever you do, stay away from the Astronomy Tower for the next couple of hours.",5,26
Harry Potter and the Order of the Phoenix,Out of the Fire,George Weasley,"Unless they spread, in which case, I'd get out of the castle for a while.",5,15
Harry Potter and the Order of the Phoenix,Out of the Fire,Hermione Granger,"Break out your Invisibility Cloak, Harry.",5,6
Harry Potter and the Order of the Phoenix,Out of the Fire,Argus Filch,Professor! It's those Weasley twins! They've set something off in the Astronomy Tower!,5,13
Harry Potter and the Order of the Phoenix,Out of the Fire,Dolores Umbridge,Ready to try out the old punishments again?,5,8
Harry Potter and the Order of the Phoenix,Out of the Fire,Fred Weasley,"Thank you for playing, one and all.",5,7
Harry Potter and the Order of the Phoenix,Out of the Fire,George Weasley,"And now, we've got to go!",5,6
Harry Potter and the Order of the Phoenix,Out of the Fire,Kreacher,What's this? The Potter boy in the fire...,5,8
Harry Potter and the Order of the Phoenix,Out of the Fire,Dolores Umbridge,"So, turning a hallway into a swamp is funny, is it?",5,11
Harry Potter and the Order of the Phoenix,Out of the Fire,Dolores Umbridge,"Well, now you're going to learn what happens to wrongdoers in my school.",5,13
Harry Potter and the Order of the Phoenix,Out of the Fire,Fred Weasley,This was never your school! Hogwarts is Dumbledore's school!,5,9
Harry Potter and the Order of the Phoenix,Out of the Fire,Dolores Umbridge,"Well, now you're going to get your",5,7
Harry Potter and the Order of the Phoenix,Out of the Fire,George Weasley,"You know, I don't think we are.",5,7
Harry Potter and the Order of the Phoenix,Out of the Fire,Fred Weasley,"George, I think we've outgrown full- time education. Wouldn't you agree?",5,11
Harry Potter and the Order of the Phoenix,Out of the Fire,Fred Weasley,Time to enter the real world?,5,6
Harry Potter and the Order of the Phoenix,Out of the Fire,Fred Weasley,We won't be seeing you.,5,5
Harry Potter and the Order of the Phoenix,Out of the Fire,Fred Weasley,Be sure to visit us at our new premises on Diagon Alley!,5,12
Harry Potter and the Order of the Phoenix,Out of the Fire,Harry Potter,"You know where he is, don't you?",5,7
Harry Potter and the Order of the Phoenix,Out of the Fire,Kreacher,Master does not tell Kreacher where he goes.,5,8
Harry Potter and the Order of the Phoenix,Out of the Fire,Kreacher,Master will never return from the Department of Mysteries!,5,9
Harry Potter and the Order of the Phoenix,Fight and Flight,Dolores Umbridge,You think you could simply walk into my office without me knowing about it? Foolish boy!,5,16
Harry Potter and the Order of the Phoenix,Fight and Flight,Dolores Umbridge,Who were you trying to contact?,5,6
Harry Potter and the Order of the Phoenix,Fight and Flight,Harry Potter,It's none of your business.,5,5
Harry Potter and the Order of the Phoenix,Fight and Flight,Dolores Umbridge,"Draco, would you fetch Professor Snape, please?",5,7
Harry Potter and the Order of the Phoenix,Fight and Flight,Dolores Umbridge,"Very well, Potter. I have been patient enough with you.",5,10
Harry Potter and the Order of the Phoenix,Fight and Flight,Severus Snape,You wished to see me?,5,5
Harry Potter and the Order of the Phoenix,Fight and Flight,Dolores Umbridge,I have just caught Potter trying to communicate with someone in my fire. I need some Veritaserum. Truth syrum.,5,19
Harry Potter and the Order of the Phoenix,Fight and Flight,Severus Snape,"Well, it appears that I cannot help you. I have none.",5,11
Harry Potter and the Order of the Phoenix,Fight and Flight,Harry Potter,He's got Padfoot at the place it's hidden!,5,8
Harry Potter and the Order of the Phoenix,Fight and Flight,Severus Snape,"Potter, if I want nonsense shouted at me, I shall inform you. He sweeps from the office. Umbridge is enraged.",5,20
Harry Potter and the Order of the Phoenix,Fight and Flight,Dolores Umbridge,"We've played nicely, Potter. You",5,5
Harry Potter and the Order of the Phoenix,Fight and Flight,Dolores Umbridge,You could have saved me a lot of trouble if those Dementors I sent to your house had finished you off!,5,21
Harry Potter and the Order of the Phoenix,Fight and Flight,Dolores Umbridge,Of course I did! Someone had to act!,5,8
Harry Potter and the Order of the Phoenix,Fight and Flight,Hermione Granger,"We have to tell her, Harry...",5,6
Harry Potter and the Order of the Phoenix,Fight and Flight,Dolores Umbridge,"Shut up, Potter! Now talk, you silly girl! Who were you talking to?",5,13
Harry Potter and the Order of the Phoenix,Fight and Flight,Hermione Granger,We were trying to find Professor Dumbledore. We had to tell him...,5,12
Harry Potter and the Order of the Phoenix,Fight and Flight,Hermione Granger,That it's ready. The weapon.,5,5
Harry Potter and the Order of the Phoenix,Fight and Flight,Dolores Umbridge,You and Mr. Potter will take me to it.,5,9
Harry Potter and the Order of the Phoenix,Fight and Flight,Hermione Granger,"Oh, yes. It's very well hidden.",5,6
Harry Potter and the Order of the Phoenix,Fight and Flight,Dolores Umbridge,Your forest? This forest belongs to the Ministry of Magic!,5,10
Harry Potter and the Order of the Phoenix,Fight and Flight,Dolores Umbridge,You cannot attack me! Any attack on a wizard by a half-breed--,5,12
Harry Potter and the Order of the Phoenix,Fight and Flight,Dolores Umbridge,Ingrates! Animals! Filthy half- bloods!,5,5
Harry Potter and the Order of the Phoenix,Fight and Flight,Draco Malfoy,"God, I can't wait until all you Weasleys have been expelled. Your stench has been fouling this castle for too long.",5,21
Harry Potter and the Order of the Phoenix,Fight and Flight,Draco Malfoy,"That's for speaking to me. You know, you Weasleys are just as bad as Mudbloods!",5,15
Harry Potter and the Order of the Phoenix,Fight and Flight,Draco Malfoy,"You know, Weasley, it's really too bad Potter saved you from the Chamber of Secrets.",5,15
Harry Potter and the Order of the Phoenix,Fight and Flight,Hermione Granger,I thought it worked out rather nicely.,5,7
Harry Potter and the Order of the Phoenix,Fight and Flight,Ron Weasley,That's just what we were wondering.,5,6
Harry Potter and the Order of the Phoenix,Fight and Flight,Ron Weasley,"So, how do we get to the Ministry?",5,8
Harry Potter and the Order of the Phoenix,Fight and Flight,Hermione Granger,I'd imagine we should fly.,5,5
Harry Potter and the Order of the Phoenix,Fight and Flight,Luna Lovegood,There are other ways to fly.,5,6
Harry Potter and the Order of the Phoenix,Fight and Flight,Luna Lovegood,"I mean, they can fly, and they're",5,7
Harry Potter and the Order of the Phoenix,Fight and Flight,Luna Lovegood,"Yes, there is. They're Thestrals. You can't see them unless you've seen someone die.",5,14
Harry Potter and the Order of the Phoenix,Fight and Flight,Neville Longbottom,I can see them too.,5,5
Harry Potter and the Order of the Phoenix,Fight and Flight,Harry Potter,"All right, then. Get on one, and we'll be off.",5,10
Harry Potter and the Order of the Phoenix,Fight and Flight,Ron Weasley,And what about those of us who can't see them? Luna comes over to them.,5,15
Harry Potter and the Order of the Phoenix,The Department of Mysteries,Ginny Weasley,The Ministry closed a half-hour ago. I expect they all went home.,5,12
Harry Potter and the Order of the Phoenix,The Department of Mysteries,Harry Potter,That's how Voldemort got in unnoticed.,5,6
Harry Potter and the Order of the Phoenix,The Department of Mysteries,Harry Potter,This is it. Come on.,5,5
Harry Potter and the Order of the Phoenix,The Department of Mysteries,Harry Potter,"I don't understand. In my dream,",5,6
Harry Potter and the Order of the Phoenix,The Department of Mysteries,Hermione Granger,"Well, let's try a few.",5,5
Harry Potter and the Order of the Phoenix,The Department of Mysteries,Harry Potter,Yeah. I'll know the way when I see it.,5,9
Harry Potter and the Order of the Phoenix,The Department of Mysteries,Hermione Granger,"There's no one here, Harry. This isn't the right room.",5,10
Harry Potter and the Order of the Phoenix,The Department of Mysteries,Harry Potter,Does anyone else hear that?,5,5
Harry Potter and the Order of the Phoenix,The Department of Mysteries,Luna Lovegood,I do. It's coming from the Veil.,5,7
Harry Potter and the Order of the Phoenix,The Department of Mysteries,Luna Lovegood,There are people in there!,5,5
Harry Potter and the Order of the Phoenix,The Department of Mysteries,Ron Weasley,"What do you mean, people?",5,5
Harry Potter and the Order of the Phoenix,The Department of Mysteries,Hermione Granger,"Harry, I think we should leave.",5,6
Harry Potter and the Order of the Phoenix,The Department of Mysteries,Harry Potter,"Whatever's in there, the Ministry sure doesn't want anyone getting to it.",5,12
Harry Potter and the Order of the Phoenix,The Department of Mysteries,Harry Potter,This is it! Come on!,5,5
Harry Potter and the Order of the Phoenix,The Department of Mysteries,Harry Potter,This is it. This is where Sirius is!,5,8
Harry Potter and the Order of the Phoenix,The Department of Mysteries,Hermione Granger,I don't think Sirius is here.,5,6
Harry Potter and the Order of the Phoenix,The Department of Mysteries,Ron Weasley,"Harry, have you seen this?",5,5
Harry Potter and the Order of the Phoenix,The Department of Mysteries,Ron Weasley,Er...it's got your name on it.,5,6
Harry Potter and the Order of the Phoenix,The Department of Mysteries,Harry Potter,What's my name doing here?,5,5
Harry Potter and the Order of the Phoenix,The Department of Mysteries,Harry Potter,It's got my name on it!,5,6
Harry Potter and the Order of the Phoenix,The Department of Mysteries,Lucius Malfoy,"I warned you before that one day you would come to a sticky end, Potter.",5,15
Harry Potter and the Order of the Phoenix,The Department of Mysteries,Lucius Malfoy,"We don't have him, if that's what you mean. Harry is stunned.",5,12
Harry Potter and the Order of the Phoenix,The Department of Mysteries,Lucius Malfoy,"The Dark Lord knows your weakness for heroics, Potter. All it took was a little nudge to get you here.",5,20
Harry Potter and the Order of the Phoenix,The Department of Mysteries,Lucius Malfoy,Now give me that prophesy.,5,5
Harry Potter and the Order of the Phoenix,The Department of Mysteries,Lucius Malfoy,That prophesy. Now hand it over or we'll have to use wands on you.,5,14
Harry Potter and the Order of the Phoenix,The Department of Mysteries,Lucius Malfoy,"Very brave of you, Potter. Or are you foolish?",5,9
Harry Potter and the Order of the Phoenix,The Department of Mysteries,Lucius Malfoy,"Really, Potter. You expect to defeat all of us with your little school friends? Now hand it over, and they won't have to die here.",5,25
Harry Potter and the Order of the Phoenix,The Department of Mysteries,Bellatrix Lestrange,I haven't escaped from Azkaban for this!,5,7
Harry Potter and the Order of the Phoenix,The Department of Mysteries,Lucius Malfoy,No! If the prophesy is smashed--,5,6
Harry Potter and the Order of the Phoenix,The Department of Mysteries,Bellatrix Lestrange,Take the youngest girl. We'll see how committed Potter is as we torture her.,5,14
Harry Potter and the Order of the Phoenix,The Department of Mysteries,Harry Potter,You even try to take her and I'll smash this thing.,5,11
Harry Potter and the Order of the Phoenix,The Department of Mysteries,Harry Potter,"So, what kind of prophesy are we talking about here?",5,10
Harry Potter and the Order of the Phoenix,The Department of Mysteries,Harry Potter,Not really. How come Voldemort wants it?,5,7
Harry Potter and the Order of the Phoenix,The Department of Mysteries,Lucius Malfoy,You dare to speak the Dark Lord's name?,5,8
Harry Potter and the Order of the Phoenix,The Department of Mysteries,Bellatrix Lestrange,Silence! How dare you utter that name from your half—-blood mouth!,5,11
Harry Potter and the Order of the Phoenix,The Department of Mysteries,Harry Potter,"Hey, did you know Voldemort's a half-blood too?",5,8
Harry Potter and the Order of the Phoenix,The Department of Mysteries,Harry Potter,What's so special about this,5,5
Harry Potter and the Order of the Phoenix,The Department of Mysteries,Lucius Malfoy,You mean Dumbledore never told you the reason you bear that scar was hidden here?,5,15
Harry Potter and the Order of the Phoenix,The Department of Mysteries,Lucius Malfoy,So that's what took you so long. We wondered.,5,9
Harry Potter and the Order of the Phoenix,The Department of Mysteries,Lucius Malfoy,"Only a person for whom the prophesy was made can remove it from its self, Potter, and the Dark Lord certainly couldn't get it himself.",5,25
Harry Potter and the Order of the Phoenix,The Department of Mysteries,Harry Potter,"So he used me to do his dirty work, did he?",5,11
Harry Potter and the Order of the Phoenix,The Department of Mysteries,Hermione Granger,"Harry, they went the wrong way!",5,6
Harry Potter and the Order of the Phoenix,The Department of Mysteries,Harry Potter,"Please don't be dead, please don't be dead... He shakes her.",5,11
Harry Potter and the Order of the Phoenix,The Department of Mysteries,Neville Longbottom,What's they do to her?,5,5
Harry Potter and the Order of the Phoenix,The Department of Mysteries,Neville Longbottom,"She's alive, Harry. There's a pulse.",5,6
Harry Potter and the Order of the Phoenix,The Department of Mysteries,Neville Longbottom,I'll do it. You're better at fighting.,5,7
Harry Potter and the Order of the Phoenix,The Department of Mysteries,Ginny Weasley,I think my ankle's broken. And somebody hit Ron with a weird spell...,5,13
Harry Potter and the Order of the Phoenix,The Department of Mysteries,Luna Lovegood,They hit her with something too.,5,6
Harry Potter and the Order of the Phoenix,The Department of Mysteries,Harry Potter,"We need to get out of here. Luna, can you help Ginny?",5,12
Harry Potter and the Order of the Phoenix,The Department of Mysteries,Lucius Malfoy,"Your race is run, Potter. Hand it over.",5,8
Harry Potter and the Order of the Phoenix,The Department of Mysteries,Harry Potter,Let my friends go and I will.,5,7
Harry Potter and the Order of the Phoenix,The Department of Mysteries,Lucius Malfoy,You are not in a position to negotiate.,5,8
Harry Potter and the Order of the Phoenix,The Department of Mysteries,Neville Longbottom,"Don't do it, Harry! Don't!",5,5
Harry Potter and the Order of the Phoenix,The Department of Mysteries,Bellatrix Lestrange,"My dear boy, I paid your parents a visit a long time ago. We had such a time!",5,18
Harry Potter and the Order of the Phoenix,The Department of Mysteries,Neville Longbottom,You put them in St. Mungos!,5,6
Harry Potter and the Order of the Phoenix,The Department of Mysteries,Bellatrix Lestrange,"So, Potter. Give us the Prophesy or I'll see how long it takes to crack Longbottom like his parents.",5,19
Harry Potter and the Order of the Phoenix,The Department of Mysteries,Neville Longbottom,Don't give it to them!,5,5
Harry Potter and the Order of the Phoenix,Beyond the Veil,Sirius Black,"Get out of here, you two!",5,6
Harry Potter and the Order of the Phoenix,Beyond the Veil,Sirius Black,That will take you back out of the Department of Mysteries.,5,11
Harry Potter and the Order of the Phoenix,Beyond the Veil,Sirius Black,"You're the important one, now, Harry. I have to help the Order.",5,12
Harry Potter and the Order of the Phoenix,Beyond the Veil,Sirius Black,"I'll always be here for you, Harry. Now go!",5,9
Harry Potter and the Order of the Phoenix,Beyond the Veil,Lucius Malfoy,"We may have lost the prophesy, but I can still deliver you to the Dark Lord!",5,16
Harry Potter and the Order of the Phoenix,Beyond the Veil,Sirius Black,"Is that the best you've got, cousin?",5,7
Harry Potter and the Order of the Phoenix,Beyond the Veil,Remus Lupin,Harry! HARRY!...he's gone...there's nothing you can do...,5,7
Harry Potter and the Order of the Phoenix,Side by Side,Bellatrix Lestrange,"You can't stop me, Potter!",5,5
Harry Potter and the Order of the Phoenix,Side by Side,Bellatrix Lestrange,"Come out, come out, Potter...",5,5
Harry Potter and the Order of the Phoenix,Side by Side,Bellatrix Lestrange,"Well, well, have you come to avenge your dear Godfather?",5,10
Harry Potter and the Order of the Phoenix,Side by Side,Bellatrix Lestrange,"Never used an Unforgivable Curse before, have you, Potter? You have to mean it, you have to want to cause the pain in your very soul...",5,26
Harry Potter and the Order of the Phoenix,Side by Side,Harry Potter,Can't. It got smashed by accident!,5,6
Harry Potter and the Order of the Phoenix,Side by Side,Harry Potter,"How's Voldemort going to like that? You've failed him, and he's not very forgiving, is he?",5,16
Harry Potter and the Order of the Phoenix,Side by Side,Bellatrix Lestrange,"Forgive me, Master! I tried, I--",5,6
Harry Potter and the Order of the Phoenix,Side by Side,Harry Potter,"He can't hear you from here, you know!",5,8
Harry Potter and the Order of the Phoenix,Side by Side,Voldemort,"So, you smashed my prophesy...",5,5
Harry Potter and the Order of the Phoenix,Side by Side,Voldemort,"I grow tired of you continually thwarting my plans, Harry Potter!",5,11
Harry Potter and the Order of the Phoenix,Wizards Duel,Albus Dumbledore,"You should not have come here tonight, Tom.",5,8
Harry Potter and the Order of the Phoenix,Wizards Duel,Voldemort,"It is you who made that mistake, Dumbledore!",5,8
Harry Potter and the Order of the Phoenix,Wizards Duel,Voldemort,"You do not seek to kill me, Dumbledore?",5,8
Harry Potter and the Order of the Phoenix,Wizards Duel,Albus Dumbledore,"There are other ways to destroy a man, Tom.",5,9
Harry Potter and the Order of the Phoenix,Wizards Duel,Voldemort,There is nothing worse than death!,5,6
Harry Potter and the Order of the Phoenix,Wizards Duel,Albus Dumbledore,"You are quite wrong, Tom, as you have always been.",5,10
Harry Potter and the Order of the Phoenix,Wizards Duel,Albus Dumbledore,"Stay where you are, Harry!",5,5
Harry Potter and the Order of the Phoenix,Wizards Duel,Albus Dumbledore,"Are you all right, Harry?",5,5
Harry Potter and the Order of the Phoenix,Wizards Duel,Percy Weasley,"Minister, I saw him! You-Know-Who! He was right there!",5,9
Harry Potter and the Order of the Phoenix,Wizards Duel,Cornelius Fudge,I know...I saw him too...,5,5
Harry Potter and the Order of the Phoenix,Wizards Duel,Albus Dumbledore,"If you and your men will proceed to the Death Room, you will find several Death Eaters which I and some others have apprehended.",5,24
Harry Potter and the Order of the Phoenix,Wizards Duel,Albus Dumbledore,"Minister, you have just seen You- Know-Who in the flesh only seconds ago! It is time to come to your senses!",5,21
Harry Potter and the Order of the Phoenix,Wizards Duel,Albus Dumbledore,"If you insist on trying to arrest me, I am perfectly willing demonstrate how useless such an attempt will be.",5,20
Harry Potter and the Order of the Phoenix,Wizards Duel,Cornelius Fudge,"Dumbledore, what the blazes happened here?",5,6
Harry Potter and the Order of the Phoenix,Wizards Duel,Albus Dumbledore,"I will explain everything, Minister. Just as soon as I return Harry to school.",5,14
Harry Potter and the Order of the Phoenix,Wizards Duel,Cornelius Fudge,What's he doing here? And what's happened to him?,5,9
Harry Potter and the Order of the Phoenix,Wizards Duel,Albus Dumbledore,"Minister, you will order the removal of Dolores Umbridge from my school.",5,12
Harry Potter and the Order of the Phoenix,Wizards Duel,Albus Dumbledore,All Educational Decrees will be nullified and you will call off the search on Hagrid so he can return to work.,5,21
Harry Potter and the Order of the Phoenix,Wizards Duel,Albus Dumbledore,"I will return here later tonight, after I have seen to Harry. It should not take long. He taps the Golden centaur head.",5,23
Harry Potter and the Order of the Phoenix,Wizards Duel,Cornelius Fudge,"Dumbledore, I want some answers!",5,5
Harry Potter and the Order of the Phoenix,Wizards Duel,Albus Dumbledore,"The Second War has begun, Minister.",5,6
Harry Potter and the Order of the Phoenix,The Lost Prophecy,Albus Dumbledore,"I understand how you feel, Harry--",5,6
Harry Potter and the Order of the Phoenix,The Lost Prophecy,Albus Dumbledore,"You forget that Sirius was my friend too. You are not the only person on this earth capable of feelings, Harry.",5,21
Harry Potter and the Order of the Phoenix,The Lost Prophecy,Albus Dumbledore,"There is no shame in feeling pain, Harry. It is your greatest strength...",5,13
Harry Potter and the Order of the Phoenix,The Lost Prophecy,Harry Potter,You don't have a clue! You can't possibly know!,5,9
Harry Potter and the Order of the Phoenix,The Lost Prophecy,Albus Dumbledore,"This pain is part of being human, Harry...",5,8
Harry Potter and the Order of the Phoenix,The Lost Prophecy,Harry Potter,I don't care! I don't care!,5,6
Harry Potter and the Order of the Phoenix,The Lost Prophecy,Albus Dumbledore,You do care. You care so much you feel like you will bleed to death because of it.,5,18
Harry Potter and the Order of the Phoenix,The Lost Prophecy,Harry Potter,You can't keep me in here!,5,6
Harry Potter and the Order of the Phoenix,The Lost Prophecy,Albus Dumbledore,"I daresay I can. And if you actually do attack me with that wand, Harry, I'm afraid to say you will regret it.",5,23
Harry Potter and the Order of the Phoenix,The Lost Prophecy,Albus Dumbledore,It is my fault Sirius died tonight.,5,7
Harry Potter and the Order of the Phoenix,The Lost Prophecy,Albus Dumbledore,"Harry, I owe you this explanation, to show you the failings of an old man.",5,15
Harry Potter and the Order of the Phoenix,The Lost Prophecy,Harry Potter,I already know all this.,5,5
Harry Potter and the Order of the Phoenix,The Lost Prophecy,Albus Dumbledore,"Haven't you wondered why I haven't spoken to you, even looked at you, for months?",5,15
Harry Potter and the Order of the Phoenix,The Lost Prophecy,Albus Dumbledore,"Sirius told me you believed there was a snake inside of you. This was Voldemort attempting to manipulate you. To protect you from this, I had you study Occlumency.",5,29
Harry Potter and the Order of the Phoenix,The Lost Prophecy,Harry Potter,But Snape stopped giving me lessons.,5,6
Harry Potter and the Order of the Phoenix,The Lost Prophecy,Albus Dumbledore,"Yes. I thought he could overcome his feelings towards your father, but I was wrong. Some wounds cut too deep to be healed.",5,23
Harry Potter and the Order of the Phoenix,The Lost Prophecy,Harry Potter,"He barely taught me, though. I always felt more open to it after the lessons. Like he was trying to open me to Voldemort—-",5,24
Harry Potter and the Order of the Phoenix,The Lost Prophecy,Albus Dumbledore,"I would trust Severus Snape with my life, Harry. You have never recovered from your mistrust of him in your first year.",5,22
Harry Potter and the Order of the Phoenix,The Lost Prophecy,Harry Potter,Sirius didn't trust him. Didn't believe he'd really turned to our side...,5,12
Harry Potter and the Order of the Phoenix,The Lost Prophecy,Albus Dumbledore,"Again, some wounds run too deep to be healed, Harry. Severus and Sirius never liked each other at school. This has never changed.",5,23
Harry Potter and the Order of the Phoenix,The Lost Prophecy,Albus Dumbledore,"During your Occulumency lessons, Professor Snape discovered that you were dreaming about the door in the Department of Mysteries.",5,19
Harry Potter and the Order of the Phoenix,The Lost Prophecy,Harry Potter,"I've been dreaming about that all year, before Voldemort discovered the connection.",5,12
Harry Potter and the Order of the Phoenix,The Lost Prophecy,Albus Dumbledore,"Yes. Voldemort has been obsessed with hearing that prophesy since he returned. Because of your scar, what he was obsessed with, you were obsessed with, in the form of dreams.",5,30
Harry Potter and the Order of the Phoenix,The Lost Prophecy,Albus Dumbledore,"Once he discovered the connection, Voldemort had little difficulty in manipulating you into thinking he had captured Sirius.",5,18
Harry Potter and the Order of the Phoenix,The Lost Prophecy,Harry Potter,But I checked Grimmauld Place! Kreacher said--,5,7
Harry Potter and the Order of the Phoenix,The Lost Prophecy,Albus Dumbledore,Kreacher lied. He wanted you to go to the Department of Mysteries.,5,12
Harry Potter and the Order of the Phoenix,The Lost Prophecy,Albus Dumbledore,Kreacher has been serving two masters for some months now.,5,10
Harry Potter and the Order of the Phoenix,The Lost Prophecy,Harry Potter,"Wait, where was Sirius when I tried to contact him?",5,10
Harry Potter and the Order of the Phoenix,The Lost Prophecy,Albus Dumbledore,Ah. Apparently Kreacher had injured Buckbeak to distract him in case you tried to contact Headquarters.,5,16
Harry Potter and the Order of the Phoenix,The Lost Prophecy,Albus Dumbledore,Sirius was tending to the wounds when you called.,5,9
Harry Potter and the Order of the Phoenix,The Lost Prophecy,Harry Potter,And Hermione said we should be nice to Kreacher!,5,9
Harry Potter and the Order of the Phoenix,The Lost Prophecy,Albus Dumbledore,"She was quite right, Harry. Kreacher is what wizards have made him. He is to be pitied, not hated.",5,19
Harry Potter and the Order of the Phoenix,The Lost Prophecy,Albus Dumbledore,He didn't hate Kreacher himself. Kreacher was a reminder to Sirius of the home he had always hated.,5,18
Harry Potter and the Order of the Phoenix,The Lost Prophecy,Harry Potter,"Yeah, he really hated that place. And you kept him locked up in there!",5,14
Harry Potter and the Order of the Phoenix,The Lost Prophecy,Albus Dumbledore,I was trying to save his life!,5,7
Harry Potter and the Order of the Phoenix,The Lost Prophecy,Albus Dumbledore,I also knew that Voldemort would return one day. I played to his weakness. There is an ancient magic which Voldemort has always underestimated.,5,24
Harry Potter and the Order of the Phoenix,The Lost Prophecy,Albus Dumbledore,"This magic is what your mother gave you when she died. That protection would only work, however, if you were cared for by a blood relative. Your Aunt, Petunia.",5,29
Harry Potter and the Order of the Phoenix,The Lost Prophecy,Albus Dumbledore,"Perhaps not. But she took you in, however grudgingly. As long as you can call your Aunt's house your home, you are protected.",5,23
Harry Potter and the Order of the Phoenix,The Lost Prophecy,Albus Dumbledore,"And now we come to the moment of terrible truth, the moment I have dreaded for fifteen years. The moment when I must lay another burden atop your already straining shoulders.",5,31
Harry Potter and the Order of the Phoenix,The Lost Prophecy,Albus Dumbledore,Do you remember your first year here? When you lay in the hospital wing fresh from your confrontation with Voldemort?,5,20
Harry Potter and the Order of the Phoenix,The Lost Prophecy,Albus Dumbledore,Do you remember what you asked me that night?,5,9
Harry Potter and the Order of the Phoenix,The Lost Prophecy,Harry Potter,I asked you why Voldemort tried to kill me.,5,9
Harry Potter and the Order of the Phoenix,The Lost Prophecy,Albus Dumbledore,"You have no idea the pain it causes me to tell it to you, even now. But unfortunately, I must.",5,20
Harry Potter and the Order of the Phoenix,The Lost Prophecy,Harry Potter,"Professor, why am I so important to",5,7
Harry Potter and the Order of the Phoenix,The Lost Prophecy,Albus Dumbledore,"An excellent question, Harry. The answer lies in the prophesy.",5,10
Harry Potter and the Order of the Phoenix,The Lost Prophecy,Albus Dumbledore,That was not the only place the Prophesy is preserved.,5,10
Harry Potter and the Order of the Phoenix,The Lost Prophecy,Sybill Trelawney,"""The One with the power to vanquish the Dark Lord approaches....Born to",5,12
Harry Potter and the Order of the Phoenix,The Lost Prophecy,Harry Potter,"I'm not sure I understand all that, sir...",5,8
Harry Potter and the Order of the Phoenix,The Lost Prophecy,Albus Dumbledore,"Interestingly, there were two boys whom the prophesy could have been referring to. You and Neville Longbottom.",5,17
Harry Potter and the Order of the Phoenix,The Lost Prophecy,Harry Potter,"So it's not necessarily me, sir?",5,6
Harry Potter and the Order of the Phoenix,The Lost Prophecy,Harry Potter,What if he chose wrong?,5,5
Harry Potter and the Order of the Phoenix,The Lost Prophecy,Harry Potter,Why didn't he wait? Why attack when we were babies?,5,10
Harry Potter and the Order of the Phoenix,The Lost Prophecy,Albus Dumbledore,"Voldemort had an informant listening to my meeting with Professor Trelawney. Fortunately he was discovered before he could hear the entire prophesy. Voldemort had to act immediately, he didn't know the rest of the prophesy. All he knew was that he had to destroy the child who would grow to be a threat to his power.",5,56
Harry Potter and the Order of the Phoenix,The Lost Prophecy,Harry Potter,But I don't have any special powers.,5,7
Harry Potter and the Order of the Phoenix,The Lost Prophecy,Albus Dumbledore,There is a room in the Department of Mysteries which is kept locked at all times. It contains a force so wonderful and yet terrible that it is greater than death itself. It is that power which you have incredible amounts of and of which Voldemort has none.,5,48
Harry Potter and the Order of the Phoenix,The Lost Prophecy,Albus Dumbledore,"There is only the end of the prophesy which we haven't addressed. It states ""neither can live while the other survives.""",5,21
Harry Potter and the Order of the Phoenix,The Lost Prophecy,Albus Dumbledore,"It is the final burden which I must place on you, Harry.",5,12
Harry Potter and the Order of the Phoenix,The Lost Prophecy,Harry Potter,One of us has to kill the other...in the end.,5,10
Harry Potter and the Order of the Phoenix,The Lost Prophecy,Harry Potter,"Nick, I was wondering about something?",5,6
Harry Potter and the Order of the Phoenix,The Lost Prophecy,Hermione Granger,"Come on, let's go in to the feast.",5,8
Harry Potter and the Order of the Phoenix,The Lost Prophecy,Harry Potter,I've got something to tell you. Something important.,5,8
Harry Potter and the Order of the Phoenix,The Lost Prophecy,Harry Potter,But not right now. I'm not ready.,5,7
Harry Potter and the Order of the Phoenix,The Lost Prophecy,Hermione Granger,"Take your time, Harry. We'll be here when you are.",5,10
Harry Potter and the Order of the Phoenix,The Lost Prophecy,Luna Lovegood,It's the last night and I need to pack.,5,9
Harry Potter and the Order of the Phoenix,The Lost Prophecy,Luna Lovegood,"Oh, people take my things and hide them.",5,8
Harry Potter and the Order of the Phoenix,The Lost Prophecy,Luna Lovegood,"I don't think they like me much. Some of them call me ""Loony"" Lovegood.",5,14
Harry Potter and the Order of the Phoenix,The Lost Prophecy,Harry Potter,Do you need any help looking?,5,6
Harry Potter and the Order of the Phoenix,The Lost Prophecy,Luna Lovegood,Oh no. It all turns up in the end.,5,9
Harry Potter and the Order of the Phoenix,The Lost Prophecy,Luna Lovegood,Sirius Black. Hermione said he was your Godfather.,5,8
Harry Potter and the Order of the Phoenix,The Lost Prophecy,Luna Lovegood,My mother. I was nine.,5,5
Harry Potter and the Order of the Phoenix,The Lost Prophecy,Luna Lovegood,It's okay. It's not like I'll never see her again.,5,10
Harry Potter and the Order of the Phoenix,The Lost Prophecy,Luna Lovegood,Don't tell me you didn't hear them. The voices beyond the Veil?,5,12
Harry Potter and the Order of the Phoenix,The Lost Prophecy,Luna Lovegood,"They were just out of sight, that's all.",5,8
Harry Potter and the Order of the Phoenix,The Lost Prophecy,Luna Lovegood,"Of course. Anyway, my mum always said the things we lose have a way of coming back to us in the end. If not always in the way we expect. Think I'll just go have some pudding.",5,37
Harry Potter and the Order of the Phoenix,A way of coming back,Harry Potter,I've been thinking about something Dumbledore said to me.,5,9
Harry Potter and the Order of the Phoenix,A way of coming back,Harry Potter,That even though we've got a fight ahead of us we've got one thing that Voldemort doesn't have.,5,18
Harry Potter and the Half-Blood Prince,Snape's Visitors,Bellatrix Lestrange,Cissy! You mustn't do this.  He can't be trusted.,6,9
Harry Potter and the Half-Blood Prince,Snape's Visitors,Bellatrix Lestrange,The Dark Lord is mistaken.,6,5
Harry Potter and the Half-Blood Prince,Snape's Visitors,Bellatrix Lestrange,He lives in this Muggle dunghill?,6,6
Harry Potter and the Half-Blood Prince,Snape's Visitors,Severus Snape,"If the Dark Lord has forbidden it, you ought not to speak.",6,12
Harry Potter and the Half-Blood Prince,Snape's Visitors,Severus Snape,"Put it down, Bella.  We mustn't touch what isn't ours. As it so happens I'm aware of your situation, Narcissa.",6,20
Harry Potter and the Half-Blood Prince,Snape's Visitors,Bellatrix Lestrange,You? The Dark Lord told you?,6,6
Harry Potter and the Half-Blood Prince,Snape's Visitors,Severus Snape,"Your sister doubts me, Narcissa. Understandable.",6,6
Harry Potter and the Half-Blood Prince,Snape's Visitors,Severus Snape,Over the years I have played my part well.  So well I've deceived one of the greatest wizards of all time.,6,21
Harry Potter and the Half-Blood Prince,Snape's Visitors,Severus Snape,Dumbledore is a great wizard. Only a fool would question it.,6,11
Harry Potter and the Half-Blood Prince,Snape's Visitors,Bellatrix Lestrange,"You should feel honored, Cissy. As should Draco --",6,9
Harry Potter and the Half-Blood Prince,Snape's Visitors,Severus Snape,I can't change the Dark Lord's mind.  But it might be possible for me to help Draco.  To provide some... protection.,6,21
Harry Potter and the Half-Blood Prince,Snape's Visitors,Bellatrix Lestrange,Make the Unbreakable Vow. You see.  It's just empty words. Oh he'll try.  He'll give it his best effort.  But when it matters most he'll slither back into his hole.  Bloody coward...,6,32
Harry Potter and the Half-Blood Prince,Snape's Visitors,Bellatrix Lestrange,"Will you, Severus Snape, watch over Draco Malfoy as he attempts to fulfill the Dark Lord's wishes.",6,17
Harry Potter and the Half-Blood Prince,Snape's Visitors,Bellatrix Lestrange,"And will you, to the best of your ability, protect him from harm?",6,13
Harry Potter and the Half-Blood Prince,Snape's Visitors,Bellatrix Lestrange,"And should it prove necessary, if it seems Draco will fail... will you yourself carry out the deed that the Dark Lord has ordered Draco to perform?",6,27
Harry Potter and the Half-Blood Prince,Who's Harry Potter?,Harry Potter,Oh.  Um.  No one.  Bit of a tosser.,6,8
Harry Potter and the Half-Blood Prince,Horace Slughorn,Albus Dumbledore,I once knew a Muggle girl from Liverpool with hair like spun silk.  No light could resist it...,6,18
Harry Potter and the Half-Blood Prince,Horace Slughorn,Harry Potter,I like riding round on the trains. It takes my mind off... things.,6,13
Harry Potter and the Half-Blood Prince,Horace Slughorn,Albus Dumbledore,"Rather unpleasant to behold, isn't it?  The tale is thrilling if I do say so myself, but I'm afraid now is not the time to tell it.  Take my arm.",6,30
Harry Potter and the Half-Blood Prince,Horace Slughorn,Harry Potter,"I just Apparated, didn't I?",6,5
Harry Potter and the Half-Blood Prince,Horace Slughorn,Albus Dumbledore,Indeed.  And quite successfully I might add.  Most people vomit their first time.,6,13
Harry Potter and the Half-Blood Prince,Horace Slughorn,Albus Dumbledore,"Welcome to the charming village of Budleigh Babberton, Harry.  I assume right about now you're wondering why I've brought you here, am I right?",6,24
Harry Potter and the Half-Blood Prince,Horace Slughorn,Harry Potter,"After all these years, I just sort of roll with it, sir.",6,12
Harry Potter and the Half-Blood Prince,Horace Slughorn,Horace Slughorn,"There's no need to disfigure me, Albus!",6,7
Harry Potter and the Half-Blood Prince,Horace Slughorn,Albus Dumbledore,"I must say, you make a very convincing armchair, Horace.",6,10
Harry Potter and the Half-Blood Prince,Horace Slughorn,Horace Slughorn,It's all in the upholstery. I come by the stuffing naturally. What gave me away?,6,15
Harry Potter and the Half-Blood Prince,Horace Slughorn,Horace Slughorn,"Yes, well, I couldn't very well use wizard's blood, could I?  Oho!",6,12
Harry Potter and the Half-Blood Prince,Horace Slughorn,Albus Dumbledore,"Ah yes.  Introductions.  Harry, this is an old friend and colleague of mine, Horace Slughorn.  Horace, this is, well, you know who this is. Apparently there's some thought he may be the Chosen One.",6,34
Harry Potter and the Half-Blood Prince,Horace Slughorn,Albus Dumbledore,"So why all the theatrics, Horace? You weren't perhaps expecting someone else, were you?",6,14
Harry Potter and the Half-Blood Prince,Horace Slughorn,Horace Slughorn,S-someone else?  I'm sure I don't know what you mean.,6,10
Harry Potter and the Half-Blood Prince,Horace Slughorn,Horace Slughorn,Oh all right!  The Death Eaters have been trying to recruit me for over a year.  Do you know what that's like?  One can only say no to these people so many times before they...,6,35
Harry Potter and the Half-Blood Prince,Horace Slughorn,Albus Dumbledore,Take matters into their own hands?,6,6
Harry Potter and the Half-Blood Prince,Horace Slughorn,Horace Slughorn,I never stay anywhere more than a week.  The Muggles who own this place are in the Canary Islands.,6,19
Harry Potter and the Half-Blood Prince,Horace Slughorn,Albus Dumbledore,"Well, I think it should be put back in order for them, don't you? Mind?",6,15
Harry Potter and the Half-Blood Prince,Horace Slughorn,Albus Dumbledore,That was fun.  May I use the loo?,6,8
Harry Potter and the Half-Blood Prince,Horace Slughorn,Horace Slughorn,"Don't think I don't know why you're here, Albus!  The answer is still no!  Absolutely, unequivocally no!",6,17
Harry Potter and the Half-Blood Prince,Horace Slughorn,Horace Slughorn,You look very like your father. Except for your eyes.  You've got --,6,13
Harry Potter and the Half-Blood Prince,Horace Slughorn,Horace Slughorn,Lily.  Lovely Lily.  She was exceedingly bright -- your mother. Even more impressive when one considers she was Muggle-born.,6,19
Harry Potter and the Half-Blood Prince,Horace Slughorn,Harry Potter,One of my best friends is Muggle- born.  She's the best in our year.,6,14
Harry Potter and the Half-Blood Prince,Horace Slughorn,Horace Slughorn,"Oh, but you mustn't think I'm prejudiced!  No, no, no! Your mother was one of my absolute favorites!  Look, there she is. Right up front.",6,25
Harry Potter and the Half-Blood Prince,Horace Slughorn,Horace Slughorn,"All mine, each and every one.  Ex- students, I mean.  You recognize Barnubas Cuffe, of course, editor of the Daily Prophet.",6,21
Harry Potter and the Half-Blood Prince,Horace Slughorn,Horace Slughorn,"Always takes my owl should I want to register my opinion on the news of the day.  And there's Ambrosius Flume of Honeydukes.  Sends a hamper of chocolate to the house each birthday.  That is, when I had a house.  And Gwenog Jones, captain of the Holyhead Harpies -- free tickets whenever I want them. Of course, I haven't been to a match in some time...",6,66
Harry Potter and the Half-Blood Prince,Horace Slughorn,Horace Slughorn,"Ah yes.  Regulus Black.  You no doubt know of his older brother Sirius.  Died a few weeks ago.  I taught the whole Black family except Sirius.  Shame.  Talented boy.  I got Regulus when he came along, of course, but I'd have liked the set.",6,44
Harry Potter and the Half-Blood Prince,Horace Slughorn,Albus Dumbledore,Mind if I take this?  I do love knitting patterns.,6,10
Harry Potter and the Half-Blood Prince,Horace Slughorn,Horace Slughorn,Of course.  But you're not leaving?,6,6
Harry Potter and the Half-Blood Prince,Horace Slughorn,Albus Dumbledore,"I think I know a lost cause when I see one.  Regrettable.  I would have considered it a personal triumph had you consented to return to Hogwarts, Horace.  You are, like my friend Mr. Potter -- one of a kind.",6,40
Harry Potter and the Half-Blood Prince,Horace Slughorn,Horace Slughorn,"All right!  I'll do it.  But I'll be wanting Professor Merrythought's old office, not that water closet I had formerly. And I expect a raise!  These are mad times we live in!  Mad!",6,33
Harry Potter and the Half-Blood Prince,Horace Slughorn,Harry Potter,"Sir, exactly what was that all --",6,7
Harry Potter and the Half-Blood Prince,Horace Slughorn,Albus Dumbledore,"You are talented, famous and powerful -- everything Horace values.  Professor Slughorn is going to try to collect you, Harry.  You would be his crowning jewel.  That is why he is returning to Hogwarts.  And it is crucial he return...",6,40
Harry Potter and the Half-Blood Prince,Horace Slughorn,Albus Dumbledore,"I fear I may have stolen a wondrous night from you, Harry. She was, truthfully, very pretty. The girl.",6,19
Harry Potter and the Half-Blood Prince,Horace Slughorn,Harry Potter,"It's alright, sir.  I'll go back tomorrow, make some excuse --",6,11
Harry Potter and the Half-Blood Prince,Horace Slughorn,Albus Dumbledore,"You'll not be going back to Little Whinging tonight, Harry.",6,10
Harry Potter and the Half-Blood Prince,Horace Slughorn,Harry Potter,"But, sir.  What about Hedwig?  And there's my trunk --",6,10
Harry Potter and the Half-Blood Prince,Horace Slughorn,Albus Dumbledore,Both are waiting for you.,6,5
Harry Potter and the Half-Blood Prince,What Could Be Safer?,Molly Weasley,You're worse than Fred and George.,6,6
Harry Potter and the Half-Blood Prince,What Could Be Safer?,Ginny Weasley,Now you're joking.  I was only wondering when Harry got here.,6,11
Harry Potter and the Half-Blood Prince,What Could Be Safer?,Ginny Weasley,"Harry Dimpleton.  Harry Potter, of course.",6,6
Harry Potter and the Half-Blood Prince,What Could Be Safer?,Molly Weasley,"I think I'd know if Harry Potter was in my house, wouldn't I?",6,13
Harry Potter and the Half-Blood Prince,What Could Be Safer?,Ginny Weasley,Well his trunk's in the kitchen. And his owl.,6,9
Harry Potter and the Half-Blood Prince,What Could Be Safer?,Ron Weasley,Harry?  Did someone say Harry?,6,5
Harry Potter and the Half-Blood Prince,What Could Be Safer?,Ginny Weasley,"Me, nosy.  Is he up there with you?",6,8
Harry Potter and the Half-Blood Prince,What Could Be Safer?,Ron Weasley,"'Course not.  Think I'd know if my best friend was in my room, wouldn't I?",6,15
Harry Potter and the Half-Blood Prince,What Could Be Safer?,Hermione Granger,Was that an owl I heard?,6,6
Harry Potter and the Half-Blood Prince,What Could Be Safer?,Ginny Weasley,"Harry's.  Haven't seen him, have you?  Apparently, he's wandering about the house.",6,12
Harry Potter and the Half-Blood Prince,What Could Be Safer?,Molly Weasley,But why didn't you tell us you were coming?,6,9
Harry Potter and the Half-Blood Prince,What Could Be Safer?,Molly Weasley,"That man.  But then, what would we do without him?  Ron!",6,11
Harry Potter and the Half-Blood Prince,What Could Be Safer?,Hermione Granger,"A few days ago.  Though... for a bit, I wasn't sure I was coming.",6,14
Harry Potter and the Half-Blood Prince,What Could Be Safer?,Ron Weasley,Mum sort of lost it last week. Said Ginny and I had no business going back to Hogwarts.  That it's too dangerous.,6,22
Harry Potter and the Half-Blood Prince,What Could Be Safer?,Hermione Granger,She's not alone.  Even my parents -- and they're Muggles -- know something bad is happening.,6,16
Harry Potter and the Half-Blood Prince,What Could Be Safer?,Ron Weasley,"Anyway, Dad stepped in, told her she was being barmy.  Took a day or two, but she came round.",6,19
Harry Potter and the Half-Blood Prince,What Could Be Safer?,Harry Potter,But we're talking about Hogwarts. Dumbledore. What could be safer?,6,10
Harry Potter and the Half-Blood Prince,What Could Be Safer?,Hermione Granger,There's been a lot of chatter lately.  That he's gotten... old.,6,11
Harry Potter and the Half-Blood Prince,What Could Be Safer?,Harry Potter,Rubbish.  He's only -- what?,6,5
Harry Potter and the Half-Blood Prince,What Could Be Safer?,Ron Weasley,A hundred and fifty.  Give or take a few years.,6,10
Harry Potter and the Half-Blood Prince,What Could Be Safer?,George Weasley,And just in time for school...,6,6
Harry Potter and the Half-Blood Prince,What Could Be Safer?,George Weasley,"Pocket that and you'll pay in more than Galleons, my friend.",6,11
Harry Potter and the Half-Blood Prince,What Could Be Safer?,Fred Weasley,We've got eyes in the back of our heads.,6,9
Harry Potter and the Half-Blood Prince,What Could Be Safer?,Fred Weasley,A real money spinner that.,6,5
Harry Potter and the Half-Blood Prince,What Could Be Safer?,Fred Weasley,"Handy if you need to make a quick escape.  Hello, ladies!",6,11
Harry Potter and the Half-Blood Prince,What Could Be Safer?,George Weasley,"Yes, they do really work.",6,5
Harry Potter and the Half-Blood Prince,What Could Be Safer?,Fred Weasley,"Then again, the way we hear it, sis, you're doing just fine on your own.",6,15
Harry Potter and the Half-Blood Prince,What Could Be Safer?,Fred Weasley,Are you not currently dating Dean Thomas?,6,7
Harry Potter and the Half-Blood Prince,What Could Be Safer?,Fred Weasley,Aren't they now.  Pygmy Puffs. Can't breed them fast enough.,6,10
Harry Potter and the Half-Blood Prince,What Could Be Safer?,Hermione Granger,How is it Fred and George are doing it?  Half the alley's closed down.,6,14
Harry Potter and the Half-Blood Prince,What Could Be Safer?,Ron Weasley,Fred reckons people need a laugh these days.,6,8
Harry Potter and the Half-Blood Prince,What Could Be Safer?,Hermione Granger,But everyone got their wands from Ollivander.  Young.  Old...,6,9
Harry Potter and the Half-Blood Prince,What Could Be Safer?,Harry Potter,Good.  Bad.  Speaking of which...,6,5
Harry Potter and the Half-Blood Prince,What Could Be Safer?,Ron Weasley,Is it just me?  Or do Draco and mummy look like two people who don't want to be followed?,6,19
Harry Potter and the Half-Blood Prince,What Could Be Safer?,Harry Potter,I don't know.  I'm turned around.,6,6
Harry Potter and the Half-Blood Prince,What Could Be Safer?,Luna Lovegood,There's an article on Wrackspurts this month.  Quibbler...?,6,8
Harry Potter and the Half-Blood Prince,What Could Be Safer?,Luna Lovegood,"He's lovely.  They've been known to sing on Boxing Day, you know. Quibbler?",6,13
Harry Potter and the Half-Blood Prince,What Could Be Safer?,Luna Lovegood,They're invisible creatures that float in through your ears and make your brain go fuzzy. Quibbler?  Quibbler?,6,17
Harry Potter and the Half-Blood Prince,What Could Be Safer?,Harry Potter,"Don't you see, it was a ceremony. An initiation.",6,9
Harry Potter and the Half-Blood Prince,What Could Be Safer?,Hermione Granger,"Stop, Harry, I know where you're going with this --",6,10
Harry Potter and the Half-Blood Prince,What Could Be Safer?,Harry Potter,It's happened.  He's one of them.,6,6
Harry Potter and the Half-Blood Prince,What Could Be Safer?,Hermione Granger,Harry is under the impression that Draco Malfoy is now a Death Eater.,6,13
Harry Potter and the Half-Blood Prince,What Could Be Safer?,Ron Weasley,You're barking.  What would You- Know-Who want with a sod like Malfoy?,6,12
Harry Potter and the Half-Blood Prince,What Could Be Safer?,Harry Potter,So what's he doing in Borgin and Burke's?  Browsing for furniture?,6,11
Harry Potter and the Half-Blood Prince,What Could Be Safer?,Ron Weasley,It's a creepy shop.  He's a creepy bloke.,6,8
Harry Potter and the Half-Blood Prince,What Could Be Safer?,Harry Potter,"Look.  His father's a Death Eater. It only makes sense.  Besides, Hermione saw it.  With her own eyes.",6,18
Harry Potter and the Half-Blood Prince,What Could Be Safer?,Hermione Granger,I told you.  I don't know what I saw.,6,9
Harry Potter and the Half-Blood Prince,That's For My Father,Draco Malfoy,Hogwarts.  What a pathetic excuse for a school.  I think I'd pitch myself off the Astronomy Tower if I thought I had to continue on for another two years.,6,29
Harry Potter and the Half-Blood Prince,That's For My Father,Draco Malfoy,Let's just say I don't think you'll be seeing me wasting my time in Charms Class next year.,6,18
Harry Potter and the Half-Blood Prince,That's For My Father,Draco Malfoy,"Amused, Blaise?  We'll see just who's laughing in the end.",6,10
Harry Potter and the Half-Blood Prince,That's For My Father,Ron Weasley,Probably on the platform.  C'mon.,6,5
Harry Potter and the Half-Blood Prince,That's For My Father,Draco Malfoy,You two go on.  I want to check something.,6,9
Harry Potter and the Half-Blood Prince,That's For My Father,Draco Malfoy,"Didn't mummy ever tell you it's bad manners to eavesdrop, Potter? Petrificus Totalus!",6,13
Harry Potter and the Half-Blood Prince,That's For My Father,Draco Malfoy,"Oh, right, she was dead before you could wipe the drool off your chin.",6,14
Harry Potter and the Half-Blood Prince,That's For My Father,Draco Malfoy,Enjoy the ride back to London.,6,6
Harry Potter and the Half-Blood Prince,That's For My Father,Luna Lovegood,Wrackspurts. Your head's full of them.,6,6
Harry Potter and the Half-Blood Prince,That's For My Father,Harry Potter,"Sorry I made you miss the carriages, Luna.",6,8
Harry Potter and the Half-Blood Prince,That's For My Father,Luna Lovegood,It's alright.  I enjoyed our walk. It was like being with a friend.,6,13
Harry Potter and the Half-Blood Prince,That's For My Father,Harry Potter,"I am your friend, Luna.",6,5
Harry Potter and the Half-Blood Prince,That's For My Father,Harry Potter,"Professor Flitwick, you've known me for five years.",6,8
Harry Potter and the Half-Blood Prince,That's For My Father,Draco Malfoy,"It's a not a cane, you cretin. It's a walking stick.",6,11
Harry Potter and the Half-Blood Prince,That's For My Father,Argus Filch,And what exactly would you be wanting with a walking stick?,6,11
Harry Potter and the Half-Blood Prince,That's For My Father,Draco Malfoy,Is my father's.  He's not dead.,6,6
Harry Potter and the Half-Blood Prince,That's For My Father,Severus Snape,"It's alright, Mr. Filch.  I can vouch for Mr. Malfoy.",6,10
Harry Potter and the Half-Blood Prince,That's For My Father,Luna Lovegood,Would you like me to fix it? Personally I think you look a bit more devil-may-care this way.  But it's up to you.,6,23
Harry Potter and the Half-Blood Prince,That's For My Father,Harry Potter,Have you ever fixed one?  A nose.,6,7
Harry Potter and the Half-Blood Prince,That's For My Father,Luna Lovegood,No.  But I've done several toes and how different are they really?,6,12
Harry Potter and the Half-Blood Prince,That's For My Father,Harry Potter,What the hell.  Give it a go.,6,7
Harry Potter and the Half-Blood Prince,That's For My Father,Harry Potter,Well?  How do I look?,6,5
Harry Potter and the Half-Blood Prince,Dark Forces,Ron Weasley,Don' you worry.  He'll be 'long soon 'nuff --,6,9
Harry Potter and the Half-Blood Prince,Dark Forces,Hermione Granger,Will.  You.  Stop.  Eating!  Your best friend is missing!,6,9
Harry Potter and the Half-Blood Prince,Dark Forces,Ron Weasley,"Oi!  Turn around, you lunatic.",6,5
Harry Potter and the Half-Blood Prince,Dark Forces,Ginny Weasley,He's covered in blood again.  Why is it he's always covered in blood?,6,13
Harry Potter and the Half-Blood Prince,Dark Forces,Ron Weasley,Looks like his own this time.,6,6
Harry Potter and the Half-Blood Prince,Dark Forces,Hermione Granger,"Where've you been, Harry?  And what happened to your face?",6,10
Harry Potter and the Half-Blood Prince,Dark Forces,Ron Weasley,"Sorting Hat urged us all to be brave and strong in these troubled times -- easy for it to say -- it's a hat, isn't it?  First Years seemed to enjoy it, though. Wankers. Filch give you the wand outside?",6,40
Harry Potter and the Half-Blood Prince,Dark Forces,Hermione Granger,What's happened to his hand?,6,5
Harry Potter and the Half-Blood Prince,Dark Forces,Albus Dumbledore,"The very best of evenings to you! First off, please join me in welcoming the newest member of our staff, Horace Slughorn.",6,22
Harry Potter and the Half-Blood Prince,Dark Forces,Albus Dumbledore,"Professor Slughorn, I'm happy to say, has agreed to resume his old post of Potions master.  Meanwhile the post of Defense Against the Dark Arts will be assumed by Professor Snape.",6,31
Harry Potter and the Half-Blood Prince,Dark Forces,Albus Dumbledore,"Now, as you know, each and every one of you was searched upon your arrival tonight.  You have a right to know why.",6,23
Harry Potter and the Half-Blood Prince,Dark Forces,Albus Dumbledore,"Once there was a young man who, like you, sat in this very Hall. Walked this castle's corridors. Slept beneath its roof.  He seemed, to all the world, a student like any other.  His name? Tom Riddle. The Hall goes utterly silent.",6,42
Harry Potter and the Half-Blood Prince,Dark Forces,Albus Dumbledore,"Today, of course, the world knows him by another name.  Which is why, as I stand looking out upon you all tonight, I am reminded of a sobering fact.  Each day, every hour, this very minute perhaps, dark forces attempt to penetrate this castle.  But in the end, their greatest weapon remains... you.",6,53
Harry Potter and the Half-Blood Prince,Dark Forces,Albus Dumbledore,"Just something to keep in mind. Now, off to bed.  Pip pip!",6,12
Harry Potter and the Half-Blood Prince,Dark Forces,Minerva McGonagall,"History of Magic is up, ladies, not down.  Mr. Davies -- that's the girl's toilet...",6,15
Harry Potter and the Half-Blood Prince,Dark Forces,Harry Potter,"Well, you see, I've got an open period this morning, Professor --",6,12
Harry Potter and the Half-Blood Prince,Dark Forces,Minerva McGonagall,So I noticed.  I would think you'd want to fill it with Potions.  Or is it no longer your ambition to become an Auror?,6,24
Harry Potter and the Half-Blood Prince,Dark Forces,Harry Potter,It is.  Or was.  But I was told I had to get an Outstanding in my,6,16
Harry Potter and the Half-Blood Prince,Dark Forces,Minerva McGonagall,"And so you did when Professor Snape was teaching Potions. However, Professor Slughorn is perfectly happy to accept N.E.W.T. students with 'Exceeds Expectations.'",6,23
Harry Potter and the Half-Blood Prince,Dark Forces,Harry Potter,Really?  Well... brilliant.  I'll head there straight away.,6,8
Harry Potter and the Half-Blood Prince,Dark Forces,Minerva McGonagall,Good.  And take Weasley with you. He looks far too happy over there.,6,13
Harry Potter and the Half-Blood Prince,Dark Forces,Ron Weasley,But I don't want to take Potions!,6,7
Harry Potter and the Half-Blood Prince,The Half Blood Prince,Horace Slughorn,Harry m'boy!  I was beginning to worry!  And I see we've brought someone with us...,6,15
Harry Potter and the Half-Blood Prince,The Half Blood Prince,Ron Weasley,"Ron Weasley, sir.  But I'm dead awful at Potions, a menace actually, so I probably should just be going --",6,20
Harry Potter and the Half-Blood Prince,The Half Blood Prince,Horace Slughorn,"Nonsense, we'll sort you out.  Any friend of Harry's is a friend of mine.  Right then, books out --",6,19
Harry Potter and the Half-Blood Prince,The Half Blood Prince,Harry Potter,"Um, sorry, sir, but I haven't got my book yet -- nor's Ron.  You see --",6,16
Harry Potter and the Half-Blood Prince,The Half Blood Prince,Horace Slughorn,Not to worry.  You can get what you need from the cupboard.,6,12
Harry Potter and the Half-Blood Prince,The Half Blood Prince,Horace Slughorn,"Now, as I was saying, I've prepared a few concoctions this morning.  Any ideas what these might be?  Yes, Miss...?",6,20
Harry Potter and the Half-Blood Prince,The Half Blood Prince,Hermione Granger,"Granger, sir.  That one there is Veritaserum.  And that would be Polyjuice Potion.  And that is Amortentia! The most powerful love potion in the world.",6,25
Harry Potter and the Half-Blood Prince,The Half Blood Prince,Hermione Granger,"It's rumored to smell differently to each person, according to what attracts them.  For example, I smell freshly mown grass and new parchment and spearmint toothpaste --",6,27
Harry Potter and the Half-Blood Prince,The Half Blood Prince,Horace Slughorn,One of my best friends is Muggle- born.  She's the best in our year...,6,14
Harry Potter and the Half-Blood Prince,The Half Blood Prince,Horace Slughorn,"Now Amortentia doesn't create actual love, of course.  That's impossible.  But it does cause a powerful infatuation or obsession. For that reason, it is probably the most dangerous potion in this room.",6,32
Harry Potter and the Half-Blood Prince,The Half Blood Prince,Horace Slughorn,"What you see before you, ladies and gentlemen, is a curious little potion known as Felix Felicis. But it is more commonly referred to as --",6,26
Harry Potter and the Half-Blood Prince,The Half Blood Prince,Horace Slughorn,"Yes, Miss Granger.  Desperately tricky to make.  Disastrous should you get it wrong.  But brewed correctly, as this has been, it has remarkable powers.  One sip and you will find that all your endeavors succeed... at least until the effects wear off.",6,42
Harry Potter and the Half-Blood Prince,The Half Blood Prince,Horace Slughorn,"Because taken in excess it causes giddiness, recklessness and dangerous overconfidence.",6,11
Harry Potter and the Half-Blood Prince,The Half Blood Prince,Horace Slughorn,Twice.  Once when I was twenty- four.  Once when I was fifty- seven.  Two tablespoons taken at breakfast.  Two perfect days...,6,21
Harry Potter and the Half-Blood Prince,The Half Blood Prince,Horace Slughorn,"So.  This is what I offer each of you today.  One tiny vial of liquid luck... to the student who, in the hour that remains, manages to brew an acceptable Draught of Living Death, the recipe for which can be found on page ten of your textbook.",6,47
Harry Potter and the Half-Blood Prince,The Half Blood Prince,Horace Slughorn,"You should know that in all the years of my previous tenure at Hogwarts, not once did a student brew a potion of sufficient quality to claim this prize.  In any event -- good luck.",6,35
Harry Potter and the Half-Blood Prince,The Half Blood Prince,Hermione Granger,How did you do that?,6,5
Harry Potter and the Half-Blood Prince,The Half Blood Prince,Harry Potter,Crush it.  Don't cut it.,6,5
Harry Potter and the Half-Blood Prince,The Half Blood Prince,Hermione Granger,No.  The instructions specifically say to cut.,6,7
Harry Potter and the Half-Blood Prince,The Half Blood Prince,Horace Slughorn,"Merlin's Beard!  But it's perfect. So perfect I daresay one sip would kill us all!  Your mother was a dab hand at potions, but this... My, my, what can't you do, m'boy? Perhaps you will save us all in the end...",6,41
Harry Potter and the Half-Blood Prince,The Half Blood Prince,Horace Slughorn,"Here you are then, as promised. One bottle of Felix Felicis.  Use it well.",6,14
Harry Potter and the Half-Blood Prince,The Secret Riddle,Albus Dumbledore,"Good evening, Harry.  You got my message, I see.  Come, come.  Sit.",6,12
Harry Potter and the Half-Blood Prince,The Secret Riddle,Albus Dumbledore,"Enjoying your classes?  Professor Slughorn, for one, is most impressed with you.",6,12
Harry Potter and the Half-Blood Prince,The Secret Riddle,Harry Potter,"I think he overestimates my abilities, sir.",6,7
Harry Potter and the Half-Blood Prince,The Secret Riddle,Albus Dumbledore,And what of your activities outside the classroom?  Do they bring you satisfaction?,6,13
Harry Potter and the Half-Blood Prince,The Secret Riddle,Albus Dumbledore,I notice you spend a great deal of time with Miss Granger.  One can't help but wonder if --,6,19
Harry Potter and the Half-Blood Prince,The Secret Riddle,Harry Potter,No!  I mean... she's brilliant. And we're friends.  But... no.,6,10
Harry Potter and the Half-Blood Prince,The Secret Riddle,Albus Dumbledore,"... I was merely curious. In any event, I'm sure you're wondering why I've summoned you here tonight.  The answer lies here.",6,22
Harry Potter and the Half-Blood Prince,The Secret Riddle,Albus Dumbledore,What you see before you are memories.  In this case pertaining to one individual:  Voldemort.  Or as he was known then... Tom Riddle.,6,23
Harry Potter and the Half-Blood Prince,The Secret Riddle,Albus Dumbledore,This vial contains a most particular memory -- of the day I first met him.  I'd like you to see it.  If you would...,6,24
Harry Potter and the Half-Blood Prince,The Secret Riddle,Albus Dumbledore,I am not family.  But his name has been known to me since birth.,6,14
Harry Potter and the Half-Blood Prince,The Secret Riddle,Albus Dumbledore,Perhaps you could give me an example.,6,7
Harry Potter and the Half-Blood Prince,The Secret Riddle,Albus Dumbledore,"How do you do, Tom.",6,5
Harry Potter and the Half-Blood Prince,The Secret Riddle,Tom Riddle,"You're the doctor, aren't you?",6,5
Harry Potter and the Half-Blood Prince,The Secret Riddle,Albus Dumbledore,No.  I am a Professor.,6,5
Harry Potter and the Half-Blood Prince,The Secret Riddle,Tom Riddle,"I don't believe you.  I hear Mrs. Cole talking, her and the rest of the staff.  They want me looked at.  They think I'm different.",6,25
Harry Potter and the Half-Blood Prince,The Secret Riddle,Albus Dumbledore,Hogwarts is not a place for mad people.,6,8
Harry Potter and the Half-Blood Prince,The Secret Riddle,Albus Dumbledore,It's a school.  A school of... magic.,6,7
Harry Potter and the Half-Blood Prince,The Secret Riddle,Albus Dumbledore,"You can do things, can't you, Tom? Things the other children can't.",6,12
Harry Potter and the Half-Blood Prince,The Secret Riddle,Albus Dumbledore,"Tell me some of the things you can do, Tom.",6,10
Harry Potter and the Half-Blood Prince,The Secret Riddle,Tom Riddle,I can make things move -- without touching them.  I can make animals do what I want without training them.  I can make bad things happen to people who are mean to me.  I can make them hurt... if I want.,6,41
Harry Potter and the Half-Blood Prince,The Secret Riddle,Albus Dumbledore,"I'm like you, Tom.  Different.",6,5
Harry Potter and the Half-Blood Prince,The Secret Riddle,Albus Dumbledore,"I think there is something trying to get out of your wardrobe, Tom. Open it.  Open.  It.",6,17
Harry Potter and the Half-Blood Prince,The Secret Riddle,Albus Dumbledore,Is there anything in that box you ought not to have?,6,11
Harry Potter and the Half-Blood Prince,The Secret Riddle,Albus Dumbledore,"Why did you want these things, Tom?",6,7
Harry Potter and the Half-Blood Prince,The Secret Riddle,Tom Riddle,I like having things that belonged to other people.  It makes me feel ... close to them.,6,17
Harry Potter and the Half-Blood Prince,The Secret Riddle,Albus Dumbledore,"Thievery is not tolerated at Hogwarts.  At Hogwarts, you will be taught not only how to use magic, but to control it. Understood? I'll be going now, Tom.  Leave your window open tonight.  An owl will bring you a message.  Read it carefully.",6,43
Harry Potter and the Half-Blood Prince,The Secret Riddle,Tom Riddle,I can speak to snakes too.,6,6
Harry Potter and the Half-Blood Prince,The Secret Riddle,Tom Riddle,They find me.  Whisper things.  Is that normal.  For someone like me?,6,12
Harry Potter and the Half-Blood Prince,The Secret Riddle,Albus Dumbledore,It is unusual.  But not unheard of.,6,7
Harry Potter and the Half-Blood Prince,The Secret Riddle,Harry Potter,"Did you know, sir?  Then?",6,5
Harry Potter and the Half-Blood Prince,The Secret Riddle,Albus Dumbledore,Did I know that I had just met the most dangerous Dark Wizard of all time?  No.  Had I...,6,19
Harry Potter and the Half-Blood Prince,The Secret Riddle,Albus Dumbledore,"Over time, while here at Hogwarts, Tom Riddle grew close to one particular teacher.  Can you guess which teacher that might be?",6,22
Harry Potter and the Half-Blood Prince,The Secret Riddle,Harry Potter,"You didn't bring Professor Slughorn back simply to teach Potions, did you, sir?",6,13
Harry Potter and the Half-Blood Prince,The Secret Riddle,Albus Dumbledore,"No.  I did not.  You see, Professor Slughorn possesses something I desire very dearly. And he will not part with it easily... I'd rather not divulge any more just yet, Harry.  But I promise. In time you will know everything.",6,40
Harry Potter and the Half-Blood Prince,The Secret Riddle,Harry Potter,You said Professor Slughorn would try to collect me.,6,9
Harry Potter and the Half-Blood Prince,The Secret Riddle,Harry Potter,Do you want me to let him?,6,7
Harry Potter and the Half-Blood Prince,Hermione's Helping Hand,Harry Potter,All right!  Queue up!  Excuse me...,6,6
Harry Potter and the Half-Blood Prince,Hermione's Helping Hand,Harry Potter,Thanks.  All right.  This morning I'll be putting you all through a few drills to assess your strengths.  But know this:  Just because you made the team last year does not guarantee you a spot this year.  Is that clear?,6,40
Harry Potter and the Half-Blood Prince,Hermione's Helping Hand,Ron Weasley,"Really?  Strapping guy like you, you've got a Beater's build, don't you think?  Keeper needs to be agile, quick --",6,20
Harry Potter and the Half-Blood Prince,Hermione's Helping Hand,Harry Potter,"All right.  Cormac.  Ron.  It's down to you two for Keeper.  We'll decide it with a shootout. Demelza, you'll bring the Quaffle up against Cormac.  Ginny, you'll take on Ron.",6,30
Harry Potter and the Half-Blood Prince,Hermione's Helping Hand,Ginny Weasley,"Piss off, Cormac.  How 'bout I toss you a floater?",6,10
Harry Potter and the Half-Blood Prince,Hermione's Helping Hand,Harry Potter,Quiet!  I'm Captain.  We do it my way.  Now line up.  On three. One.  Two... Three!,6,16
Harry Potter and the Half-Blood Prince,Hermione's Helping Hand,Ron Weasley,"Have to admit, thought I was going to miss that last one.  Hope Cormac's not taking it too hard.",6,19
Harry Potter and the Half-Blood Prince,Hermione's Helping Hand,Ron Weasley,"Has a bit of a thing for you, Hermione.  Cormac.",6,10
Harry Potter and the Half-Blood Prince,Hermione's Helping Hand,Harry Potter,Ever heard of this spell?,6,5
Harry Potter and the Half-Blood Prince,Hermione's Helping Hand,Hermione Granger,No I have not. And if you had a shred of self-respect you would turn that book in.,6,18
Harry Potter and the Half-Blood Prince,Hermione's Helping Hand,Ron Weasley,"Not bloody likely.  He's top of the class.  Even better than you, Hermione.  Slughorn thinks he's a genius.",6,18
Harry Potter and the Half-Blood Prince,Hermione's Helping Hand,Hermione Granger,"I'd like to know just whose book that was.  Let's take a look, shall we?",6,15
Harry Potter and the Half-Blood Prince,Hermione's Helping Hand,Harry Potter,It's... old.  The binding is fragile.,6,6
Harry Potter and the Half-Blood Prince,Hermione's Helping Hand,Ginny Weasley,That's what it says.  Right here. 'This Book is the Property of the Half-Blood Prince.',6,15
Harry Potter and the Half-Blood Prince,Hermione's Helping Hand,Hermione Granger,"For weeks you carry around this book, practically sleep with it... and you have no desire to find out who The Half-Blood Prince is?",6,24
Harry Potter and the Half-Blood Prince,Hermione's Helping Hand,Harry Potter,"I didn't say I wasn't curious. And, by the way, I don't sleep with it.",6,15
Harry Potter and the Half-Blood Prince,Hermione's Helping Hand,Ron Weasley,"Yeah. Right. Well, it's true.  I like a nice chat before I go to bed.  Now you're always reading that bloody book.  It's like being with Hermione.",6,27
Harry Potter and the Half-Blood Prince,Hermione's Helping Hand,Hermione Granger,"Well, I was curious.  So I went to",6,8
Harry Potter and the Half-Blood Prince,Hermione's Helping Hand,Hermione Granger,And... nothing.  There's no reference to the Half-Blood Prince anywhere.,6,10
Harry Potter and the Half-Blood Prince,Hermione's Helping Hand,Harry Potter,Good.  That settles it then.,6,5
Harry Potter and the Half-Blood Prince,Cursed Necklace,Hermione Granger,"What've you got there, Hagrid?",6,5
Harry Potter and the Half-Blood Prince,Cursed Necklace,Rubeus Hagrid,Stinksap.  Burn the whiskers right off yer chin.  Trees 'ere are drippin' with it.,6,14
Harry Potter and the Half-Blood Prince,Cursed Necklace,Hermione Granger,"Stinksap?  You're not sick, are you?",6,6
Harry Potter and the Half-Blood Prince,Cursed Necklace,Rubeus Hagrid,"It's not fer me.  It's fer Aragog. Yeh remember Aragog, don' yeh?",6,12
Harry Potter and the Half-Blood Prince,Cursed Necklace,Ron Weasley,Spider?  About six feet tall?  Ten feet wide?,6,8
Harry Potter and the Half-Blood Prince,Cursed Necklace,Rubeus Hagrid,Tha's the one.  He's taken ill. I'm hopin' ter nurse 'im back. Keep yer fingers crossed.,6,16
Harry Potter and the Half-Blood Prince,Cursed Necklace,Ron Weasley,Barking.  Does he not remember that raving arachnid tried to eat us? What?,6,13
Harry Potter and the Half-Blood Prince,Cursed Necklace,Hermione Granger,"The Aurors. I know they're here to protect us, but... somehow I don't feel any safer.",6,16
Harry Potter and the Half-Blood Prince,Cursed Necklace,Horace Slughorn,Filius!  I was hoping to find you at the Three Broomsticks.,6,11
Harry Potter and the Half-Blood Prince,Cursed Necklace,Harry Potter,Who's up for a Butterbeer?,6,5
Harry Potter and the Half-Blood Prince,Cursed Necklace,Harry Potter,"No, no.  Sit next to me.",6,6
Harry Potter and the Half-Blood Prince,Cursed Necklace,Hermione Granger,"Three Butterbeers.  Splash of ginger in mine, please.",6,8
Harry Potter and the Half-Blood Prince,Cursed Necklace,Hermione Granger,"Oh, honestly, Ronald.  They're just holding hands...",6,7
Harry Potter and the Half-Blood Prince,Cursed Necklace,Hermione Granger,Leave?  You can't be serious.,6,5
Harry Potter and the Half-Blood Prince,Cursed Necklace,Ron Weasley,That happens to be my sister.,6,6
Harry Potter and the Half-Blood Prince,Cursed Necklace,Hermione Granger,So?  What if she looked over here and saw you snogging me?  Would you expect her to get up and leave?,6,21
Harry Potter and the Half-Blood Prince,Cursed Necklace,Harry Potter,"Hello, sir.  Wonderful to see you.",6,6
Harry Potter and the Half-Blood Prince,Cursed Necklace,Harry Potter,"So what brings you here, sir?",6,6
Harry Potter and the Half-Blood Prince,Cursed Necklace,Horace Slughorn,"Oh, the Three Broomsticks and I go way back.  Longer than I'd care to admit.  In fact, I remember when it was simply One Broomstick!",6,25
Harry Potter and the Half-Blood Prince,Cursed Necklace,Horace Slughorn,"Oops!  All hands on deck, Granger!",6,6
Harry Potter and the Half-Blood Prince,Cursed Necklace,Horace Slughorn,"Listen, m'boy.  In the old days, I used to throw together the occasional supper and invite a select student or two.  Would you be game?",6,25
Harry Potter and the Half-Blood Prince,Cursed Necklace,Harry Potter,"I'd consider it an honor, sir.",6,6
Harry Potter and the Half-Blood Prince,Cursed Necklace,Horace Slughorn,"You'd be welcome too, Granger.",6,5
Harry Potter and the Half-Blood Prince,Cursed Necklace,Horace Slughorn,"Brilliant.  Look for my owl. Good to see you, Wallenby.",6,10
Harry Potter and the Half-Blood Prince,Cursed Necklace,Harry Potter,Dumbledore asked me to... get to know him.,6,8
Harry Potter and the Half-Blood Prince,Cursed Necklace,Harry Potter,Dunno.  But it must be important. Otherwise Dumbledore wouldn't ask.,6,10
Harry Potter and the Half-Blood Prince,Cursed Necklace,Ron Weasley,Um... You've got a little...,6,5
Harry Potter and the Half-Blood Prince,Cursed Necklace,Ron Weasley,Bit worried about her.  Did you hear that rubbish she was talking back in the pub?  Her and me snogging.  Ha.  As if...,6,23
Harry Potter and the Half-Blood Prince,Cursed Necklace,Ron Weasley,"Harry, she's swallowing her tongue --",6,6
Harry Potter and the Half-Blood Prince,Cursed Necklace,Rubeus Hagrid,Get back!  All o' yeh!,6,5
Harry Potter and the Half-Blood Prince,Cursed Necklace,Rubeus Hagrid,Don' go touchin' tha' but by the wrappin's.  Unnerstan'?,6,9
Harry Potter and the Half-Blood Prince,Cursed Necklace,Minerva McGonagall,"You're sure Katie did not have this in her possession when she entered the Three Broomsticks, Leanne?",6,17
Harry Potter and the Half-Blood Prince,Cursed Necklace,Minerva McGonagall,Did she say to whom?,6,5
Harry Potter and the Half-Blood Prince,Cursed Necklace,Minerva McGonagall,"All right, Leanne.  You may go. Why is it always you three?  Hm? When something happens?",6,16
Harry Potter and the Half-Blood Prince,Cursed Necklace,Ron Weasley,"Believe me, Professor, I've been asking myself the same question for six years.",6,13
Harry Potter and the Half-Blood Prince,Cursed Necklace,Severus Snape,I think Miss Bell is lucky to be alive.,6,9
Harry Potter and the Half-Blood Prince,Cursed Necklace,Harry Potter,"She was cursed, wasn't she?  I know Katie.  Off the Quidditch pitch she wouldn't hurt a fly.  If she was bringing that to someone, she wasn't doing it knowingly.",6,29
Harry Potter and the Half-Blood Prince,Cursed Necklace,Minerva McGonagall,"That's a very serious accusation, Potter.",6,6
Harry Potter and the Half-Blood Prince,Cursed Necklace,Severus Snape,"You... just... know.  Once again you astonish with your gifts, Potter, gifts mere mortals could only dream of possessing.  How grand it must be to be the Chosen One.",6,29
Harry Potter and the Half-Blood Prince,Cursed Necklace,Minerva McGonagall,I suggest you return to your dormitory.  All of you.,6,10
Harry Potter and the Half-Blood Prince,Cursed Necklace,Ron Weasley,What do you suppose Dean sees in her?  Ginny.,6,9
Harry Potter and the Half-Blood Prince,Cursed Necklace,Harry Potter,What does she see in him?,6,6
Harry Potter and the Half-Blood Prince,Cursed Necklace,Harry Potter,You called him a slick git not five hours ago.,6,10
Harry Potter and the Half-Blood Prince,Cursed Necklace,Ron Weasley,"Yeah, well, he was running his hands all over my sister, wasn't he?  Something snaps.  You've got to hate him.  You know, on principle.",6,24
Harry Potter and the Half-Blood Prince,Cursed Necklace,Ron Weasley,So what is it?  He sees in her?,6,8
Harry Potter and the Half-Blood Prince,Cursed Necklace,Harry Potter,I don't know.  She's smart. Funny.  Attractive...,6,7
Harry Potter and the Half-Blood Prince,Cursed Necklace,Harry Potter,You know.  She's... got nice skin.,6,6
Harry Potter and the Half-Blood Prince,Cursed Necklace,Ron Weasley,Skin?  You're saying Dean's dating my sister because of her skin?,6,11
Harry Potter and the Half-Blood Prince,Cursed Necklace,Harry Potter,"Well, no.  I mean... I'm just saying it could be a contributing factor.",6,13
Harry Potter and the Half-Blood Prince,Cursed Necklace,Ron Weasley,"Hermione's got nice skin. Wouldn't you say?  As skin goes, I mean.",6,12
Harry Potter and the Half-Blood Prince,Cursed Necklace,Harry Potter,"I've never really thought about it.  But I suppose, yeah.  Very nice.",6,12
Harry Potter and the Half-Blood Prince,Cursed Necklace,Harry Potter,I think I'll be going to sleep now.,6,8
Harry Potter and the Half-Blood Prince,Slug Club,Horace Slughorn,To Hogwarts' best and brightest!,6,5
Harry Potter and the Half-Blood Prince,Slug Club,Neville Longbottom,Which one do I use for the soup?,6,8
Harry Potter and the Half-Blood Prince,Slug Club,Horace Slughorn,"So tell me, Cormac.  See much of your Uncle Tiberius these days?",6,12
Harry Potter and the Half-Blood Prince,Slug Club,Horace Slughorn,"Well, be sure to give them both my best.  What about your uncle, Belby?  Working on anything new? For those of you who don't know, Marcus' uncle invented the Wolfsbane Potion.",6,31
Harry Potter and the Half-Blood Prince,Slug Club,Horace Slughorn,"And you, Miss Granger?  What is it your family does in the Muggle world?",6,14
Harry Potter and the Half-Blood Prince,Slug Club,Hermione Granger,My parents are dentists.  They tend to people's teeth.,6,9
Harry Potter and the Half-Blood Prince,Slug Club,Horace Slughorn,Fascinating.  And is that considered a dangerous profession?,6,8
Harry Potter and the Half-Blood Prince,Slug Club,Hermione Granger,"No.  Though, a boy named Robbie Fenwick did bite my father once. Needed ten stitches.",6,15
Harry Potter and the Half-Blood Prince,Slug Club,Horace Slughorn,"Miss Weasley!  Come in, come in.",6,6
Harry Potter and the Half-Blood Prince,Slug Club,Ginny Weasley,"Sorry, I'm not ordinarily late --",6,6
Harry Potter and the Half-Blood Prince,Slug Club,Horace Slughorn,No matter.  You'll be just in time for dessert.  That is -- if Belby leaves you any.,6,17
Harry Potter and the Half-Blood Prince,Slug Club,Hermione Granger,Look at her eyes.  They've been fighting again.  Her and Dean.,6,11
Harry Potter and the Half-Blood Prince,Slug Club,Horace Slughorn,"Thank you, one and all, for a most stimulating evening.  We'll have to do it again.",6,16
Harry Potter and the Half-Blood Prince,Slug Club,Harry Potter,"Sorry, sir, I was just admiring your hourglass.",6,8
Harry Potter and the Half-Blood Prince,Slug Club,Horace Slughorn,"Ah, yes.  A most intriguing object.  The sands run in accordance to the quality of the conversation.  When it is stimulating, the sands run slow. When it is not...",6,29
Harry Potter and the Half-Blood Prince,Slug Club,Harry Potter,I think I'll be going.,6,5
Harry Potter and the Half-Blood Prince,Slug Club,Horace Slughorn,"Nonsense.  You have nothing to fear, m'boy.  As for some of your classmates, well, let's just say, they're unlikely to make the shelf.",6,23
Harry Potter and the Half-Blood Prince,Slug Club,Horace Slughorn,"Anyone who aspires to be anyone hopes to end up here.  Then again... you are already someone aren't you, Harry?",6,20
Harry Potter and the Half-Blood Prince,Slug Club,Harry Potter,"I don't really know how to answer that, sir.",6,9
Harry Potter and the Half-Blood Prince,Slug Club,Horace Slughorn,"Your mother was modest too.  Your father not so much.  As you can see, he did not make the shelf.",6,20
Harry Potter and the Half-Blood Prince,Slug Club,Harry Potter,"Did Voldemort ever make the shelf, sir?",6,7
Harry Potter and the Half-Blood Prince,Slug Club,Harry Potter,"You knew him, didn't you, sir? Tom Riddle.  You were his teacher.",6,12
Harry Potter and the Half-Blood Prince,Slug Club,Horace Slughorn,Mr. Riddle had many teachers while here at Hogwarts.,6,9
Harry Potter and the Half-Blood Prince,Slug Club,Harry Potter,"I'm sorry, sir.  Forgive me.  He killed my parents, you see...",6,11
Harry Potter and the Half-Blood Prince,Slug Club,Horace Slughorn,"Of course.  It's only natural that you should want to know more.  I'm afraid I must disappoint you, Harry.  When I first met young Mr. Riddle, he was simply a quiet, albeit brilliant, boy committed to becoming a first-rate wizard.  Not unlike the others I've known.  In fact, not unlike... you.  If the monster existed, it was buried deep within.",6,60
Harry Potter and the Half-Blood Prince,Felix Felicis,Seamus Finnigan,"Counting on you, Ron.  I've two Galleons on Gryffindor.",6,9
Harry Potter and the Half-Blood Prince,Felix Felicis,Hermione Granger,Dead boring.  Though I think Harry enjoyed dessert.,6,8
Harry Potter and the Half-Blood Prince,Felix Felicis,Hermione Granger,"Ol' Sluggy's having a Christmas do, you know.  And we're meant to bring someone...",6,14
Harry Potter and the Half-Blood Prince,Felix Felicis,Ron Weasley,I expect you'll be going with McLaggen.  Isn't he a member of the Slug Club?,6,15
Harry Potter and the Half-Blood Prince,Felix Felicis,Hermione Granger,"Actually, I was going to ask you.",6,7
Harry Potter and the Half-Blood Prince,Felix Felicis,Hermione Granger,Really.  But seeing as you have such a distaste for the idea --,6,13
Harry Potter and the Half-Blood Prince,Felix Felicis,Ron Weasley,I'm resigning.  After today's match.  McLaggen can have my spot.,6,10
Harry Potter and the Half-Blood Prince,Felix Felicis,Harry Potter,Have it your way.  Juice?,6,5
Harry Potter and the Half-Blood Prince,Felix Felicis,Luna Lovegood,"Hello, everyone.  You look dreadful, Ron.",6,6
Harry Potter and the Half-Blood Prince,Felix Felicis,Luna Lovegood,Is that why you just put something in his cup.  Is it a tonic?,6,14
Harry Potter and the Half-Blood Prince,Felix Felicis,Hermione Granger,You could be expelled for that.,6,6
Harry Potter and the Half-Blood Prince,Felix Felicis,Harry Potter,Dunno what you're talking about.,6,5
Harry Potter and the Half-Blood Prince,Felix Felicis,Ron Weasley,"C'mon, Harry.  We've got a game to win.",6,8
Harry Potter and the Half-Blood Prince,Felix Felicis,Hermione Granger,Ron seems to be enjoying himself.,6,6
Harry Potter and the Half-Blood Prince,Felix Felicis,Harry Potter,Yep.  Apparently it's his lucky day.,6,6
Harry Potter and the Half-Blood Prince,Felix Felicis,Hermione Granger,"You shouldn't have done it, Harry.",6,6
Harry Potter and the Half-Blood Prince,Felix Felicis,Harry Potter,"Yeah.  I suppose I could've just used, I dunno... a Confundus charm?",6,12
Harry Potter and the Half-Blood Prince,Felix Felicis,Hermione Granger,That was different.  It was tryouts.  This was an actual match --,6,12
Harry Potter and the Half-Blood Prince,Felix Felicis,Hermione Granger,You didn't put it in? Ron only thought you did?,6,10
Harry Potter and the Half-Blood Prince,How It Feels,Harry Potter,Ah.  Well... they're really good.,6,5
Harry Potter and the Half-Blood Prince,How It Feels,Hermione Granger,"How does it feel, Harry?  When you see Dean with Ginny? I know, Harry.  You're my best friend.  I see how you look at her.",6,25
Harry Potter and the Half-Blood Prince,How It Feels,Ron Weasley,"Look, I can't help it if she's got her knickers in a twist.  What Lav and I have -- well, let's just say there was no stopping it.  It's chemical.  Will it last?  Who knows?  Point is, I'm a free agent.",6,41
Harry Potter and the Half-Blood Prince,How It Feels,Hermione Granger,"He's at perfect liberty to kiss whomever he likes.  I really couldn't care less.  Was I under the impression that he and I would be attending Slughorn's Christmas party together?  Yes.  Of course, now, given the circumstances, I've had to make other arrangements.",6,43
Harry Potter and the Half-Blood Prince,How It Feels,Harry Potter,"I just thought, you know, since neither one of us can take who we'd really like... maybe we'd go together.  As friends.",6,22
Harry Potter and the Half-Blood Prince,How It Feels,Hermione Granger,Why didn't I think of that?,6,6
Harry Potter and the Half-Blood Prince,How It Feels,Harry Potter,So who are you taking?,6,5
Harry Potter and the Half-Blood Prince,How It Feels,Hermione Granger,"Um... it's a surprise.  Besides, it's you we need to worry about. And you can't pick just anyone. See that girl over there.  That's Romilda Vane.  Rumor has it she's trying to slip you a love potion.",6,37
Harry Potter and the Half-Blood Prince,How It Feels,Hermione Granger,"Hey! She's only interested in you because she thinks you're the Chosen One.  You know that, right?",6,17
Harry Potter and the Half-Blood Prince,How It Feels,Harry Potter,But I am the Chosen One.,6,6
Harry Potter and the Half-Blood Prince,How It Feels,Harry Potter,Okay.  Kidding.  I'll just ask someone I like.  Someone cool.,6,10
Harry Potter and the Half-Blood Prince,Free Agents,Luna Lovegood,"I've never been to this part of the castle.  At least not while awake.  I sleepwalk, you see. It's why I wear shoes to bed.",6,25
Harry Potter and the Half-Blood Prince,Free Agents,Horace Slughorn,"Someone has taken a BITE out of it. Thank you, Adrian! One of mine.  Class of '78.  I had hoped for more out of him, but at least the pictures are in focus. Oh my!  Excuse me, Harry.  I must greet the new Minister of Magical Transportation.  Class of '67. Mingle, m'boy!  Mingle!  We're all friends here.  And we run the world.",6,62
Harry Potter and the Half-Blood Prince,Free Agents,Neville Longbottom,I didn't make the cut for the Slug Club.  It's okay.  He's got Belby handing out towels in the loo.,6,20
Harry Potter and the Half-Blood Prince,Free Agents,Harry Potter,And what's happened to you?,6,5
Harry Potter and the Half-Blood Prince,Free Agents,Hermione Granger,"Hm?  Oh, I've just escaped -- I mean, left Cormac.  Under the mistletoe.",6,13
Harry Potter and the Half-Blood Prince,Free Agents,Harry Potter,Cormac!  That's who you invited!,6,5
Harry Potter and the Half-Blood Prince,Free Agents,Hermione Granger,I thought it would annoy Ron most. But he's a menace.  He's got more tentacles than a Snarfalump plant.,6,19
Harry Potter and the Half-Blood Prince,Free Agents,Hermione Granger,"On second thought -- maybe it'll keep Cormac at bay.  Oh no, here he comes!",6,15
Harry Potter and the Half-Blood Prince,Free Agents,Harry Potter,I think she went to powder her nose.,6,8
Harry Potter and the Half-Blood Prince,Free Agents,Severus Snape,What's going on back here?,6,5
Harry Potter and the Half-Blood Prince,Free Agents,Severus Snape,"You've just bought yourself a month's detention, McLaggen.",6,8
Harry Potter and the Half-Blood Prince,Free Agents,Harry Potter,"I think I should rejoin the party, sir.  My date...",6,10
Harry Potter and the Half-Blood Prince,Free Agents,Severus Snape,... can surely survive your absence for another minute or two.,6,11
Harry Potter and the Half-Blood Prince,Free Agents,Severus Snape,"Besides, I only wish to convey a message.",6,8
Harry Potter and the Half-Blood Prince,Free Agents,Severus Snape,"From Professor Dumbledore.  He asked that I give you his best and that he hopes you enjoy your holiday.  You see, he's traveling and won't return until term resumes.",6,29
Harry Potter and the Half-Blood Prince,Free Agents,Draco Malfoy,"Take your hands off me,  you filthy squib!",6,8
Harry Potter and the Half-Blood Prince,Free Agents,Argus Filch,"Professor Slughorn, sir!  I've just discovered this boy lurking in an upstairs corridor.  He claims to have been invited to your party.",6,22
Harry Potter and the Half-Blood Prince,Free Agents,Draco Malfoy,"Okay, okay, I was gate-crashing. Happy?",6,6
Harry Potter and the Half-Blood Prince,Free Agents,Draco Malfoy,Maybe I did hex that Bell girl. Maybe I didn't.  What's it to you?,6,14
Harry Potter and the Half-Blood Prince,Free Agents,Severus Snape,I swore to protect you.  I made the Unbreakable Vow --,6,11
Harry Potter and the Half-Blood Prince,Free Agents,Draco Malfoy,I don't need protection.  I was chosen for this!  Out of all others.  Me!  And I won't fail him.,6,19
Harry Potter and the Half-Blood Prince,Free Agents,Severus Snape,"You're afraid, Draco.  You attempt to conceal it, but it's obvious. Let me assist you --",6,16
Harry Potter and the Half-Blood Prince,Free Agents,Draco Malfoy,No!  I was chosen.  This is my moment!,6,8
Harry Potter and the Half-Blood Prince,The Unbreakable Vow,Ron Weasley,Unbreakable Vow.  You're sure that's what Snape said.,6,8
Harry Potter and the Half-Blood Prince,The Unbreakable Vow,Ron Weasley,"It's just, well, you can't break an Unbreakable Vow.",6,9
Harry Potter and the Half-Blood Prince,The Unbreakable Vow,Harry Potter,"I'd worked that much out for myself, funnily enough.",6,9
Harry Potter and the Half-Blood Prince,The Unbreakable Vow,Ron Weasley,"No, you don't understand -- Oh, bloody hell...",6,8
Harry Potter and the Half-Blood Prince,The Unbreakable Vow,Ron Weasley,All she wants to do is snog me. My lips are getting chapped. Look.,6,14
Harry Potter and the Half-Blood Prince,The Unbreakable Vow,Harry Potter,I'll take your word for it.,6,6
Harry Potter and the Half-Blood Prince,The Unbreakable Vow,Harry Potter,So what happens?  If you break an Unbreakable Vow?,6,9
Harry Potter and the Half-Blood Prince,Death Eaters Attack,Molly Weasley,"Eat up, eat up, everyone!  There's more to come!",6,9
Harry Potter and the Half-Blood Prince,Death Eaters Attack,Harry Potter,"Draco's plotting something, I know it, something to do with Voldemort.  He's been given a task or a mission -- and Snape was offering to help.",6,26
Harry Potter and the Half-Blood Prince,Death Eaters Attack,Remus Lupin,Voldemort has chosen Draco Malfoy for a mission?,6,8
Harry Potter and the Half-Blood Prince,Death Eaters Attack,Harry Potter,I know it sounds mad --,6,6
Harry Potter and the Half-Blood Prince,Death Eaters Attack,Remus Lupin,"Has it occurred to you, Harry, that Snape was simply pretending to offer Draco help so that he could find out what he's up to?",6,25
Harry Potter and the Half-Blood Prince,Death Eaters Attack,Harry Potter,That's not what it sounded like.,6,6
Harry Potter and the Half-Blood Prince,Death Eaters Attack,Remus Lupin,"It comes down to whether or not you trust Dumbledore's judgement. He trusts Snape.  Therefore, I do.",6,17
Harry Potter and the Half-Blood Prince,Death Eaters Attack,Harry Potter,But Dumbledore can make mistakes. He's said it himself --,6,10
Harry Potter and the Half-Blood Prince,Death Eaters Attack,Remus Lupin,"You are!  People are disappearing, Harry.  Daily.  We can only put our trust in a handful of people. If we start fighting amongst ourselves, we're doomed.",6,26
Harry Potter and the Half-Blood Prince,Death Eaters Attack,Ginny Weasley,'Course 'tis.  Made them myself.,6,5
Harry Potter and the Half-Blood Prince,Death Eaters Attack,Arthur Weasley,You'll have to forgive Remus.  It takes its toll -- his condition.,6,12
Harry Potter and the Half-Blood Prince,Death Eaters Attack,Harry Potter,"Are you alright, Mr. Weasley?",6,5
Harry Potter and the Half-Blood Prince,Death Eaters Attack,Arthur Weasley,"We're being followed, all of us. Molly doesn't leave the house most days.  It's not been easy.",6,17
Harry Potter and the Half-Blood Prince,Death Eaters Attack,Harry Potter,Did you get my owl?,6,5
Harry Potter and the Half-Blood Prince,Death Eaters Attack,Arthur Weasley,"Yes, but I thought it best if I replied in person.  If Dumbledore's traveling, it's news to the Ministry.  But perhaps that's the way Dumbledore wants it.  As for Draco Malfoy -- I know a bit more.",6,37
Harry Potter and the Half-Blood Prince,Death Eaters Attack,Arthur Weasley,"I sent an agent to Borgin & Burkes.  From what you describe, I think what you and Ron saw at the end of the summer -- the object that Draco seemed so interested in -- was a Vanishing Cabinet.",6,39
Harry Potter and the Half-Blood Prince,Death Eaters Attack,Arthur Weasley,"They were all the rage when Voldemort first rose to power. You can imagine the appeal. Should the Death Eaters come calling, one needed only slip inside and disappear for an hour or two.  But they're tricky contraptions.  Require a tremendous amount of looking after.  Eventually they fell out of favor.",6,51
Harry Potter and the Half-Blood Prince,Death Eaters Attack,Harry Potter,What happened to it?  The one at Borgin & Burkes?,6,10
Harry Potter and the Half-Blood Prince,Death Eaters Attack,Arthur Weasley,"Harry.  You know, I went through all this before -- the last time around.  Times like these -- dark times -- do funny things to people.  It can bring them together and it can tear them apart.  Things... speed up.  It's what happens when you don't know if today will be your last.",6,53
Harry Potter and the Half-Blood Prince,Death Eaters Attack,Molly Weasley,You're sure you won't stay?,6,5
Harry Potter and the Half-Blood Prince,Death Eaters Attack,Ginny Weasley,"I don't sleep these days.  So I wash my hair.  Silly, right?",6,12
Harry Potter and the Half-Blood Prince,Death Eaters Attack,Remus Lupin,There's someone out there.  I can smell him.  There's more than one --,6,13
Harry Potter and the Half-Blood Prince,Death Eaters Attack,Arthur Weasley,"Ginny, stay with your mother!",6,5
Harry Potter and the Half-Blood Prince,Death Eaters Attack,Ginny Weasley,"No, Harry!  It's a trap!",6,5
Harry Potter and the Half-Blood Prince,Death Eaters Attack,Hermione Granger,"You have to realize who you are, Harry.",6,8
Harry Potter and the Half-Blood Prince,Death Eaters Attack,Harry Potter,"I know who I am, Hermione, alright?",6,7
Harry Potter and the Half-Blood Prince,Death Eaters Attack,Hermione Granger,Sorry. So tell me what Arthur said.,6,7
Harry Potter and the Half-Blood Prince,Death Eaters Attack,Harry Potter,"If Dumbledore's traveling places, it's news to the Ministry.  But get this:  that night at Borgin & Burkes?  It seems Draco was looking at a Vanishing Cabinet.",6,27
Harry Potter and the Half-Blood Prince,Death Eaters Attack,Hermione Granger,What would Draco want with a Vanishing Cabinet?,6,8
Harry Potter and the Half-Blood Prince,Death Eaters Attack,Hermione Granger,"He looks different, don't you think?  Draco.  Almost... ill.",6,9
Harry Potter and the Half-Blood Prince,Death Eaters Attack,Harry Potter,Who could tell the difference?,6,5
Harry Potter and the Half-Blood Prince,Death Eaters Attack,Ron Weasley,"Lav, c'mon. Of course I'll wear it.",6,7
Harry Potter and the Half-Blood Prince,Death Eaters Attack,Hermione Granger,"Excuse me, I have to go vomit.",6,7
Harry Potter and the Half-Blood Prince,Sluggish Memory,Tom Riddle,"Sir, is it true that Professor Merrythought is retiring?",6,9
Harry Potter and the Half-Blood Prince,Sluggish Memory,Horace Slughorn,"Now, Tom, I couldn't tell you if I knew, could I?  I must say, m'boy, I'd like to know where you get your information.  More knowledgeable than half the staff, you are. By the way, thank you for the pineapple -- you're quite right, it is my favorite -- how is it you knew?",6,54
Harry Potter and the Half-Blood Prince,Sluggish Memory,Horace Slughorn,"Good gracious, look at the time. Off you go, boys, or Professor Dippett will have us all in detention.  Lestrange, Avery, don't forget your essays...",6,25
Harry Potter and the Half-Blood Prince,Sluggish Memory,Horace Slughorn,"Look sharp, Tom.  You don't want to be caught out of bed after hours...",6,14
Harry Potter and the Half-Blood Prince,Sluggish Memory,Tom Riddle,I know a secret shortcut or two.,6,7
Harry Potter and the Half-Blood Prince,Sluggish Memory,Horace Slughorn,"Yes, I imagine you do.  Something on your mind, Tom?",6,10
Harry Potter and the Half-Blood Prince,Sluggish Memory,Tom Riddle,"Yes, sir.  I couldn't think of anyone else to go to.  The other professors, well, they're not like you.  They might... misunderstand.",6,22
Harry Potter and the Half-Blood Prince,Sluggish Memory,Tom Riddle,"I was in the library the other night, in the Restricted section, and I read something rather odd, about a bit of rare magic, and I thought perhaps you could illuminate me...",6,32
Harry Potter and the Half-Blood Prince,Sluggish Memory,Horace Slughorn,I don't know anything about such things and I wouldn't tell you if I did!  Now get out of here at once and don't ever let me catch you mentioning it again!,6,32
Harry Potter and the Half-Blood Prince,Sluggish Memory,Albus Dumbledore,Confused?  I would be surprised if you weren't.,6,8
Harry Potter and the Half-Blood Prince,Sluggish Memory,Harry Potter,I don't understand -- what happened?,6,6
Harry Potter and the Half-Blood Prince,Sluggish Memory,Albus Dumbledore,"This is perhaps the most important memory I've collected.  It's also a lie. This memory has been tampered with.  In this case by the person whose memory it is, our friend Professor Slughorn.",6,33
Harry Potter and the Half-Blood Prince,Sluggish Memory,Harry Potter,But why would he tamper with his own memory?,6,9
Harry Potter and the Half-Blood Prince,Sluggish Memory,Albus Dumbledore,I suspect he is ashamed of it.,6,7
Harry Potter and the Half-Blood Prince,Sluggish Memory,Albus Dumbledore,I asked you to get to know Professor Slughorn and you've done so.,6,13
Harry Potter and the Half-Blood Prince,Sluggish Memory,Albus Dumbledore,Now I want you to persuade him to divulge his true memory.  Any way you can.,6,16
Harry Potter and the Half-Blood Prince,Sluggish Memory,Harry Potter,"I don't know him that well, sir --",6,8
Harry Potter and the Half-Blood Prince,Sluggish Memory,Albus Dumbledore,"You're the Chosen One, Harry.  And Horace is, at heart, a decent man. Provide the proper circumstances and he will confess his sins.",6,23
Harry Potter and the Half-Blood Prince,Sluggish Memory,Albus Dumbledore,"This memory is everything, Harry. Without it, we are blind. Without it, we leave the fate of our world to chance.  You have no choice. You must not fail.",6,29
Harry Potter and the Half-Blood Prince,Perilous Potions,Horace Slughorn,"Now don't forget to look over the chapter on antidotes.  I'll be poisoning one of you next time we meet.  I'm joking!  Off you go! Don't forget your rattails, Miss Alys.",6,31
Harry Potter and the Half-Blood Prince,Perilous Potions,Horace Slughorn,Ah! If it isn't the Prince of Potions himself!  To what do I owe the pleasure?,6,16
Harry Potter and the Half-Blood Prince,Perilous Potions,Harry Potter,"Well, sir, I wondered if I might ask you something.",6,10
Harry Potter and the Half-Blood Prince,Perilous Potions,Horace Slughorn,"Ask away, my dear boy, ask away!",6,7
Harry Potter and the Half-Blood Prince,Perilous Potions,Harry Potter,"Well, you see, the other day I was in the Restricted Section -- in the library -- and I stumbled upon something rather odd while reading.  Something about a bit of rare magic...",6,33
Harry Potter and the Half-Blood Prince,Perilous Potions,Horace Slughorn,Yes?  And exactly what was this rare magic.,6,8
Harry Potter and the Half-Blood Prince,Perilous Potions,Harry Potter,"I'm not sure... That is, I don't recall the name... exactly.  But it got me wondering... Are there some kinds of magic you're not allowed to teach?",6,27
Harry Potter and the Half-Blood Prince,Perilous Potions,Horace Slughorn,"I'm a Potions Professor, Harry. Perhaps your question would best be posed to Professor Snape.",6,15
Harry Potter and the Half-Blood Prince,Perilous Potions,Harry Potter,"Yes, well, we don't exactly see eye-to-eye, sir.  What I mean to say is, he's not like you.  He might... misunderstand.",6,21
Harry Potter and the Half-Blood Prince,Perilous Potions,Horace Slughorn,"There can be no light without the dark.  And so it is with magic. Myself, I have always strived to live within the light.  I suggest you do the same.",6,30
Harry Potter and the Half-Blood Prince,Perilous Potions,Harry Potter,"Did you say the same to Tom Riddle, sir?  When he came asking questions.",6,14
Harry Potter and the Half-Blood Prince,Perilous Potions,Horace Slughorn,Dumbledore put you up to this. Didn't he?  Didn't he!,6,10
Harry Potter and the Half-Blood Prince,Perilous Potions,Hermione Granger,"Dead. Did you actually expect you could just walk up to Ol' Sluggy and ask him to reveal his deepest, darkest secret?  Honestly, Harry, sometimes I think the Daily Prophet should call you the Dim One.",6,36
Harry Potter and the Half-Blood Prince,Perilous Potions,Hermione Granger,"You're going to have to persuade him somehow.  And now, I'm afraid, you've made it a lot harder.",6,18
Harry Potter and the Half-Blood Prince,Perilous Potions,Harry Potter,Hermione.  I think Malfoy's leaving the castle.,6,7
Harry Potter and the Half-Blood Prince,Perilous Potions,Harry Potter,I've seen it.  Sometimes... sometimes he just disappears off the Map.,6,11
Harry Potter and the Half-Blood Prince,Perilous Potions,Hermione Granger,That's... not possible.  No one can leave the castle these days. The Map is wrong.,6,15
Harry Potter and the Half-Blood Prince,Perilous Potions,Harry Potter,The Map is never wrong.,6,5
Harry Potter and the Half-Blood Prince,Perilous Potions,Ron Weasley,"It's beautiful, isn't it?  The moon.",6,6
Harry Potter and the Half-Blood Prince,Perilous Potions,Harry Potter,"Divine.  Had ourselves a little late-night snack, did we?",6,9
Harry Potter and the Half-Blood Prince,Perilous Potions,Ron Weasley,It was on your bed.  The box. Thought I'd try one...,6,11
Harry Potter and the Half-Blood Prince,Perilous Potions,Ron Weasley,"I can't stop thinking about her, Harry.",6,7
Harry Potter and the Half-Blood Prince,Perilous Potions,Harry Potter,"Really?  Honestly, I reckoned she was starting to annoy you.",6,10
Harry Potter and the Half-Blood Prince,Perilous Potions,Ron Weasley,She could never annoy me.  I think... I think I love her.,6,12
Harry Potter and the Half-Blood Prince,Perilous Potions,Ron Weasley,Do you think she knows I exist?,6,7
Harry Potter and the Half-Blood Prince,Perilous Potions,Harry Potter,Bloody well hope so.  She's been snogging you for three months.,6,11
Harry Potter and the Half-Blood Prince,Perilous Potions,Ron Weasley,Snogging?  Who're you talking about?,6,5
Harry Potter and the Half-Blood Prince,Perilous Potions,Ron Weasley,"Romilda, of course.  Romilda Vane.",6,5
Harry Potter and the Half-Blood Prince,Perilous Potions,Harry Potter,What the hell was that for?,6,6
Harry Potter and the Half-Blood Prince,Perilous Potions,Ron Weasley,It's no joke!  I'm in love with her!,6,8
Harry Potter and the Half-Blood Prince,Perilous Potions,Harry Potter,Okay!  Fine!  You're in love with her!  Have you ever actually met her!,6,13
Harry Potter and the Half-Blood Prince,Perilous Potions,Ron Weasley,No.  Can you introduce me?,6,5
Harry Potter and the Half-Blood Prince,Perilous Potions,Harry Potter,"Ron, these chocolates, they're -- C'mon.  I'm going to introduce you to Romilda Vane.",6,14
Harry Potter and the Half-Blood Prince,Perilous Potions,Horace Slughorn,Yes???!!!! Oh.  Potter.  It's you.  I'm afraid I'm busy at the moment --,6,13
Harry Potter and the Half-Blood Prince,Perilous Potions,Harry Potter,Sir.  I'm sorry.  I wouldn't bother you if it weren't absolutely --,6,12
Harry Potter and the Half-Blood Prince,Perilous Potions,Horace Slughorn,What's the matter with Wenby?,6,5
Harry Potter and the Half-Blood Prince,Perilous Potions,Horace Slughorn,Ah.  Very well.  Bring him in.,6,6
Harry Potter and the Half-Blood Prince,Perilous Potions,Horace Slughorn,"I'd have thought you could whip up a remedy for this in no time, Harry -- an expert potioneer like you.",6,21
Harry Potter and the Half-Blood Prince,Perilous Potions,Harry Potter,"I figured this called for a more practiced hand, sir.",6,10
Harry Potter and the Half-Blood Prince,Perilous Potions,Ron Weasley,"Hello, darling.  Fancy a drink?",6,5
Harry Potter and the Half-Blood Prince,Perilous Potions,Harry Potter,"I'm sorry, sir.  About the other day.  Our... misunderstanding.",6,9
Harry Potter and the Half-Blood Prince,Perilous Potions,Horace Slughorn,"Yes, well, water under the bridge as they say, correct?",6,10
Harry Potter and the Half-Blood Prince,Perilous Potions,Harry Potter,"I mean, I'm sure you're tired of it, after all these years.  The questions.  About... Voldemort.",6,16
Harry Potter and the Half-Blood Prince,Perilous Potions,Horace Slughorn,I'll ask you not to use that name.,6,8
Harry Potter and the Half-Blood Prince,Perilous Potions,Harry Potter,"Yes, sir.  It's just, well, Dumbledore once said that fear of a name only increases fear of the thing itself.  It seemed sensible.",6,23
Harry Potter and the Half-Blood Prince,Perilous Potions,Horace Slughorn,"With all due respect, Dumbledore sometimes forgets that most of us do not possess powers so great that we can risk offending the most dangerous Dark Lord who ever lived.",6,30
Harry Potter and the Half-Blood Prince,Perilous Potions,Horace Slughorn,A tonic for the nerves.,6,5
Harry Potter and the Half-Blood Prince,Perilous Potions,Horace Slughorn,And a bloody strong one at that.,6,7
Harry Potter and the Half-Blood Prince,Perilous Potions,Horace Slughorn,"Pick-me-up's what you need, m'boy. Do us all good, I think.  I've got butterbeer, wine -- ah -- and a dazzling oak-matured mead.  I had other intentions for this but given the circumstances...",6,33
Harry Potter and the Half-Blood Prince,Perilous Potions,Horace Slughorn,"There we are, Potter.  To life!",6,6
Harry Potter and the Half-Blood Prince,Perilous Potions,Harry Potter,"Ron!  Ron!!!  Professor, help him!",6,5
Harry Potter and the Half-Blood Prince,Perilous Potions,Harry Potter,"Breathe!  C'mon, Ron, don't be a prat.  Breathe!  BREATHE!",6,9
Harry Potter and the Half-Blood Prince,Perilous Potions,Ron Weasley,"These girls are gonna kill me, Harry.",6,7
Harry Potter and the Half-Blood Prince,Perilous Potions,Albus Dumbledore,"Quick thinking on your part, Harry.  Using a Bezoar.  You must be very proud of your student, eh, Horace?",6,19
Harry Potter and the Half-Blood Prince,Perilous Potions,Horace Slughorn,Hm?  Oh.  Yes... very proud.,6,5
Harry Potter and the Half-Blood Prince,Perilous Potions,Minerva McGonagall,I think we all agree that Mr. Potter's actions were heroic.  The question is:  Why were they necessary.,6,18
Harry Potter and the Half-Blood Prince,Perilous Potions,Albus Dumbledore,"This appears to be a gift, Horace. You don't by chance remember who gave you this bottle, do you -- which by the way possesses remarkably subtle hints of licorice and cherry when not polluted with poison.",6,37
Harry Potter and the Half-Blood Prince,Perilous Potions,Horace Slughorn,Actually I had intended to give it as a gift myself.,6,11
Harry Potter and the Half-Blood Prince,Perilous Potions,Albus Dumbledore,To whom might I ask?,6,5
Harry Potter and the Half-Blood Prince,Perilous Potions,Hermione Granger,I might ask you the same.,6,6
Harry Potter and the Half-Blood Prince,Perilous Potions,Hermione Granger,I happen to be his... friend.,6,6
Harry Potter and the Half-Blood Prince,Perilous Potions,Hermione Granger,"He's been poisoned, you daft dimbo! And for the record, I've always found him interesting.",6,15
Harry Potter and the Half-Blood Prince,Perilous Potions,Ron Weasley,Er... My... Nee... Er!  My!  Nee!,6,6
Harry Potter and the Half-Blood Prince,Perilous Potions,Albus Dumbledore,"Ah, to be young and feel love's keen sting.  Come, everyone, I think Mr. Weasley is well tended.",6,18
Harry Potter and the Half-Blood Prince,Perilous Potions,Ginny Weasley,"'Bout time, don't you think?",6,5
Harry Potter and the Half-Blood Prince,Perilous Potions,Horace Slughorn,I've always cherished my students. They're my life...,6,8
Harry Potter and the Half-Blood Prince,Sectumsempra,Hermione Granger,Ron.  Stop.  You're making it snow.,6,6
Harry Potter and the Half-Blood Prince,Sectumsempra,Ron Weasley,Tell me again how I broke up with Lavender?,6,9
Harry Potter and the Half-Blood Prince,Sectumsempra,Hermione Granger,"Um, well, she came to visit you in the hospital, you see, and you talked -- I don't believe it was a long conversation --",6,25
Harry Potter and the Half-Blood Prince,Sectumsempra,Ron Weasley,Don't get me wrong.  I'm bloody thrilled to be shot of her.  It's just she seems... a bit put out.,6,20
Harry Potter and the Half-Blood Prince,Sectumsempra,Hermione Granger,"Does, doesn't she?  And you say you don't remember a thing from that night?  Not one thing?",6,17
Harry Potter and the Half-Blood Prince,Sectumsempra,Ron Weasley,"Well... there is... something. But no.  It can't be.  Besides, I was completely boggled, wasn't I?",6,16
Harry Potter and the Half-Blood Prince,Sectumsempra,Hermione Granger,That's Katie.  That's Katie Bell.,6,5
Harry Potter and the Half-Blood Prince,Sectumsempra,Draco Malfoy,Don't touch me!  Don't you dare touch me!,6,8
Harry Potter and the Half-Blood Prince,Sectumsempra,Ginny Weasley,You have to get rid of it.  Today.,6,8
Harry Potter and the Half-Blood Prince,Hiding the Book,Ginny Weasley,"Over the years, if someone had a secret, if they wanted to conceal something, this is where they came.  Some of these things are almost as old as the castle itself.",6,31
Harry Potter and the Half-Blood Prince,Hiding the Book,Harry Potter,Who showed you this?  First.,6,5
Harry Potter and the Half-Blood Prince,Hiding the Book,Ginny Weasley,Fred and George.  First year.  I hid Tom Riddle's diary here for a time.  Wish I'd left it...,6,18
Harry Potter and the Half-Blood Prince,Hiding the Book,Ginny Weasley,"See, you never know what you'll find up here.",6,9
Harry Potter and the Half-Blood Prince,Hiding the Book,Ginny Weasley,All right.  Close your eyes.  That way you can't be tempted.,6,11
Harry Potter and the Half-Blood Prince,Hiding the Book,Ginny Weasley,There's something else.  Another secret of sorts.  One of mine...,6,10
Harry Potter and the Half-Blood Prince,Hiding the Book,Ginny Weasley,"That can stay hidden up here too, if you like.",6,10
Harry Potter and the Half-Blood Prince,Liquid Luck,Ron Weasley,So.  Did you and Ginny do it?,6,7
Harry Potter and the Half-Blood Prince,Liquid Luck,Ron Weasley,You know.  Hide the book.,6,5
Harry Potter and the Half-Blood Prince,Liquid Luck,Ron Weasley,"Still no luck with Slughorn, I take it?",6,8
Harry Potter and the Half-Blood Prince,Liquid Luck,Hermione Granger,Well?  How do you feel?,6,5
Harry Potter and the Half-Blood Prince,Liquid Luck,Hermione Granger,"Now remember.  Slughorn usually eats early, takes a short walk and then returns to his office.",6,16
Harry Potter and the Half-Blood Prince,Liquid Luck,Harry Potter,Right.  I'm going down to Hagrid's.,6,6
Harry Potter and the Half-Blood Prince,Liquid Luck,Hermione Granger,"What?  No, Harry -- you've got to go see Slughorn.  We have a plan --",6,15
Harry Potter and the Half-Blood Prince,Liquid Luck,Harry Potter,"No.  I've got a good feeling about going to Hagrid's.  I feel like it's the place to be tonight, know what I mean?",6,23
Harry Potter and the Half-Blood Prince,Liquid Luck,Harry Potter,Trust me.  I know what I'm doing. Or at least Felix does.,6,12
Harry Potter and the Half-Blood Prince,Liquid Luck,Harry Potter,"Sorry, sir.  I should've announced myself.  Cleared my throat. Coughed.  You probably feared I was Madam Sprout.",6,17
Harry Potter and the Half-Blood Prince,Liquid Luck,Horace Slughorn,"Well, yes, actually -- Why would you think that?",6,9
Harry Potter and the Half-Blood Prince,Liquid Luck,Harry Potter,"Just the general behavior, sir. The sneaking around.  The jumping when you saw me.  By the way, those Tentacula leaves -- they're quite valuable, aren't they?",6,26
Harry Potter and the Half-Blood Prince,Liquid Luck,Horace Slughorn,"Ten galleons a leaf to the right buyer -- not that I'm familiar with such back alley transactions. One hears rumors is all.  My own interests are purely academic, of course.",6,31
Harry Potter and the Half-Blood Prince,Liquid Luck,Harry Potter,"Personally, these plants have always kind of freaked me out.",6,10
Harry Potter and the Half-Blood Prince,Liquid Luck,Horace Slughorn,"Exactly how did you get out of the castle, Harry?",6,10
Harry Potter and the Half-Blood Prince,Liquid Luck,Harry Potter,"Through the front doors, sir.  I'm off to Hagrid's, you see.  He's a very dear friend and I felt like paying him a visit.  So if you don't mind, I'll be going.",6,32
Harry Potter and the Half-Blood Prince,Liquid Luck,Horace Slughorn,It's nearly nightfall.  Surely you realize I can't allow you to roam the grounds all by yourself.,6,17
Harry Potter and the Half-Blood Prince,Liquid Luck,Harry Potter,"Well, then by all means come along, sir.",6,8
Harry Potter and the Half-Blood Prince,Liquid Luck,Horace Slughorn,"Harry, I must insist you accompany me back to the castle immediately!",6,12
Harry Potter and the Half-Blood Prince,Liquid Luck,Harry Potter,"That would be counterproductive, sir.",6,5
Harry Potter and the Half-Blood Prince,Liquid Luck,Horace Slughorn,And what makes you say that?,6,6
Harry Potter and the Half-Blood Prince,Liquid Luck,Horace Slughorn,Is that an actual Acromantula?,6,5
Harry Potter and the Half-Blood Prince,Liquid Luck,Harry Potter,"A dead one, I think, sir.",6,6
Harry Potter and the Half-Blood Prince,Liquid Luck,Horace Slughorn,"My god, dear man.  How did you ever manage to kill it?",6,12
Harry Potter and the Half-Blood Prince,Liquid Luck,Rubeus Hagrid,"Kill 'im! Me oldest friend, 'e was!",6,7
Harry Potter and the Half-Blood Prince,Liquid Luck,Horace Slughorn,"I'm sorry, I... didn't realize.",6,5
Harry Potter and the Half-Blood Prince,Liquid Luck,Rubeus Hagrid,"Ah, don' worry yerself.  Yer not alone.  Seriously misunderstood creatures -- spiders.  It's the eyes, I reckon.  Unnerve people.",6,19
Harry Potter and the Half-Blood Prince,Liquid Luck,Harry Potter,Not to mention the pincers.,6,5
Harry Potter and the Half-Blood Prince,Liquid Luck,Rubeus Hagrid,I reckon that too... How'd yeh get outta the castle anyways?,6,11
Harry Potter and the Half-Blood Prince,Liquid Luck,Horace Slughorn,"Hagrid.  I wouldn't want to be indelicate, but Acromantula venom is uncommonly rare and, well, if you wouldn't mind my extracting a vial or two -- purely for academic pursuits...",6,30
Harry Potter and the Half-Blood Prince,Liquid Luck,Rubeus Hagrid,"Don' suppose it's doin' 'im any good, izzit?",6,8
Harry Potter and the Half-Blood Prince,Liquid Luck,Horace Slughorn,"My thoughts exactly!  Always carry a few spare ampoules for just such occasions.  Old Potion Master's habit, you know...",6,19
Harry Potter and the Half-Blood Prince,Liquid Luck,Rubeus Hagrid,Wish yeh coulda seen 'im in 'is prime.  Magnificent 'e was.  Jus' magnificent...,6,13
Harry Potter and the Half-Blood Prince,Liquid Luck,Horace Slughorn,Why don't I say a few words?  I trust he had family?,6,12
Harry Potter and the Half-Blood Prince,Liquid Luck,Horace Slughorn,"Farewell, Aragog, king of arachnids.  Though your body will decay, your spirit lingers on in the quiet, web-spun places of your Forest home.  May your many-eyed descendents ever flourish and your human friends find solace for the loss they have sustained.",6,41
Harry Potter and the Half-Blood Prince,Liquid Luck,Rubeus Hagrid,Tha' was... tha' was... beautiful.,6,5
Harry Potter and the Half-Blood Prince,After Aragog's Burial,Horace Slughorn,"And Odo the hero, they bore him back home...",6,9
Harry Potter and the Half-Blood Prince,After Aragog's Burial,Rubeus Hagrid,"To the place he'd known as a lad, They laid him to rest with his hat inside out and his wand snapped in two, which was sad...",6,27
Harry Potter and the Half-Blood Prince,After Aragog's Burial,Rubeus Hagrid,"I had 'im from an egg, yeh know. Tiny little thing he was when he hatched.  No bigger'n a Pekinese.",6,20
Harry Potter and the Half-Blood Prince,After Aragog's Burial,Horace Slughorn,Sweet.  I once had a fish. Francis.  Lovely little thing. One day I came downstairs and he'd vanished.  Poof.,6,19
Harry Potter and the Half-Blood Prince,After Aragog's Burial,Horace Slughorn,"Isn't it?  That's life, I suppose. One goes along and then... poof.",6,12
Harry Potter and the Half-Blood Prince,After Aragog's Burial,Horace Slughorn,"That's never unicorn hair, Hagrid?",6,5
Harry Potter and the Half-Blood Prince,After Aragog's Burial,Horace Slughorn,"Hagrid looks up, reels a bit.  Nods.",6,7
Harry Potter and the Half-Blood Prince,After Aragog's Burial,Horace Slughorn,"But my dear chap, do you know how much that's worth?",6,11
Harry Potter and the Half-Blood Prince,After Aragog's Burial,Rubeus Hagrid,No idea... no idea at all...,6,6
Harry Potter and the Half-Blood Prince,After Aragog's Burial,Horace Slughorn,"It was a student who gave me Francis.  One spring afternoon I discovered a bowl upon my desk with a few inches of clear water. There was a flower petal floating upon the surface.  As I watched, the petal sank, but just before it touched bottom... it transformed. Into a wee fish.  It was beautiful magic, wondrous to behold.  The petal had come from a lily.",6,66
Harry Potter and the Half-Blood Prince,After Aragog's Burial,Horace Slughorn,"Your mother.  The day I came downstairs, the day I found the bowl empty... was the day she...",6,18
Harry Potter and the Half-Blood Prince,After Aragog's Burial,Horace Slughorn,I know what you want.  But I can't give it to you.  It will ruin me...,6,16
Harry Potter and the Half-Blood Prince,After Aragog's Burial,Harry Potter,Do you know why I survived?  The night I got this.,6,11
Harry Potter and the Half-Blood Prince,After Aragog's Burial,Harry Potter,Because of her.  Because she sacrificed herself.  Because she refused to step aside.  Because her love was more powerful than Voldemort.,6,21
Harry Potter and the Half-Blood Prince,After Aragog's Burial,Horace Slughorn,Please don't say his --,6,5
Harry Potter and the Half-Blood Prince,After Aragog's Burial,Harry Potter,"I'm not afraid of the name, Professor.  And I'm not afraid of him.  And you shouldn't be either. She didn't just die for me that night.  She died for you too.  She died for everyone who's ever woken in the middle of the night afraid a Death Eater waited on their doorstep.",6,52
Harry Potter and the Half-Blood Prince,After Aragog's Burial,Harry Potter,"Professor.  I'm going to tell you something, something others have only guessed at.  It's true.  I am the Chosen One.",6,20
Harry Potter and the Half-Blood Prince,After Aragog's Burial,Harry Potter,"Only I can kill him.  But in order to do so, I need to know what Tom Riddle asked you that night in your office all those years ago. And I need to know what you told him.",6,38
Harry Potter and the Half-Blood Prince,After Aragog's Burial,Harry Potter,"Be brave, Professor.  Be brave like my mother.  Otherwise you disgrace her.  Otherwise she died for nothing.  Otherwise, the bowl remains empty forever.",6,23
Harry Potter and the Half-Blood Prince,After Aragog's Burial,Horace Slughorn,Don't think too badly of me once you've seen it.  You don't know what he was like... even then.,6,19
Harry Potter and the Half-Blood Prince,Horcruxes,Tom Riddle,"Sir, is it true that Professor Merrythought is retiring?",6,9
Harry Potter and the Half-Blood Prince,Horcruxes,Horace Slughorn,"Now, Tom, I couldn't tell you if I knew, could I?  I must say, m'boy, I'd like to know where you get your information.  More knowledgable than half the staff, you are. By the way, thank you for the pineapple -- you're quite right, it is my favorite -- how is it you knew?",6,54
Harry Potter and the Half-Blood Prince,Horcruxes,Horace Slughorn,"Good gracious, is it that time already?  Off you go, boys, or Professor Dippett will have us all in detention.  Lestrange, Avery, don't forget your essays...",6,26
Harry Potter and the Half-Blood Prince,Horcruxes,Horace Slughorn,"Look sharp, Tom.  You don't want to be caught out of bed after hours...",6,14
Harry Potter and the Half-Blood Prince,Horcruxes,Tom Riddle,I know a secret shortcut or two.,6,7
Harry Potter and the Half-Blood Prince,Horcruxes,Horace Slughorn,"Yes, I imagine you do.  Something on your mind, Tom?",6,10
Harry Potter and the Half-Blood Prince,Horcruxes,Tom Riddle,"Yes, sir.  I couldn't think of anyone else to go to.  The other Professors, well, they're not like you.  They might... misunderstand.",6,22
Harry Potter and the Half-Blood Prince,Horcruxes,Tom Riddle,"I was in the library the other night, in the Restricted section, and I read something rather odd, about a bit of rare magic and I thought perhaps you could illuminate me.  It's called, as I understand it... a Horcrux.",6,40
Harry Potter and the Half-Blood Prince,Horcruxes,Tom Riddle,Horcrux.  I came across the term while reading and I didn't fully understand it.,6,14
Harry Potter and the Half-Blood Prince,Horcruxes,Horace Slughorn,"I'm not sure what you were reading, Tom, but that's very Dark stuff, very Dark indeed.",6,16
Harry Potter and the Half-Blood Prince,Horcruxes,Tom Riddle,"Yes, sir.  Which is why I came to you.  I mean no disrespect to the rest of the staff, but I thought if anyone could tell me... it would be you.",6,31
Harry Potter and the Half-Blood Prince,Horcruxes,Horace Slughorn,A Horcrux is an object in which a person has concealed part of their soul.,6,15
Harry Potter and the Half-Blood Prince,Horcruxes,Tom Riddle,"Yes, I thought it might be something like that.  But I don't understand how that works, sir.",6,17
Harry Potter and the Half-Blood Prince,Horcruxes,Horace Slughorn,"One splits one's soul and hides part of it in an object.  By doing so, you are protected should you be attacked and your body destroyed.",6,26
Harry Potter and the Half-Blood Prince,Horcruxes,Horace Slughorn,"That part of your soul that was hidden, lives on.  In other words, you cannot die.",6,16
Harry Potter and the Half-Blood Prince,Horcruxes,Tom Riddle,"How does one split his soul, sir?",6,7
Harry Potter and the Half-Blood Prince,Horcruxes,Horace Slughorn,"I think you can guess the answer to that, Tom.",6,10
Harry Potter and the Half-Blood Prince,Horcruxes,Horace Slughorn,"Yes.  Killing rips the soul apart. It is a violation against nature. After, one is never the same.",6,18
Harry Potter and the Half-Blood Prince,Horcruxes,Tom Riddle,"Out of curiosity, sir -- can you only split your soul once?  For instance, isn't seven the most powerfully magical number --",6,22
Harry Potter and the Half-Blood Prince,Horcruxes,Horace Slughorn,"Seven!  Merlin's beard, Tom! Isn't it bad enough to think of killing one person?  To rip the soul into seven pieces...",6,21
Harry Potter and the Half-Blood Prince,Horcruxes,Horace Slughorn,"This is all hypothetical, isn't it, Tom?  All academic...",6,9
Harry Potter and the Half-Blood Prince,Horcruxes,Tom Riddle,"Of course, sir.  And I promise I'll not speak of our conversation.  It'll be our little secret...",6,17
Harry Potter and the Half-Blood Prince,Horcruxes,Albus Dumbledore,This is beyond anything I imagined.  In my life I have seen things that are unimaginably horrific.  I know now... you will see worse.,6,24
Harry Potter and the Half-Blood Prince,Horcruxes,Harry Potter,"Do you mean to say he succeeded, sir?  In making a Horcrux?",6,12
Harry Potter and the Half-Blood Prince,Horcruxes,Albus Dumbledore,"Oh he succeeded.  And not just once.  Think, Harry.  He's just told us.",6,13
Harry Potter and the Half-Blood Prince,Horcruxes,Harry Potter,Seven.  He made seven -- the most powerfully magical number.  But... what are they exactly?,6,15
Harry Potter and the Half-Blood Prince,Horcruxes,Albus Dumbledore,"They can be anything.  The most commonplace of objects.  A ring, for example.  Or a book...",6,16
Harry Potter and the Half-Blood Prince,Horcruxes,Albus Dumbledore,"It's a Horcrux, yes.  Four years ago, when you saved Ginny Weasley's life in the Chamber of Secrets, when you brought me this I knew.  This was a different kind of magic.  Very dark.  Very powerful.  But until tonight, I had no idea just how powerful...",6,46
Harry Potter and the Half-Blood Prince,Horcruxes,Albus Dumbledore,Belonged to Voldemort's mother. It was difficult to find and...,6,10
Harry Potter and the Half-Blood Prince,Horcruxes,Harry Potter,... even more difficult to destroy. But if you could find them all. If you did destroy each Horcrux...,6,19
Harry Potter and the Half-Blood Prince,Horcruxes,Harry Potter,"But how would you find them?  They could be hidden anywhere, couldn't they...",6,13
Harry Potter and the Half-Blood Prince,Horcruxes,Albus Dumbledore,"True.  But magic, especially Dark magic...",6,6
Harry Potter and the Half-Blood Prince,Horcruxes,Harry Potter,"It's where you've been going, isn't it, sir?  When you leave the school.",6,13
Harry Potter and the Half-Blood Prince,Horcruxes,Albus Dumbledore,Yes.  And I think... perhaps... I may have found another.  But this time I cannot hope to destroy it alone.,6,20
Harry Potter and the Half-Blood Prince,Horcruxes,Albus Dumbledore,"Once again, I shall ask too much of you.",6,9
Harry Potter and the Half-Blood Prince,Horcruxes,Harry Potter,"Hermione, is the Room of Requirement unplottable?",6,7
Harry Potter and the Half-Blood Prince,Horcruxes,Hermione Granger,If one wants it to be.  Why?,6,7
Harry Potter and the Half-Blood Prince,Horcruxes,Harry Potter,It would explain why I thought Malfoy was leaving the castle when he disappeared off the Map.,6,17
Harry Potter and the Half-Blood Prince,Horcruxes,Harry Potter,He was going to the Room of Requirement.,6,8
Harry Potter and the Half-Blood Prince,Horcruxes,Hermione Granger,"Of course, and that explains the Vanishing Cabinet as well!",6,10
Harry Potter and the Half-Blood Prince,Horcruxes,Ron Weasley,No.  I got an owl from Dad this morning.  The one at Borgin & Burke's?  It's still there.,6,18
Harry Potter and the Half-Blood Prince,Horcruxes,Harry Potter,But I'm telling you.  I saw it --,6,8
Harry Potter and the Half-Blood Prince,Horcruxes,Harry Potter,What if there are two?  Vanishing cabinets.,6,7
Harry Potter and the Half-Blood Prince,Horcruxes,Harry Potter,I don't need luck.  I'll be with Dumbledore.,6,8
Harry Potter and the Half-Blood Prince,Horcruxes,Severus Snape,Have you ever considered that you ask too much?  That you take too much for granted?  Has it ever crossed your brilliant mind that I don't want to do this anymore?,6,31
Harry Potter and the Half-Blood Prince,Horcruxes,Albus Dumbledore,"Whether it has or hasn't is irrelevant.  I will not negotiate this with you, Severus.  You agreed.  There's nothing more to discuss.",6,22
Harry Potter and the Half-Blood Prince,Horcruxes,Albus Dumbledore,"Harry.  You need a shave, my friend.",6,7
Harry Potter and the Half-Blood Prince,Horcruxes,Albus Dumbledore,"At times I forget how much you've grown.  At times I still see the small boy from the cupboard. Forgive my mawkishness, Harry.  I am an old man.",6,28
Harry Potter and the Half-Blood Prince,Horcruxes,Harry Potter,"You look the same to me, sir.",6,7
Harry Potter and the Half-Blood Prince,Horcruxes,Albus Dumbledore,"Like your mother, you are unfailingly kind.",6,7
Harry Potter and the Half-Blood Prince,Horcruxes,Albus Dumbledore,A trait people never fail to undervalue.  I'm afraid.,6,9
Harry Potter and the Half-Blood Prince,Horcruxes,Albus Dumbledore,"The place to which we journey tonight is exceedingly dangerous, Harry.  I promised that you could accompany me and I stand by that promise.  But there is a condition:  You must obey any command I give you -- without question.",6,40
Harry Potter and the Half-Blood Prince,Horcruxes,Albus Dumbledore,"Understand what I'm saying. Should I tell you to hide, you must hide.",6,13
Harry Potter and the Half-Blood Prince,Horcruxes,Albus Dumbledore,"Should I tell you to run, you will run.",6,9
Harry Potter and the Half-Blood Prince,Horcruxes,Albus Dumbledore,And should I tell you to abandon me and save yourself...,6,11
Harry Potter and the Half-Blood Prince,Horcruxes,Harry Potter,"Sir, I thought one couldn't Apparate within Hogwarts.",6,8
Harry Potter and the Half-Blood Prince,Horcruxes,Albus Dumbledore,Being me has its privileges.,6,5
Harry Potter and the Half-Blood Prince,Horcruxes,Albus Dumbledore,"This is the place.  Oh yes, this place has known magic. Where you stand, Harry, Tom Riddle once stood many, many years ago, when he was but a poor orphan boy with a penchant for cruelty...",6,36
Harry Potter and the Half-Blood Prince,Horcruxes,Albus Dumbledore,"One wintry afternoon, he lured two younger classmates to this cave. What happened is unclear.  But this much is known:  the children were damaged.",6,24
Harry Potter and the Half-Blood Prince,Horcruxes,Albus Dumbledore,"In order to gain passage, payment must be made, payment intended to weaken any intruder.",6,15
Harry Potter and the Half-Blood Prince,Horcruxes,Harry Potter,"You should've let me, sir.",6,5
Harry Potter and the Half-Blood Prince,Horcruxes,Albus Dumbledore,"Oh, no, Harry.  Your blood is much more precious than mine.",6,11
Harry Potter and the Half-Blood Prince,Horcruxes,Albus Dumbledore,It's there.  The only question is how do we get to it?,6,12
Harry Potter and the Half-Blood Prince,Horcruxes,Harry Potter,"We couldn't, perhaps, just try a Summoning Charm, sir?",6,9
Harry Potter and the Half-Blood Prince,Horcruxes,Harry Potter,Sir... have you ever taken Felix Felicis?,6,7
Harry Potter and the Half-Blood Prince,Horcruxes,Albus Dumbledore,"Only recreationally.  You see, I believe one creates one's own luck.",6,11
Harry Potter and the Half-Blood Prince,Horcruxes,Harry Potter,Professor... there are bodies in this lake.,6,7
Harry Potter and the Half-Blood Prince,Horcruxes,Harry Potter,"Do you think the Horcrux is in there, sir?",6,9
Harry Potter and the Half-Blood Prince,Horcruxes,Albus Dumbledore,It has to be drunk.,6,5
Harry Potter and the Half-Blood Prince,Horcruxes,Albus Dumbledore,"You remember the condition on which I brought you with me? This potion might paralyze me.  It might cause me to forget why I'm here.  It might create so much pain I beg for relief.  You are not to indulge these requests, Harry.  It is your job to make sure I keep drinking this potion even if you have to force it down my throat.  Understood?",6,66
Harry Potter and the Half-Blood Prince,Horcruxes,Harry Potter,"Why can't I drink it, sir?",6,6
Harry Potter and the Half-Blood Prince,Horcruxes,Albus Dumbledore,"Because I am much older, much cleverer... and much less valuable. Your good health, Harry.",6,15
Harry Potter and the Half-Blood Prince,Horcruxes,Harry Potter,Professor?  Can you hear me?,6,5
Harry Potter and the Half-Blood Prince,Horcruxes,Harry Potter,"You... you can't stop, Professor. You've got to keep drinking.  Like you said.  Remember.",6,14
Harry Potter and the Half-Blood Prince,Horcruxes,Albus Dumbledore,Make it stop... Please... make it stop...,6,7
Harry Potter and the Half-Blood Prince,Horcruxes,Harry Potter,"It will, sir.  It'll stop.  But only if you drink...",6,10
Harry Potter and the Half-Blood Prince,Horcruxes,Albus Dumbledore,My fault.  It's all my fault...,6,6
Harry Potter and the Half-Blood Prince,Horcruxes,Albus Dumbledore,"Too much... I can't... take it... I want... to die... kill... kill me... KILL ME, HARRY!",6,16
Harry Potter and the Half-Blood Prince,Horcruxes,Albus Dumbledore,"Your word, Harry!  Your word!",6,5
Harry Potter and the Half-Blood Prince,Horcruxes,Albus Dumbledore,Kill me!  It's the only way!,6,6
Harry Potter and the Half-Blood Prince,Horcruxes,Harry Potter,One more.  Just one more.  And then -- I promise... I'll do what you say.,6,15
Harry Potter and the Half-Blood Prince,Horcruxes,Harry Potter,"You did it, sir.  Look --",6,6
Harry Potter and the Half-Blood Prince,Horcruxes,Harry Potter,"I'm trying, sir.  I'm --",6,5
Harry Potter and the Half-Blood Prince,Horcruxes,Harry Potter,"Don't worry, sir.  We're nearly there.",6,6
Harry Potter and the Half-Blood Prince,Horcruxes,Albus Dumbledore,"I am not worried, Harry.  I am with you.",6,9
Harry Potter and the Half-Blood Prince,The Astronomy Tower,Minerva McGonagall,To your Houses.  No dawdling.,6,5
Harry Potter and the Half-Blood Prince,The Astronomy Tower,Harry Potter,"We need to get you up to the hospital, sir, to Madam Pomfrey --",6,14
Harry Potter and the Half-Blood Prince,The Astronomy Tower,Albus Dumbledore,No.  Severus... Severus is who I need... Go and wake him... Tell him what has happened...,6,16
Harry Potter and the Half-Blood Prince,The Astronomy Tower,Albus Dumbledore,Speak to no one else... I... I shall wait here...,6,10
Harry Potter and the Half-Blood Prince,The Astronomy Tower,Albus Dumbledore,"No, Harry.  I do not pray.  I was merely closing a window -- the one that had allowed us to Apparate.",6,21
Harry Potter and the Half-Blood Prince,The Astronomy Tower,Albus Dumbledore,Hide yourself below.  And do not speak or show yourself without my permission.  No matter what.,6,16
Harry Potter and the Half-Blood Prince,The Astronomy Tower,Albus Dumbledore,"Do as I say, Harry.",6,5
Harry Potter and the Half-Blood Prince,The Astronomy Tower,Albus Dumbledore,"Good evening, Draco.  What brings you out on such a fine Spring evening?  Or is it Summer?",6,17
Harry Potter and the Half-Blood Prince,The Astronomy Tower,Draco Malfoy,Who else is here?  I heard you talking.,6,8
Harry Potter and the Half-Blood Prince,The Astronomy Tower,Albus Dumbledore,"I often talk aloud to myself.  I find it extraordinarily useful. That which sounds sane at a whisper can seem utterly mad when said for all the world to hear. Haven't been whispering to yourself, have you, Draco?",6,38
Harry Potter and the Half-Blood Prince,The Astronomy Tower,Albus Dumbledore,"You are not an assassin, Draco.",6,6
Harry Potter and the Half-Blood Prince,The Astronomy Tower,Draco Malfoy,How do you know what I am?  I've done things that would shock you.,6,14
Harry Potter and the Half-Blood Prince,The Astronomy Tower,Albus Dumbledore,"Like cursing Katie Bell and hoping she would, in turn, bear a cursed necklace to me?  Like replacing a bottle of mead with one laced with poison.  Forgive me, Draco, but these are attempts so feeble I cannot help but question if your heart has been really in them. I'm curious.  When Voldemort gave you this task, when he asked you to kill me, was it in a whisper?",6,69
Harry Potter and the Half-Blood Prince,The Astronomy Tower,Draco Malfoy,He trusts me!  I was chosen!,6,6
Harry Potter and the Half-Blood Prince,The Astronomy Tower,Albus Dumbledore,Then I shall make it easy for you.,6,8
Harry Potter and the Half-Blood Prince,The Astronomy Tower,Albus Dumbledore,"Well done, Draco.  But I warn you. Killing is not nearly as easy.",6,13
Harry Potter and the Half-Blood Prince,The Astronomy Tower,Albus Dumbledore,You're not alone.  Are you.  There are others.  How?,6,9
Harry Potter and the Half-Blood Prince,The Astronomy Tower,Draco Malfoy,The Vanishing Cabinet in the Room of Requirement.,6,8
Harry Potter and the Half-Blood Prince,The Astronomy Tower,Albus Dumbledore,That cabinet has been broken for years.,6,7
Harry Potter and the Half-Blood Prince,The Astronomy Tower,Albus Dumbledore,Ingenious.  Let me guess.  It has a sister.  A twin.,6,10
Harry Potter and the Half-Blood Prince,The Astronomy Tower,Draco Malfoy,In Borgin & Burkes.  They form --,6,7
Harry Potter and the Half-Blood Prince,The Astronomy Tower,Albus Dumbledore,"A passage, yes.  Very good. I once knew a boy years ago who made all the wrong choices.  Let me help you, Draco.",6,23
Harry Potter and the Half-Blood Prince,The Astronomy Tower,Draco Malfoy,I don't want your help!  Don't you see!  I have to do it!  I have to! I've got to kill you or he'll kill me.,6,25
Harry Potter and the Half-Blood Prince,The Astronomy Tower,Albus Dumbledore,"Say that again, Draco.  But aloud this time.",6,8
Harry Potter and the Half-Blood Prince,The Astronomy Tower,Bellatrix Lestrange,"Well now, look what we have here. Dumbledore.  Wandless and alone.",6,11
Harry Potter and the Half-Blood Prince,The Astronomy Tower,Bellatrix Lestrange,"Cornered in his own castle.  Well done, Draco.",6,8
Harry Potter and the Half-Blood Prince,The Astronomy Tower,Albus Dumbledore,"Good evening, Bellatrix.  I think introductions are in order.",6,9
Harry Potter and the Half-Blood Prince,The Astronomy Tower,Bellatrix Lestrange,"Love to, Albus.  But I'm afraid we're on a bit of a tight schedule.",6,14
Harry Potter and the Half-Blood Prince,The Astronomy Tower,Bellatrix Lestrange,He doesn't have the stomach.  Like his father.  Let me finish him. In my own way.,6,16
Harry Potter and the Half-Blood Prince,The Astronomy Tower,Severus Snape,"No!  The Dark Lord was clear.  The boy's to do it.  Go on, Draco. Now!",6,15
Harry Potter and the Half-Blood Prince,The Astronomy Tower,Bellatrix Lestrange,"Well, look who's here.  Hogwarts own Defense Against the Dark Arts teacher.  Come to see the slaughter?",6,17
Harry Potter and the Half-Blood Prince,The Astronomy Tower,Severus Snape,I gave my word.  I made a vow...,6,8
Harry Potter and the Half-Blood Prince,Flight of the Prince,Severus Snape,You can no longer stay here.,6,6
Harry Potter and the Half-Blood Prince,Flight of the Prince,Bellatrix Lestrange,Draco!  Draco! They'll kill you if you stay.,6,8
Harry Potter and the Half-Blood Prince,Flight of the Prince,Harry Potter,"Fight!  Fight back, you coward!",6,5
Harry Potter and the Half-Blood Prince,Flight of the Prince,Severus Snape,Don't ever associate that word and my name again.,6,9
Harry Potter and the Half-Blood Prince,Flight of the Prince,Severus Snape,No!  He belongs to the Dark Lord!,6,7
Harry Potter and the Half-Blood Prince,Flight of the Prince,Severus Snape,"You dare use my own spells against me, Potter?",6,9
Harry Potter and the Half-Blood Prince,Flight of the Prince,Severus Snape,"You may have gotten your mother's eyes, but you're as dim as your father.  Yes.  It's me.  I'm the Half-Blood Prince.",6,21
Harry Potter and the Half-Blood Prince,Flight of the Prince,Rubeus Hagrid,"Take more'n tha' ter finish me off.  Not sure about me 'ouse, tho'.  But if anybody can put it righ', Dumbledore can.",6,22
Harry Potter and the Half-Blood Prince,Flight of the Prince,Rubeus Hagrid,Only thing I can't reckon is wha' Snape was doin' with tha' lot.,6,13
Harry Potter and the Half-Blood Prince,Flight of the Prince,Rubeus Hagrid,"An' wha's this wi' the Dark Mar'? Who's been killed? Where's Dumbledore, 'arry? Where's Dumbledore!!",6,15
Harry Potter and the Half-Blood Prince,R.a.B.,Minerva McGonagall,"Potter, in light of what's happened... should you feel the need to talk to someone...",6,15
Harry Potter and the Half-Blood Prince,R.a.B.,Minerva McGonagall,You should know... Professor Dumbledore...,6,5
Harry Potter and the Half-Blood Prince,R.a.B.,Minerva McGonagall,You meant a great deal to him.,6,7
Harry Potter and the Half-Blood Prince,R.a.B.,Harry Potter,Do you think he would've done it. Draco?,6,8
Harry Potter and the Half-Blood Prince,R.a.B.,Harry Potter,"No.  He was lowering his wand.  In the end, it was Snape.  It was always Snape.  And I did nothing...",6,20
Harry Potter and the Half-Blood Prince,R.a.B.,Hermione Granger,Strange.  Thinking this is a piece of Voldemort's soul...,6,9
Harry Potter and the Half-Blood Prince,R.a.B.,Harry Potter,"Yeah, strange.  Only... it's not. It's a fake.",6,8
Harry Potter and the Half-Blood Prince,R.a.B.,Hermione Granger,"'To the Dark Lord.  I know I will be dead long before you read this but I want you to know that it was I who discovered your secret.  I have stolen the real Horcrux and intend to destroy it as soon as I can.  I face death in the hope that when you meet your match, you will be mortal once more.  R.A.B.'",6,64
Harry Potter and the Half-Blood Prince,R.a.B.,Harry Potter,"Dunno.  But whoever they are, they have the real Horcrux.  Which means, it was a waste.  All of it.",6,19
Harry Potter and the Half-Blood Prince,R.a.B.,Hermione Granger,"Ron's okay with it, you know.  You and Ginny.  But if I were you, when he's around, I'd keep the snogging to a minimum.",6,24
Harry Potter and the Half-Blood Prince,R.a.B.,Harry Potter,"I'm not coming back, Hermione.",6,5
Harry Potter and the Half-Blood Prince,R.a.B.,Hermione Granger,We reckoned -- Ron and me.,6,6
Harry Potter and the Half-Blood Prince,R.a.B.,Harry Potter,I have to finish what Dumbledore started. I'm not sure where that will lead me... but I'll let you and Ron konw where I am -- when I can.,6,29
Harry Potter and the Half-Blood Prince,R.a.B.,Hermione Granger,"I've always admired your courage, Harry, but sometimes... you're really thick.",6,11
Harry Potter and the Half-Blood Prince,R.a.B.,Hermione Granger,"You don't honestly think you can find all those Horcruxes by yourself, do you? You need us, Harry.",6,18
Harry Potter and the Half-Blood Prince,R.a.B.,Harry Potter,Yeah.  I do.  But do me a favor. When I'm around?  Keep the snogging to a minimum.,6,17
Harry Potter and the Half-Blood Prince,R.a.B.,Hermione Granger,Like that's going to happen.,6,5
Harry Potter and the Half-Blood Prince,R.a.B.,Harry Potter,"Funny, he says the same about you.",6,7
Harry Potter and the Half-Blood Prince,R.a.B.,Hermione Granger,"Yes, but I'm exceptionally perceptive.",6,5
Harry Potter and the Half-Blood Prince,R.a.B.,Harry Potter,You're brilliant.  You both are.,6,5
Harry Potter and the Half-Blood Prince,R.a.B.,Hermione Granger,Do you think we'll ever... come back?,6,7
Harry Potter and the Half-Blood Prince,R.a.B.,Harry Potter,I don’t know. I never realised how beautiful this place was.,6,11
Harry Potter and the Deathly Hallows Part 1,Dark Times,Rufus Scrimgeour,"These are dark times, there is no denying.  Our world has perhaps faced no greater threat than it does today.  But I say this to our citizenry:  we, ever your servants, continue to defend your liberty and repel the forces that would seek to take it from you. Your Ministry remains strong...",7,52
Harry Potter and the Deathly Hallows Part 1,Dark Times,Arthur Weasley,"These are for the Order.  So many are on the run now, it helps them to stay connected with the rest of us.  Know they're not alone...",7,27
Harry Potter and the Deathly Hallows Part 1,Dark Times,Ron Weasley,C'mon.  Mum's got dinner ready.,7,5
Harry Potter and the Deathly Hallows Part 1,Dark Lord Ascending,Voldemort,Severus.  I was beginning to worry you'd lost your way.  Come.  I've saved you a seat.,7,16
Harry Potter and the Deathly Hallows Part 1,Dark Lord Ascending,Voldemort,"You know our hosts, of course, Severus.  Narcissa in particular has been most hospitable.  Lucius, on the other hand, is, I fear, burdened by my presence.  Are you, Lucius?",7,29
Harry Potter and the Deathly Hallows Part 1,Dark Lord Ascending,Voldemort,"You bring news I trust, Severus?",7,6
Harry Potter and the Deathly Hallows Part 1,Dark Lord Ascending,Severus Snape,It will happen Saturday next.  At nightfall.,7,7
Harry Potter and the Deathly Hallows Part 1,Dark Lord Ascending,Voldemort,And this information comes --,7,5
Harry Potter and the Deathly Hallows Part 1,Dark Lord Ascending,Severus Snape,-- from the source we discussed.,7,6
Harry Potter and the Deathly Hallows Part 1,Dark Lord Ascending,Severus Snape,This is a false trail.  The Auror Office no longer plays any part in the protection of Harry Potter. Those closest to him believe we have infiltrated the Ministry.,7,29
Harry Potter and the Deathly Hallows Part 1,Dark Lord Ascending,Voldemort,"Spoken like a true politician. You will, I think, prove most useful, Pius.  Where will he be taken?  The boy?",7,20
Harry Potter and the Deathly Hallows Part 1,Dark Lord Ascending,Severus Snape,"To a safehouse.  Likely the home of someone in the Order.  I'm told it has been given every manner of protection possible. Once there, it will be impractical to attack him.  We may have compromised the Ministry, but there are those who remain loyal to him.  As long as the Ministry stands, his allies within will have the means at their disposal to insure his safety.",7,66
Harry Potter and the Deathly Hallows Part 1,Dark Lord Ascending,Bellatrix Lestrange,"My lord, if I might, I'd like to volunteer myself for this task. I'd like to kill the boy.",7,19
Harry Potter and the Deathly Hallows Part 1,Dark Lord Ascending,Voldemort,Wormtail!  Have I not spoken to you about keeping our guest quiet?,7,12
Harry Potter and the Deathly Hallows Part 1,Dark Lord Ascending,Peter Pettigrew,"Yes, m-my lord.  Right away, my lord.",7,7
Harry Potter and the Deathly Hallows Part 1,Dark Lord Ascending,Voldemort,"As inspiring as I find your bloodlust, Bellatrix, I must be the one to kill Harry Potter.  But I face an unfortunate complication.  It has recently come to my attention that my wand and Potter's share the same core. They are, in some ways, twins.  We can wound but not fatally harm one another.  Which means, if I am to kill him... I will have to do it with another's wand.",7,71
Harry Potter and the Deathly Hallows Part 1,Dark Lord Ascending,Voldemort,"Come now.  Surely one of you would like the honor?  What about... you, Lucius?",7,14
Harry Potter and the Deathly Hallows Part 1,Dark Lord Ascending,Voldemort,My wand?  You can't possibly think I would give you my wand.,7,12
Harry Potter and the Deathly Hallows Part 1,Dark Lord Ascending,Voldemort,"For those of you who do not know, we are joined tonight by Miss Charity Burbage who until recently taught at Hogwarts School of Witchcraft and Wizardry.  Her specialty was Muggle studies. It is Miss Burbage's belief that Muggles are not so different from us.",7,45
Harry Potter and the Deathly Hallows Part 1,Dark Lord Ascending,Voldemort,"She would, given her way, have us mate with them.  To her, the mixture of magical and Muggle blood is not an abomination but something to be encouraged.  I, of course, take a contrary view.  But we're all civilized here.  All adults.  We can agree to disagree.",7,47
Harry Potter and the Deathly Hallows Part 1,The Seven Potters,Vernon Dursley,"Come now, Dudley.  Hurry up!",7,5
Harry Potter and the Deathly Hallows Part 1,The Seven Potters,Harry Potter,Time for the teary farewell.,7,5
Harry Potter and the Deathly Hallows Part 1,The Seven Potters,Petunia Dursley,I've lived in this house twenty years.  And now -- in a single night -- I'm expected to leave.,7,19
Harry Potter and the Deathly Hallows Part 1,The Seven Potters,Harry Potter,"They'll torture you.  Even Dudley. If they think you know where I'm going, they'll stop at noth--",7,17
Harry Potter and the Deathly Hallows Part 1,The Seven Potters,Petunia Dursley,You think I don't know that?  You think I don't know what they're capable of?,7,15
Harry Potter and the Deathly Hallows Part 1,The Seven Potters,Petunia Dursley,"You didn't just lose a mother that night in Godric's Hollow, you know.  I lost a sister.",7,17
Harry Potter and the Deathly Hallows Part 1,The Seven Potters,Harry Potter,Do you have any?  Magic?,7,5
Harry Potter and the Deathly Hallows Part 1,The Seven Potters,Petunia Dursley,What a cruel thing to ask.,7,6
Harry Potter and the Deathly Hallows Part 1,The Seven Potters,Vernon Dursley,"Well, this is goodbye then, boy.",7,6
Harry Potter and the Deathly Hallows Part 1,The Seven Potters,Dudley Dursley,I don't understand.  Isn't he coming with us?,7,8
Harry Potter and the Deathly Hallows Part 1,The Seven Potters,Vernon Dursley,"Well, because -- he doesn't want to, do you, boy?",7,10
Harry Potter and the Deathly Hallows Part 1,The Seven Potters,Harry Potter,"Absolutely not.  Besides, I'm just a waste of space.  Isn't that right, Vernon?",7,13
Harry Potter and the Deathly Hallows Part 1,The Seven Potters,Vernon Dursley,"Come on, Dudley, we're off.",7,5
Harry Potter and the Deathly Hallows Part 1,The Seven Potters,Dudley Dursley,I don't think you're a waste of space.,7,8
Harry Potter and the Deathly Hallows Part 1,The Seven Potters,Rubeus Hagrid,"All righ', 'arry?  Yeh look fit.",7,6
Harry Potter and the Deathly Hallows Part 1,The Seven Potters,Alastor Moody,"Yeah, he's ruddy gorgeous.  What say we get undercover before someone murders him.",7,13
Harry Potter and the Deathly Hallows Part 1,The Seven Potters,Harry Potter,"I thought you were looking after the Prime Minister, Kingsley.",7,10
Harry Potter and the Deathly Hallows Part 1,The Seven Potters,Remus Lupin,"Just remember, Fleur, once you're married:  Bill takes his steaks on the raw side now.",7,15
Harry Potter and the Deathly Hallows Part 1,The Seven Potters,Alastor Moody,"All right, all right!  You'll all have time for a cozy catch-up later!  We've got to get the hell out of here and soon!",7,24
Harry Potter and the Deathly Hallows Part 1,The Seven Potters,Alastor Moody,"Potter, you're underage, which means you've still got the Trace on you.",7,12
Harry Potter and the Deathly Hallows Part 1,The Seven Potters,Alastor Moody,"You sneeze and the Ministry will know who wipes your nose.  Point is, we have to use those means of transport the Trace can't detect: brooms, thestrals and the like. We'll go in pairs.  That way if anyone's out there waiting for us -- and I reckon there will be -- they won't know which Harry Potter is the real one.",7,61
Harry Potter and the Deathly Hallows Part 1,The Seven Potters,Alastor Moody,I believe you're familiar with this particular brew.,7,8
Harry Potter and the Deathly Hallows Part 1,The Seven Potters,Hermione Granger,I told you he'd take it well.,7,7
Harry Potter and the Deathly Hallows Part 1,The Seven Potters,Harry Potter,If you think I'm going to let people risk their lives for me --,7,14
Harry Potter and the Deathly Hallows Part 1,The Seven Potters,Ron Weasley,"Never done that before, have we?",7,6
Harry Potter and the Deathly Hallows Part 1,The Seven Potters,Harry Potter,This is different.  Taking that. Becoming me -- no.,7,9
Harry Potter and the Deathly Hallows Part 1,The Seven Potters,Fred Weasley,"Well, none of us really fancy it, mate.",7,8
Harry Potter and the Deathly Hallows Part 1,The Seven Potters,George Weasley,"Yeah, imagine if something went wrong and we were stuck as scrawny, specky gits forever.",7,15
Harry Potter and the Deathly Hallows Part 1,The Seven Potters,Alastor Moody,"Everyone here's of age, Potter, and they've all agreed to take the risk.",7,13
Harry Potter and the Deathly Hallows Part 1,The Seven Potters,Alastor Moody,"Nip it, Mundungus!  All right, Granger, as discussed.",7,8
Harry Potter and the Deathly Hallows Part 1,The Seven Potters,Alastor Moody,"Straight in here, if you please.",7,6
Harry Potter and the Deathly Hallows Part 1,The Seven Potters,Alastor Moody,"For those of you who haven't taken Polyjuice Potion before, fair warning.  It tastes like goblin piss.",7,17
Harry Potter and the Deathly Hallows Part 1,The Seven Potters,Fred Weasley,"Have a lot of experience with that, do you, Mad-Eye?",7,10
Harry Potter and the Deathly Hallows Part 1,The Seven Potters,Fred Weasley,Just trying to defuse the tension.,7,6
Harry Potter and the Deathly Hallows Part 1,The Seven Potters,George Weasley,"Don't have something a bit more sporty, do you?",7,9
Harry Potter and the Deathly Hallows Part 1,The Seven Potters,Fred Weasley,"Yes, don't fancy this color at all.",7,7
Harry Potter and the Deathly Hallows Part 1,The Seven Potters,Alastor Moody,"Fancy this:  You're not you, so shut it and strip. You'll need to change too, Potter.",7,16
Harry Potter and the Deathly Hallows Part 1,The Seven Potters,Ron Weasley,I knew Ginny was lying about that tattoo.,7,8
Harry Potter and the Deathly Hallows Part 1,The Seven Potters,Hermione Granger,"Harry, your eyesight really is awful.",7,6
Harry Potter and the Deathly Hallows Part 1,The Seven Potters,Alastor Moody,"Right then.  We'll be pairing off. Each Potter will have a protector. As for you, Harry...",7,16
Harry Potter and the Deathly Hallows Part 1,The Seven Potters,Alastor Moody,"The real Harry!  Where the devil are you, anyway?",7,9
Harry Potter and the Deathly Hallows Part 1,The Seven Potters,Rubeus Hagrid,Brought yeh here sixteen years ago when you were barely bigger than a Bowtruckle. Seems only righ' I should be the one ter take yeh away.,7,26
Harry Potter and the Deathly Hallows Part 1,The Seven Potters,Alastor Moody,"Yeah, it's all very touching. Let's go.",7,7
Harry Potter and the Deathly Hallows Part 1,Aerial Ambush,Alastor Moody,"Good luck, everyone.  On the count of three.  One... two --",7,11
Harry Potter and the Deathly Hallows Part 1,Aerial Ambush,Harry Potter,Hagrid!  We've got to help the others!,7,7
Harry Potter and the Deathly Hallows Part 1,Aerial Ambush,Rubeus Hagrid,"Can't do it, 'arry.  My job's ter get you where we're goin' safe 'n sound -- Mad-Eye's orders!",7,18
Harry Potter and the Deathly Hallows Part 1,Aerial Ambush,Rubeus Hagrid,"Hol' tight, 'arry!  We've got ter get yeh out of here!",7,11
Harry Potter and the Deathly Hallows Part 1,Fallen Warrior,Molly Weasley,Harry!  Hagrid!  What happened?! Have you seen the others?,7,9
Harry Potter and the Deathly Hallows Part 1,Fallen Warrior,Harry Potter,Is no one back yet?,7,5
Harry Potter and the Deathly Hallows Part 1,Fallen Warrior,Rubeus Hagrid,"They were on us from the star', Molly -- the Death Eaters.  And You-Know-Who as well.",7,16
Harry Potter and the Deathly Hallows Part 1,Fallen Warrior,Molly Weasley,"Well, thank goodness you two are all right.",7,8
Harry Potter and the Deathly Hallows Part 1,Fallen Warrior,Rubeus Hagrid,"Haven't go' any brandy, have yeh, Molly?  Fer medicinal purposes?",7,10
Harry Potter and the Deathly Hallows Part 1,Fallen Warrior,Ginny Weasley,Ron and Tonks should've already been back.  Dad and Fred as well.,7,12
Harry Potter and the Deathly Hallows Part 1,Fallen Warrior,Molly Weasley,My boy!  My darling boy!  What've they done to you?!,7,10
Harry Potter and the Deathly Hallows Part 1,Fallen Warrior,Remus Lupin,What creature sat in the corner the first time that Harry Potter visited my office at Hogwarts!,7,17
Harry Potter and the Deathly Hallows Part 1,Fallen Warrior,Remus Lupin,We've been betrayed.  Voldemort knew you were being moved tonight. I had to make sure you weren't an imposter.,7,19
Harry Potter and the Deathly Hallows Part 1,Fallen Warrior,Harry Potter,Who did this to him?,7,5
Harry Potter and the Deathly Hallows Part 1,Fallen Warrior,Remus Lupin,"Snape. He'll be fine, Molly.  But that's Dark Magic.  The damage is done.",7,13
Harry Potter and the Deathly Hallows Part 1,Fallen Warrior,Remus Lupin,'Harry is the best hope we have. Trust him.',7,9
Harry Potter and the Deathly Hallows Part 1,Fallen Warrior,Harry Potter,Hedwig -- I think.  She was trying to protect me --,7,11
Harry Potter and the Deathly Hallows Part 1,Fallen Warrior,Ron Weasley,Hey ya -- Well... thanks.,7,5
Harry Potter and the Deathly Hallows Part 1,Fallen Warrior,Ron Weasley,Always the tone of surprise.,7,5
Harry Potter and the Deathly Hallows Part 1,Fallen Warrior,Arthur Weasley,Are we the last?  Where's George?,7,6
Harry Potter and the Deathly Hallows Part 1,Fallen Warrior,Fred Weasley,"How do you feel, Georgie?",7,5
Harry Potter and the Deathly Hallows Part 1,Fallen Warrior,George Weasley,"Saint-like... You see, I'm holy. Holey, Fred, geddit?",7,8
Harry Potter and the Deathly Hallows Part 1,Fallen Warrior,Fred Weasley,"With the whole wide world of ear- related humor at your disposal, you go for holey?  Pathetic.",7,17
Harry Potter and the Deathly Hallows Part 1,Fallen Warrior,George Weasley,"Reckon I'm still better-looking than you.  Better-looking than Bill, that's for sure.",7,12
Harry Potter and the Deathly Hallows Part 1,Fallen Warrior,Remus Lupin,Mad-Eye reckoned You-Know-Who would expect the real Harry to be with the most skilled Auror.  He knew he'd be in the most danger.,7,23
Harry Potter and the Deathly Hallows Part 1,Fallen Warrior,Arthur Weasley,It doesn't explain how they knew we were moving Harry tonight.,7,11
Harry Potter and the Deathly Hallows Part 1,Fallen Warrior,Rubeus Hagrid,"Wha'?  One of us?  Tha's mad.  I'd wager me life it wasn' none of you lot.  An' if it was me I'd kno', wouldn' I?  Talk in me sleep on occasion, I'll admit, but there's only Fang aroun' ter hear an' mostly it's gibberish an' besides I'd cut me tongue out 'fore 'd betray 'arry e'en in me dreams --",7,60
Harry Potter and the Deathly Hallows Part 1,Fallen Warrior,Harry Potter,"I trust you with my life, Hagrid. I trust everyone in this room. Understood?",7,14
Harry Potter and the Deathly Hallows Part 1,Fallen Warrior,Garrick Ollivander,"No!  No!  I believed a different wand would work, I swear!",7,11
Harry Potter and the Deathly Hallows Part 1,Fallen Warrior,Garrick Ollivander,But it makes no sense...,7,5
Harry Potter and the Deathly Hallows Part 1,Fallen Warrior,Voldemort,"Perhaps our friend's loyalties lie elsewhere, Wormtail.",7,7
Harry Potter and the Deathly Hallows Part 1,Fallen Warrior,Garrick Ollivander,No!  There must be a way!  I'll think of something else!,7,11
Harry Potter and the Deathly Hallows Part 1,Fallen Warrior,Harry Potter,No one else is going to die.  Not for me.,7,10
Harry Potter and the Deathly Hallows Part 1,Fallen Warrior,Ron Weasley,"For you?  You think Madeye died for you?  You think George took that curse for you?  You may be the Chosen One, mate, but this is a whole lot bigger than that.",7,32
Harry Potter and the Deathly Hallows Part 1,Fallen Warrior,Ron Weasley,And leave Hermione?  Are you mad? We wouldn't last two days without her.,7,13
Harry Potter and the Deathly Hallows Part 1,Fallen Warrior,Ron Weasley,"Don't tell her I said that. Besides, you've still got the Trace on you.  And there's the wedding...",7,18
Harry Potter and the Deathly Hallows Part 1,Fallen Warrior,Ron Weasley,"Bill and Fleur.  Mum's been planning it for months.  Only thing that's kept her sane, I reckon.  She'll kill me if I miss it.  Kill you too.  Rather go face to face with You-Know-Who if I'm honest.",7,37
Harry Potter and the Deathly Hallows Part 1,Fallen Warrior,Harry Potter,I don't care about a bloody wedding -- no matter whose it is. I have to start searching for the Horcruxes.  It's the only chance we have to beat him.  And the longer we wait the stronger he gets.,7,39
Harry Potter and the Deathly Hallows Part 1,Fallen Warrior,Ron Weasley,"Tonight's not the night, mate. You'd only be doing him a favor.",7,12
Harry Potter and the Deathly Hallows Part 1,Fallen Warrior,Ron Weasley,Do you think he knows?,7,5
Harry Potter and the Deathly Hallows Part 1,Fallen Warrior,Ron Weasley,"I mean, they're bits of his soul, the Horcruxes.  Bits of him.  When Dumbledore destroyed the ring and you destroyed Tom Riddle's diary all those years ago -- he must've felt something right?",7,33
Harry Potter and the Deathly Hallows Part 1,Fallen Warrior,Ron Weasley,"What I'm saying is, if we do this thing right, if we find the Horcruxes and begin to destroy them one by one...",7,23
Harry Potter and the Deathly Hallows Part 1,Fallen Warrior,Ron Weasley,Won't he know he's being hunted?,7,6
Harry Potter and the Deathly Hallows Part 1,Dumbledore's Will,Ginny Weasley,Were you going to tell me?,7,6
Harry Potter and the Deathly Hallows Part 1,Dumbledore's Will,Ginny Weasley,And Ron and Hermione.  They'll not be going back to Hogwarts either?,7,12
Harry Potter and the Deathly Hallows Part 1,Dumbledore's Will,Harry Potter,"Dumbledore didn't want anyone to know what it is we're doing.  If I tell you, I'd be betraying him.",7,19
Harry Potter and the Deathly Hallows Part 1,Dumbledore's Will,Ginny Weasley,"Zip me up, will you.",7,5
Harry Potter and the Deathly Hallows Part 1,Dumbledore's Will,Ginny Weasley,"Seems silly, doesn't it?  A wedding.  Given everything that's going on.",7,11
Harry Potter and the Deathly Hallows Part 1,Dumbledore's Will,Harry Potter,Maybe that's the best reason to have it.  Because of everything that's going on.,7,14
Harry Potter and the Deathly Hallows Part 1,Dumbledore's Will,Arthur Weasley,"How's it look on your end, boys?",7,7
Harry Potter and the Deathly Hallows Part 1,Dumbledore's Will,George Weasley,"Bloody hell, what's the Minister of Magic doing here?",7,9
Harry Potter and the Deathly Hallows Part 1,Dumbledore's Will,Ron Weasley,Dunno.  But something tells me he didn't come to give away the bride.,7,13
Harry Potter and the Deathly Hallows Part 1,Dumbledore's Will,Harry Potter,"To what do we owe the pleasure, Minister?",7,8
Harry Potter and the Deathly Hallows Part 1,Dumbledore's Will,Rufus Scrimgeour,"I think we both know the answer to that question, Mr. Potter.",7,12
Harry Potter and the Deathly Hallows Part 1,Dumbledore's Will,Rufus Scrimgeour,"Don't be coy, Mr. Potter.  Mr. Weasley.  Would you say you were close to your former Headmaster?",7,17
Harry Potter and the Deathly Hallows Part 1,Dumbledore's Will,Ron Weasley,Dumbledore?  And me?  I dunno. I reckon I was just another Weasley to him.  He was always polite --,7,19
Harry Potter and the Deathly Hallows Part 1,Dumbledore's Will,Rufus Scrimgeour,"And you, Miss Granger?  How would you characterize your relationship?",7,10
Harry Potter and the Deathly Hallows Part 1,Dumbledore's Will,Hermione Granger,"We were friendly, not close like Harry, but --",7,9
Harry Potter and the Deathly Hallows Part 1,Dumbledore's Will,Rufus Scrimgeour,"This.  Despite the fact that neither of your friends appear to have been particularly close to their recently deceased Headmaster, he saw fit to remember them in his will.  Now why do you suppose that would be?",7,37
Harry Potter and the Deathly Hallows Part 1,Dumbledore's Will,Rufus Scrimgeour,"Come now, you don't expect me to believe...",7,8
Harry Potter and the Deathly Hallows Part 1,Dumbledore's Will,Rufus Scrimgeour,"'Herein is set forth the Last Will and Testament of Albus Percival Wulfric Brian Dumbledore.  First, to Ronald Bilius Weasley, I leave my Deluminator, a device of my own making, in the hope that -- when things seem most dark -- it will show him the light.'",7,47
Harry Potter and the Deathly Hallows Part 1,Dumbledore's Will,Ron Weasley,Dumbledore left this?  For me? Brilliant.  Er -- what is it?,7,11
Harry Potter and the Deathly Hallows Part 1,Dumbledore's Will,Rufus Scrimgeour,"'To Miss Hermione Jean Granger, I leave my copy of The Tales of Beedle the Bard, in the hope that she will find it entertaining and instructive.'",7,27
Harry Potter and the Deathly Hallows Part 1,Dumbledore's Will,Ron Weasley,"Mum used to read me those!  The Wizard and the Hopping Pot, Babbitty Rabbity and her Cackling Stump...",7,18
Harry Potter and the Deathly Hallows Part 1,Dumbledore's Will,Ron Weasley,"Oh, c'mon!  Beedle's stories are famous!  Babbity Rabbitty? No...?",7,9
Harry Potter and the Deathly Hallows Part 1,Dumbledore's Will,Rufus Scrimgeour,"'To Harry James Potter, I leave the Snitch he caught in his first Quidditch match at Hogwarts, as a reminder of the rewards of perseverance and skill.",7,27
Harry Potter and the Deathly Hallows Part 1,Dumbledore's Will,Rufus Scrimgeour,"Not quite.  Dumbledore left you a second bequest:  The Sword of Godric Gryffindor.  Unfortunately, the Sword of Gryffindor was not Dumbledore's to give away.  As an important historical artifact, it belongs...",7,31
Harry Potter and the Deathly Hallows Part 1,Dumbledore's Will,Hermione Granger,To Harry!  It belongs to Harry! It chose him!  It came to him in the Chamber of Secrets when he most needed it!,7,23
Harry Potter and the Deathly Hallows Part 1,Dumbledore's Will,Rufus Scrimgeour,"The sword may present itself to any worthy Gryffindor, Miss Granger.  That does not make it that wizard's property.  And in any event the current whereabouts of the sword are unknown.",7,31
Harry Potter and the Deathly Hallows Part 1,Dumbledore's Will,Rufus Scrimgeour,"The sword is missing. I won't pretend to be your friend, Mr. Potter.  But I assure you I'm not your enemy.",7,21
Harry Potter and the Deathly Hallows Part 1,Dumbledore's Will,Harry Potter,"You'll forgive me, Minister.  But it's a little hard to tell the difference these days.",7,15
Harry Potter and the Deathly Hallows Part 1,Dumbledore's Will,Rufus Scrimgeour,Dumbledore said something very similar the last time we spoke.,7,10
Harry Potter and the Deathly Hallows Part 1,Dumbledore's Will,Hermione Granger,"Where is your guard, sir?",7,5
Harry Potter and the Deathly Hallows Part 1,Dumbledore's Will,Rufus Scrimgeour,I came alone.  I don't really need them anymore...,7,9
Harry Potter and the Deathly Hallows Part 1,The Wedding,Remus Lupin,We want you to be the godfather.,7,7
Harry Potter and the Deathly Hallows Part 1,The Wedding,Harry Potter,You mean -- But that's brilliant -- I... don't know what to say.,7,13
Harry Potter and the Deathly Hallows Part 1,The Wedding,Luna Lovegood,"Oh, I've interrupted a deep thought, haven't I?  I can see it growing smaller in your eyes.",7,17
Harry Potter and the Deathly Hallows Part 1,The Wedding,Harry Potter,"No, 'course not.  How are you, Luna?",7,7
Harry Potter and the Deathly Hallows Part 1,The Wedding,Luna Lovegood,Very well.  I was bitten by a garden gnome only moments ago.,7,12
Harry Potter and the Deathly Hallows Part 1,The Wedding,Xenophilius Lovegood,Gnome saliva is enormously beneficial!  Xenophilius Lovegood. We live just over the hill!,7,13
Harry Potter and the Deathly Hallows Part 1,The Wedding,Harry Potter,"Nice to meet you, sir.",7,5
Harry Potter and the Deathly Hallows Part 1,The Wedding,Xenophilius Lovegood,"I trust you know, Mr. Potter, that we at The Quibbler, unlike those toadies at the Daily Prophet, fully supported Dumbledore during his lifetime and in his death support you just as fully.",7,33
Harry Potter and the Deathly Hallows Part 1,The Wedding,Luna Lovegood,"Come, Daddy.  Harry doesn't want to talk to us right now.  He's just too nice to say so.",7,18
Harry Potter and the Deathly Hallows Part 1,The Wedding,Harry Potter,Sir?  May I sit down?,7,5
Harry Potter and the Deathly Hallows Part 1,The Wedding,Elphias Doge,Mr. Potter!  By all means!,7,5
Harry Potter and the Deathly Hallows Part 1,The Wedding,Harry Potter,"I found what you wrote in the Daily Prophet very moving, sir.  I take it you knew Professor Dumbledore well?",7,20
Harry Potter and the Deathly Hallows Part 1,The Wedding,Elphias Doge,"I certainly knew him the longest, if you don't count his brother Aberforth -- and somehow, people never do seem to count Aberforth.",7,23
Harry Potter and the Deathly Hallows Part 1,The Wedding,Harry Potter,"I never even knew he had a brother, sir.",7,9
Harry Potter and the Deathly Hallows Part 1,The Wedding,Elphias Doge,"Yes, well, Dumbledore was always very private.  Even as a boy.",7,11
Harry Potter and the Deathly Hallows Part 1,The Wedding,Harry Potter,"Sir, I was wondering if you'd had much contact with him before he died.",7,14
Harry Potter and the Deathly Hallows Part 1,The Wedding,Elphias Doge,The occasional owl.  Though it was strange...,7,7
Harry Potter and the Deathly Hallows Part 1,The Wedding,Elphias Doge,It was the owls themselves.  They often arrived in distress.  It was clear they'd traveled great distances in some cases.,7,20
Harry Potter and the Deathly Hallows Part 1,The Wedding,Harry Potter,"Could you tell me from where they'd come, sir?",7,9
Harry Potter and the Deathly Hallows Part 1,The Wedding,Elphias Doge,"I'm afraid not.  Albus' messages mostly referenced our days together as schoolboys.  They were surprisingly intimate.  When he did speak of his current activities his words would turn elliptical.  Still, I sensed he was under great stress.  Why do you ask?",7,41
Harry Potter and the Deathly Hallows Part 1,The Wedding,Harry Potter,Just curious.  I was... close to Professor Dumbledore.,7,8
Harry Potter and the Deathly Hallows Part 1,The Wedding,Elphias Doge,"Well, he treasured you, Mr. Potter, I can attest to that.  I can also tell you that when a person passes, it's only natural to rue the things left unsaid, to regret the question never asked. I knew Albus nigh on 100 years, but in many ways he will always remain a riddle even to me.",7,56
Harry Potter and the Deathly Hallows Part 1,The Wedding,Elphias Doge,"That woman is a vulture, Muriel, and you well know it.",7,11
Harry Potter and the Deathly Hallows Part 1,The Wedding,Elphias Doge,"I'm sorry you think so, Muriel.  I assure you I was writing from the heart.",7,15
Harry Potter and the Deathly Hallows Part 1,The Wedding,Elphias Doge,A monstrous betrayal.  I can only conclude the rumors are true and that she has become untethered.,7,17
Harry Potter and the Deathly Hallows Part 1,The Wedding,Harry Potter,Who are you talking about?,7,5
Harry Potter and the Deathly Hallows Part 1,The Wedding,Harry Potter,"Oh, right.  Slipped my mind...",7,5
Harry Potter and the Deathly Hallows Part 1,The Wedding,Harry Potter,Godric's Hollow?  Bathilda Bagshot lives in Godric's Hollow?,7,8
Harry Potter and the Deathly Hallows Part 1,The Wedding,Harry Potter,Excuse me?  You don't mean to say Dumbledore lived there too?,7,11
Harry Potter and the Deathly Hallows Part 1,The Wedding,Elphias Doge,"Nice meeting you, Mr. Potter!",7,5
Harry Potter and the Deathly Hallows Part 1,Place to Hide,Hermione Granger,Shaftesbury Avenue.  I used to come here to the theater with my mum and dad.  Just popped into my head.  I don't know why...,7,24
Harry Potter and the Deathly Hallows Part 1,Place to Hide,Hermione Granger,Always the tone of surprise.,7,5
Harry Potter and the Deathly Hallows Part 1,Place to Hide,Harry Potter,Do you reckon everyone's alright at the wedding?  Maybe we should --,7,12
Harry Potter and the Deathly Hallows Part 1,Place to Hide,Ron Weasley,"They were after you, mate.  We'd just put everyone in danger going back.",7,13
Harry Potter and the Deathly Hallows Part 1,Place to Hide,Ron Weasley,So where do we go from here?  The Leaky Cauldron?,7,10
Harry Potter and the Deathly Hallows Part 1,Place to Hide,Hermione Granger,"Too dangerous.  If Voldemort's taken over the Ministry, none of the old places are safe.",7,15
Harry Potter and the Deathly Hallows Part 1,Place to Hide,Harry Potter,My rucksack.  With all my things. I left it back at the Burrow --,7,14
Harry Potter and the Deathly Hallows Part 1,Place to Hide,Hermione Granger,I've had the essentials packed for days.  Just in case.,7,10
Harry Potter and the Deathly Hallows Part 1,Place to Hide,Ron Weasley,By the way -- these jeans?  Not my favorite.  Bit tight.,7,11
Harry Potter and the Deathly Hallows Part 1,Place to Hide,Harry Potter,"Lock the door, get the lights.",7,6
Harry Potter and the Deathly Hallows Part 1,Place to Hide,Harry Potter,This one's name is Rowle.  He was on the Astronomy Tower the night Snape killed Dumbledore.,7,16
Harry Potter and the Deathly Hallows Part 1,Place to Hide,Ron Weasley,This is Dolohov.  I recognize him from the wanted posters.,7,10
Harry Potter and the Deathly Hallows Part 1,Place to Hide,Ron Weasley,"So what do we do with you, huh? Kill us if it was turned round, wouldn't you?",7,17
Harry Potter and the Deathly Hallows Part 1,Place to Hide,Ron Weasley,Suppose it's him that did Mad-Eye. How would you feel then?,7,11
Harry Potter and the Deathly Hallows Part 1,Place to Hide,Harry Potter,"It's better we wipe their memories.  We kill them, they'll know we were here.",7,14
Harry Potter and the Deathly Hallows Part 1,Place to Hide,Ron Weasley,You're the best with spells.,7,5
Harry Potter and the Deathly Hallows Part 1,Place to Hide,Harry Potter,How is it they knew we were there?,7,8
Harry Potter and the Deathly Hallows Part 1,Place to Hide,Hermione Granger,Maybe you still have the Trace on you.,7,8
Harry Potter and the Deathly Hallows Part 1,Place to Hide,Ron Weasley,Can't be. The Trace breaks at seventeen. It's Wizarding law.,7,10
Harry Potter and the Deathly Hallows Part 1,Place to Hide,Hermione Granger,"We didn't celebrate your birthday, Harry.  Ginny and I -- we'd prepared a cake.  We were going to bring it out at the end of the wedding...",7,27
Harry Potter and the Deathly Hallows Part 1,Place to Hide,Harry Potter,Hermione.  I appreciate the thought -- honestly.  But given that we were almost killed by a couple of Death Eaters a few minutes ago...,7,24
Harry Potter and the Deathly Hallows Part 1,Place to Hide,Ron Weasley,"We've got to get off the streets, get somewhere safe.",7,10
Harry Potter and the Deathly Hallows Part 1,Place to Hide,Hermione Granger,"Mad-eye's doing, I'd guess.  In case Snape decided to come snooping.",7,11
Harry Potter and the Deathly Hallows Part 1,Place to Hide,Hermione Granger,It's a spell to reveal human presence.,7,7
Harry Potter and the Deathly Hallows Part 1,Place to Hide,Lily Potter,Dear Sirius.  Thank you for Harry's birthday present.  You'd think he'd been born on a broom.,7,16
Harry Potter and the Deathly Hallows Part 1,Place to Hide,Lily Potter,"James says he's got the look of a Seeker, but then James would.  We had a very quiet birthday tea, just us and old Bathilda, who dotes on Harry.  Wormy dropped by late in the day, but seemed down and didn't stay long.  James is frustrated being shut up here, but Dumbledore's still got his Invisibility Cloak, so he doesn't have much choice.  By the way, Bathilda tells the most amazing stories about our old Headmaster. I don't know how much to believe. Can it really be true that Dumbledore --",7,91
Harry Potter and the Deathly Hallows Part 1,Place to Hide,Ron Weasley,Good!  Tell him from me he's a git!,7,8
Harry Potter and the Deathly Hallows Part 1,Place to Hide,Hermione Granger,"Harry, you can't just disappear. We thought --",7,8
Harry Potter and the Deathly Hallows Part 1,Place to Hide,Hermione Granger,It's from your Mum.  To Sirius. Bathilda Bagshot...?,7,8
Harry Potter and the Deathly Hallows Part 1,Place to Hide,Harry Potter,"Yeah.  They knew her.  She wrote A History of Magic, you know.",7,12
Harry Potter and the Deathly Hallows Part 1,Place to Hide,Harry Potter,I'm thinking maybe we should go talk to her.  She still lives in Godric's Hollow.  I'm thinking maybe she could help us.,7,22
Harry Potter and the Deathly Hallows Part 1,Place to Hide,Hermione Granger,"Harry.  I can imagine why you'd want to go there, but... I don't think Bathilda Bagshot is going to know where Voldemort hid his Horcruxes.",7,25
Harry Potter and the Deathly Hallows Part 1,Place to Hide,Ron Weasley,Hey!  I think you two better come down here.,7,9
Harry Potter and the Deathly Hallows Part 1,Place to Hide,Ron Weasley,"The two clinging to the tree are Death Eaters for sure.  Dunno 'bout the bloke on the bench. Can't see us, of course.  But we'll have to be careful coming and going.  C'mon.  There's something else you need to see.",7,40
Harry Potter and the Deathly Hallows Part 1,Place to Hide,Harry Potter,To the Dark Lord.  I know I will be dead long before you read this... I have stolen the real Horcrux and intend to destroy it...,7,26
Harry Potter and the Deathly Hallows Part 1,Place to Hide,Hermione Granger,"Yes.  Question is, did he actually destroy the real Horcrux?",7,10
Harry Potter and the Deathly Hallows Part 1,Kreacher's Tale,Harry Potter,"Been spying on us, have you?",7,6
Harry Potter and the Deathly Hallows Part 1,Kreacher's Tale,Kreacher,Kreacher has been... watching. Kreacher always watches.,7,7
Harry Potter and the Deathly Hallows Part 1,Kreacher's Tale,Harry Potter,"Kreacher, I own this place. Sirius left it to me.  Which means I own you too.",7,16
Harry Potter and the Deathly Hallows Part 1,Kreacher's Tale,Kreacher,That was Master Regulus' locket.,7,5
Harry Potter and the Deathly Hallows Part 1,Kreacher's Tale,Harry Potter,"That's right.  But there were two, weren't there?",7,8
Harry Potter and the Deathly Hallows Part 1,Kreacher's Tale,Kreacher,Kreacher doesn't know where the other locket is.,7,8
Harry Potter and the Deathly Hallows Part 1,Kreacher's Tale,Hermione Granger,But was it here?  Did you ever see it?,7,9
Harry Potter and the Deathly Hallows Part 1,Kreacher's Tale,Kreacher,Filthy Mudblood -- The Death Eaters will soon be coming for you!,7,12
Harry Potter and the Deathly Hallows Part 1,Kreacher's Tale,Kreacher,"Yes.  It was here, in this house. A most evil object...",7,11
Harry Potter and the Deathly Hallows Part 1,Kreacher's Tale,Kreacher,"Before he died, Master Regulus ordered Kreacher to destroy it. It was the last thing he asked of Kreacher.  But no matter how Kreacher tried, he could not..",7,28
Harry Potter and the Deathly Hallows Part 1,Kreacher's Tale,Harry Potter,"Where is it now?  Did someone take it, Kreacher?",7,9
Harry Potter and the Deathly Hallows Part 1,Kreacher's Tale,Kreacher,"He came in the night.  He took many things, including the locket.",7,12
Harry Potter and the Deathly Hallows Part 1,Kreacher's Tale,Harry Potter,"Who, Kreacher?  Who was it?",7,5
Harry Potter and the Deathly Hallows Part 1,Kreacher's Tale,Neville Longbottom,"He's not here, you fools.",7,5
Harry Potter and the Deathly Hallows Part 1,Kreacher's Tale,Hermione Granger,"Snitches.  They're never touched by bare skin until the Seeker captures it.  Even the wizard who fabricates it wears gloves.  That way, if there's a dispute, the Snitch can identify who first touched it.",7,34
Harry Potter and the Deathly Hallows Part 1,Kreacher's Tale,Harry Potter,You mean... it remembers me?,7,5
Harry Potter and the Deathly Hallows Part 1,Kreacher's Tale,Hermione Granger,"When Scrimgeour first gave it to you, I thought it might open at your touch -- that Dumbledore had hidden something in it.",7,23
Harry Potter and the Deathly Hallows Part 1,Theft of a Thief,Dobby,Harry Potter!  So long it's been --,7,7
Harry Potter and the Deathly Hallows Part 1,Theft of a Thief,Kreacher,"As requested, Kreacher has returned with the thief Mundungus Fletcher!",7,10
Harry Potter and the Deathly Hallows Part 1,Theft of a Thief,Dobby,Dobby has also returned with the thief Mundungus Fletcher!,7,9
Harry Potter and the Deathly Hallows Part 1,Theft of a Thief,Dobby,"Dobby was only trying to help! Dobby saw Kreacher in Diagon Alley, which Dobby thought was curious.  And then Dobby heard Kreacher mention Harry Potter's name, which Dobby thought was very curious.  And then Dobby saw that Kreacher was talking to the thief Mundungus Fletcher, which Dobby thought was very, very --",7,52
Harry Potter and the Deathly Hallows Part 1,Theft of a Thief,Ron Weasley,"You're a thief, Dung.  Everyone knows it.",7,7
Harry Potter and the Deathly Hallows Part 1,Theft of a Thief,Dobby,Master Weasley!  So good to see you again!,7,8
Harry Potter and the Deathly Hallows Part 1,Theft of a Thief,Ron Weasley,Piece of advice.  Let's not rehash old times.  Got it... mate?,7,11
Harry Potter and the Deathly Hallows Part 1,Theft of a Thief,Harry Potter,"When you turned this place over -- don't deny it! -- you found a locket, am I right?",7,18
Harry Potter and the Deathly Hallows Part 1,Theft of a Thief,Ron Weasley,No.  He's worried he should have got more money for it.,7,11
Harry Potter and the Deathly Hallows Part 1,Theft of a Thief,Harry Potter,Who was she?  This witch?,7,5
Harry Potter and the Deathly Hallows Part 1,Ministry Interior,Ron Weasley,Right. So let's do it.  Who gets who?,7,8
Harry Potter and the Deathly Hallows Part 1,Ministry Interior,Hermione Granger,"Well, unless one of you fancies wearing a skirt...",7,9
Harry Potter and the Deathly Hallows Part 1,Ministry Interior,Hermione Granger,Remember what we said.  Keep your eyes down.  Don't speak to anyone unless absolutely necessary.  Act as normal as possible.  Just do what you see everyone else doing. We do that -- and with a bit of luck -- we get ourselves inside. And then...,7,45
Harry Potter and the Deathly Hallows Part 1,Ministry Interior,Ron Weasley,"The world's mental.  Come on, drink up.  We've got a Horcrux to find.",7,13
Harry Potter and the Deathly Hallows Part 1,Ministry Interior,Ron Weasley,"In case you're interested, I'm Reg Cattermole, Magical Maintenance Department.",7,10
Harry Potter and the Deathly Hallows Part 1,Ministry Interior,Hermione Granger,"Mafalda Hopkirk, assistant in the Improper Use of Magic Office.",7,10
Harry Potter and the Deathly Hallows Part 1,Ministry Interior,Ron Weasley,What do you reckon he meant by 'Good luck.'?,7,9
Harry Potter and the Deathly Hallows Part 1,Ministry Interior,Hermione Granger,Muggles.  In their rightful place.,7,5
Harry Potter and the Deathly Hallows Part 1,Ministry Interior,Hermione Granger,You appear to be quite popular.,7,6
Harry Potter and the Deathly Hallows Part 1,Ministry Interior,Ron Weasley,"I gotta tell you, I'm starting to freak out a bit.",7,11
Harry Potter and the Deathly Hallows Part 1,Ministry Interior,Harry Potter,The Ministry must be hiring young these days.,7,8
Harry Potter and the Deathly Hallows Part 1,Ministry Interior,Ron Weasley,They're not Ministry.  They're Snatchers.  They hunt Muggle-borns and blood-traitors for a price.,7,13
Harry Potter and the Deathly Hallows Part 1,Ministry Interior,Harry Potter,"How long did you say this batch of Polyjuice Potion would last, Hermione?",7,13
Harry Potter and the Deathly Hallows Part 1,Ministry Interior,Ron Weasley,Really?  Have you tried an umbrella?,7,6
Harry Potter and the Deathly Hallows Part 1,Ministry Interior,Ron Weasley,Oh my god.  What am I going to do? My wife's all alone downstairs?,7,14
Harry Potter and the Deathly Hallows Part 1,Ministry Interior,Harry Potter,Ron.  You don't have a wife.,7,6
Harry Potter and the Deathly Hallows Part 1,Ministry Interior,Harry Potter,"Look, we'll go with you --",7,6
Harry Potter and the Deathly Hallows Part 1,Ministry Interior,Ron Weasley,"No, that's mad.  You two find Umbridge.  I'll be fine.  But how do I stop it raining?",7,17
Harry Potter and the Deathly Hallows Part 1,Ministry Interior,Hermione Granger,Try Finite Incantatem.  Of course if something's gone wrong with an Atmospheric Charm --,7,14
Harry Potter and the Deathly Hallows Part 1,Ministry Interior,Ron Weasley,"Finite Incantatem, okay.  And if that doesn't work...?",7,8
Harry Potter and the Deathly Hallows Part 1,Ministry Interior,Hermione Granger,I don't like him being on his own down there.,7,10
Harry Potter and the Deathly Hallows Part 1,Ministry Interior,Harry Potter,Ron's been coming here since he was two years old.  It's us you should be worrying about.,7,17
Harry Potter and the Deathly Hallows Part 1,Ministry Interior,Hermione Granger,"You really have horrible teeth, you know that.",7,8
Harry Potter and the Deathly Hallows Part 1,Ministry Interior,Harry Potter,"I say if we don't locate Umbridge within the hour, we go find Ron and come back another day.  Deal?",7,20
Harry Potter and the Deathly Hallows Part 1,Ministry Interior,Dolores Umbridge,"Ah, Mafalda!  Travers sent you, did he?  Good.  We'll go straight down.",7,12
Harry Potter and the Deathly Hallows Part 1,Ministry Interior,Ron Weasley,"Harry!  Blimey, I forgot what you looked like.  Where's Hermione?",7,10
Harry Potter and the Deathly Hallows Part 1,Ministry Interior,Harry Potter,She went down to the courtrooms with Umbridge --,7,9
Harry Potter and the Deathly Hallows Part 1,Ministry Interior,Arthur Weasley,"I understand, Wakinda, but I can't be a party to that.",7,11
Harry Potter and the Deathly Hallows Part 1,Ministry Interior,Arthur Weasley,"Hello, Reg.  Isn't Mary in for questioning today?  Try to have faith.  If there's anything Molly and I can do for you --",7,23
Harry Potter and the Deathly Hallows Part 1,Ministry Interior,Arthur Weasley,Tell him to try an umbrella.,7,6
Harry Potter and the Deathly Hallows Part 1,Ministry Interior,Harry Potter,"Arthur!  You know you're being tracked, don't you?",7,8
Harry Potter and the Deathly Hallows Part 1,Ministry Interior,Arthur Weasley,"Is that a threat, Runcorn?",7,5
Harry Potter and the Deathly Hallows Part 1,Ministry Interior,Harry Potter,"No, Arthur.  It's a fact.  They're watching you.",7,8
Harry Potter and the Deathly Hallows Part 1,Ministry Interior,Harry Potter,I'll tell you later.  Let's find Hermione.,7,7
Harry Potter and the Deathly Hallows Part 1,Ministry Interior,Dolores Umbridge,"Mother to Maisie, Ellie and Alfred?  Wife to Reginald?",7,9
Harry Potter and the Deathly Hallows Part 1,Ministry Interior,Dolores Umbridge,"A wand was taken from you upon your arrival at the Ministry today, Mrs. Cattermole.  Is this that wand?",7,19
Harry Potter and the Deathly Hallows Part 1,Ministry Interior,Dolores Umbridge,Would you please tell the court from which witch or wizard you took this wand.,7,15
Harry Potter and the Deathly Hallows Part 1,Ministry Interior,Dolores Umbridge,"No, no, I don't think so, Mrs. Cattermole.  Wands only choose witches.  And you are not a witch.",7,18
Harry Potter and the Deathly Hallows Part 1,Ministry Interior,Dolores Umbridge,"What the devil are you doing, Albert?",7,7
Harry Potter and the Deathly Hallows Part 1,Ministry Interior,Harry Potter,"You're lying.  And one mustn't tell lies, Dolores... Stupefy!",7,9
Harry Potter and the Deathly Hallows Part 1,Ministry Interior,Ron Weasley,"'Tis, isn't it?  This'll be one to tell the kids.",7,10
Harry Potter and the Deathly Hallows Part 1,Ministry Interior,Hermione Granger,Harry... they've seen you.  We've got to get out of here.,7,11
Harry Potter and the Deathly Hallows Part 1,Ministry Interior,Ron Weasley,"Mary.  Go home.  Get the kids. I'll... I'll meet you there.  We have to get out the country, understand?",7,19
Harry Potter and the Deathly Hallows Part 1,Ministry Interior,Ron Weasley,Mary!  Do as I say!,7,5
Harry Potter and the Deathly Hallows Part 1,Ministry Interior,Ron Weasley,I'm sorry.  It's just --,7,5
Harry Potter and the Deathly Hallows Part 1,Ministry Interior,Ron Weasley,Long story.  Nice meeting you.,7,5
Harry Potter and the Deathly Hallows Part 1,Forest Fugitives,Hermione Granger,"Harry, quickly, in my bag, there's a small bottle labeled 'Essence of Dittany.'",7,13
Harry Potter and the Deathly Hallows Part 1,Forest Fugitives,Harry Potter,What happened?  I thought we were going back to Grimmauld Place.,7,11
Harry Potter and the Deathly Hallows Part 1,Forest Fugitives,Hermione Granger,"We were.  We were there.  But Yaxley had hold of me.  I knew we couldn't stay once he'd seen, so when he let go I brought us here. Ron got Splinched.  I'm... sorry.",7,33
Harry Potter and the Deathly Hallows Part 1,Forest Fugitives,Hermione Granger,It's all I feel safe doing.,7,6
Harry Potter and the Deathly Hallows Part 1,Forest Fugitives,Hermione Granger,"Protective enchantments.  I don't fancy another visit like we had on Shaftesbury Avenue, do you? Especially with Ron like this. You can get going on the tent...",7,27
Harry Potter and the Deathly Hallows Part 1,Forest Fugitives,Harry Potter,Tent?  Where am I supposed to find --,7,8
Harry Potter and the Deathly Hallows Part 1,Forest Fugitives,Hermione Granger,How're the mushrooms?  Seem to be the only edible things growing round here.,7,13
Harry Potter and the Deathly Hallows Part 1,Forest Fugitives,Hermione Granger,Make sure to leave some for Ron.,7,7
Harry Potter and the Deathly Hallows Part 1,Forest Fugitives,Hermione Granger,"He'll be alright in a few days. Hopefully.  If we could take him to Hogwarts, to Madam Pomfrey --",7,19
Harry Potter and the Deathly Hallows Part 1,Forest Fugitives,Hermione Granger,So where do we go next?,7,6
Harry Potter and the Deathly Hallows Part 1,Forest Fugitives,Harry Potter,"Dumbledore had a theory.  He felt that the Horcruxes would not be made out of random objects.  And he felt they wouldn't be hidden randomly either.  We know of three so far.  The ring, which according to Dumbledore belonged to Tom Riddle's grandfather.  The diary, which belonged to Tom himself. And this, which -- again, according to Dumbledore -- belonged to his mother.",7,63
Harry Potter and the Deathly Hallows Part 1,Forest Fugitives,Hermione Granger,"It scares me a bit, that, thinking it's a piece of Vol--",7,12
Harry Potter and the Deathly Hallows Part 1,Forest Fugitives,Ron Weasley,"No, don't!  Don't say it!",7,5
Harry Potter and the Deathly Hallows Part 1,Forest Fugitives,Ron Weasley,It's taboo -- You-Know-Who's name. That's how they track people now. It's how they found us in the cafe that night.,7,21
Harry Potter and the Deathly Hallows Part 1,Forest Fugitives,Ron Weasley,"I overheard a bloke from the Enforcement office talking about it at the Ministry.  Blimey, what's that smell?",7,18
Harry Potter and the Deathly Hallows Part 1,Forest Fugitives,Ron Weasley,Not bloody likely.  Smells like something Ginny would cook.,7,9
Harry Potter and the Deathly Hallows Part 1,Forest Fugitives,Harry Potter,"I know.  I felt it too. It's... it's like it's ticking or something, like it has a tiny metal heart, like it's --",7,23
Harry Potter and the Deathly Hallows Part 1,Forest Fugitives,Hermione Granger,I hate it.  It's like he's here with us.,7,9
Harry Potter and the Deathly Hallows Part 1,Forest Fugitives,Harry Potter,That's why we're going to kill it.,7,7
Harry Potter and the Deathly Hallows Part 1,Forest Fugitives,Harry Potter,We have to keep it safe until we can figure out how to destroy it.,7,15
Harry Potter and the Deathly Hallows Part 1,Forest Fugitives,Hermione Granger,I can put it in my bag --,7,8
Harry Potter and the Deathly Hallows Part 1,Forest Fugitives,Ron Weasley,"Seems strange, mate.  Dumbledore sends you off to find a load of Horcruxes, but doesn't bother to tell you how to destroy them. Doesn't that bother you?",7,27
Harry Potter and the Deathly Hallows Part 1,Forest Fugitives,Voldemort,"You wouldn't be lying to me, would you, Gregorovitch?  Because, I must tell you... that will only make it worse for you...",7,22
Harry Potter and the Deathly Hallows Part 1,Forest Fugitives,Voldemort,Who was he?  The thief?,7,5
Harry Potter and the Deathly Hallows Part 1,Forest Fugitives,Hermione Granger,I thought it had stopped.,7,5
Harry Potter and the Deathly Hallows Part 1,Forest Fugitives,Hermione Granger,"You can't let him in, Harry. Dumbledore himself said it.  You have to close your mind.  It's too dangerous --",7,20
Harry Potter and the Deathly Hallows Part 1,Forest Fugitives,Harry Potter,"It's not a candle I can blow out, Hermione.  It always burns, even if it's just a flicker.  Can you understand that?",7,22
Harry Potter and the Deathly Hallows Part 1,Forest Fugitives,Hermione Granger,Tell me. What you saw.,7,5
Harry Potter and the Deathly Hallows Part 1,Forest Fugitives,Harry Potter,You-Know-Who.  He's found Gregorovitch --,7,5
Harry Potter and the Deathly Hallows Part 1,Forest Fugitives,Hermione Granger,Viktor got his wand from Gregorovitch.  Most Durmstrang students did at one time.  What's he got to do with You-Know-Who?,7,20
Harry Potter and the Deathly Hallows Part 1,Forest Fugitives,Harry Potter,You-Know-Who wants something Gregorovitch once had -- dunno what.  But he's desperate to have it.  It's as if his life depends on it.,7,23
Harry Potter and the Deathly Hallows Part 1,Forest Fugitives,Hermione Granger,Don't -- It... comforts him.,7,5
Harry Potter and the Deathly Hallows Part 1,Forest Fugitives,Harry Potter,Well it sets my teeth on edge. What's he expecting to hear?  Good news?,7,14
Harry Potter and the Deathly Hallows Part 1,Forest Fugitives,Hermione Granger,I think he just hopes he doesn't hear bad news.  It gets him through the day.,7,16
Harry Potter and the Deathly Hallows Part 1,Forest Fugitives,Harry Potter,And what gets you through the day?,7,7
Harry Potter and the Deathly Hallows Part 1,Forest Fugitives,Hermione Granger,"We've all made sacrifices, Harry.",7,5
Harry Potter and the Deathly Hallows Part 1,Forest Fugitives,Harry Potter,How long before he can travel?,7,6
Harry Potter and the Deathly Hallows Part 1,Forest Fugitives,Hermione Granger,I don't know.  It takes time.  I'm doing all I can.,7,11
Harry Potter and the Deathly Hallows Part 1,Forest Fugitives,Hermione Granger,It's cold.  Even though it's been lying against your skin for days.,7,12
Harry Potter and the Deathly Hallows Part 1,Getting Too Close,Harry Potter,Good to know your enchantments work.,7,6
Harry Potter and the Deathly Hallows Part 1,Getting Too Close,Hermione Granger,He could smell it.  My perfume.,7,6
Harry Potter and the Deathly Hallows Part 1,Broken Ranks,Harry Potter,We have to leave.  We're not safe here.,7,8
Harry Potter and the Deathly Hallows Part 1,Broken Ranks,Hermione Granger,I told you.  Ron's not strong enough to Apparate.,7,9
Harry Potter and the Deathly Hallows Part 1,Broken Ranks,Harry Potter,Then we'll go by foot.,7,5
Harry Potter and the Deathly Hallows Part 1,Broken Ranks,Ron Weasley,Mum can make food appear out of thin air.,7,9
Harry Potter and the Deathly Hallows Part 1,Broken Ranks,Hermione Granger,No one can conjure food out of thin air.  Food is the first of the five Principal Exceptions to Gamp's Law.  The other four are --,7,26
Harry Potter and the Deathly Hallows Part 1,Broken Ranks,Ron Weasley,"Oh, speak English, can't you?",7,5
Harry Potter and the Deathly Hallows Part 1,Broken Ranks,Harry Potter,It'll be dark soon.  We need to find a place to sleep.,7,12
Harry Potter and the Deathly Hallows Part 1,Broken Ranks,Ron Weasley,"Yeah.  Brilliant.  Only, correct me if I'm wrong... wasn't that yesterday's plan?  And the day before that?  And the day before that?  Walk.  Sleep.  Walk. Sleep.",7,26
Harry Potter and the Deathly Hallows Part 1,Broken Ranks,Ron Weasley,"He doesn't know what he's doing, does he?",7,8
Harry Potter and the Deathly Hallows Part 1,Broken Ranks,Hermione Granger,I don't like this place.,7,5
Harry Potter and the Deathly Hallows Part 1,Broken Ranks,Hermione Granger,I'll tell you in a minute.,7,6
Harry Potter and the Deathly Hallows Part 1,Broken Ranks,Harry Potter,Maybe you could tell me now.,7,6
Harry Potter and the Deathly Hallows Part 1,Broken Ranks,Hermione Granger,Alright.  The Sword of Gryffindor? It's Goblin made.,7,8
Harry Potter and the Deathly Hallows Part 1,Broken Ranks,Hermione Granger,You don't understand.  Dirt and rust have no effect on the blade. It only takes in that which makes it stronger.,7,21
Harry Potter and the Deathly Hallows Part 1,Broken Ranks,Hermione Granger,"Harry.  You already destroyed one Horcrux, right?  Tom Riddle's diary -- in the Chamber of Secrets.",7,16
Harry Potter and the Deathly Hallows Part 1,Broken Ranks,Harry Potter,With a basilisk fang.  If you tell me you've got one of those in that bloody beaded bag of yours --,7,21
Harry Potter and the Deathly Hallows Part 1,Broken Ranks,Hermione Granger,"Don't you see!  In the Chamber of Secrets, you stabbed the basilisk with the Sword of Gryffindor.",7,17
Harry Potter and the Deathly Hallows Part 1,Broken Ranks,Hermione Granger,Its blade is impregnated with basilisk venom.,7,7
Harry Potter and the Deathly Hallows Part 1,Broken Ranks,Harry Potter,It only takes in that which makes it stronger...,7,9
Harry Potter and the Deathly Hallows Part 1,Broken Ranks,Harry Potter,... it can destroy Horcruxes.,7,5
Harry Potter and the Deathly Hallows Part 1,Broken Ranks,Hermione Granger,Which is why Dumbledore left it to you in his will.,7,11
Harry Potter and the Deathly Hallows Part 1,Broken Ranks,Hermione Granger,"Actually, I'm highly logical, which allows me to look past the extraneous detail and perceive clearly that which others overlook.",7,20
Harry Potter and the Deathly Hallows Part 1,Broken Ranks,Ron Weasley,"Yeah, I'm still here.  But you two carry on.  Don't let me spoil your fun.",7,15
Harry Potter and the Deathly Hallows Part 1,Broken Ranks,Ron Weasley,"Problem?  There's no problem.  Not according to you, anyway.",7,9
Harry Potter and the Deathly Hallows Part 1,Broken Ranks,Harry Potter,"Look, don't be shy.  If you've got something to say, spit it out.",7,13
Harry Potter and the Deathly Hallows Part 1,Broken Ranks,Ron Weasley,"All right, I'll spit it out. Don't expect me to skip up and down because now there's some other damn thing we've got to find.",7,25
Harry Potter and the Deathly Hallows Part 1,Broken Ranks,Harry Potter,I thought you knew what you signed up for.,7,9
Harry Potter and the Deathly Hallows Part 1,Broken Ranks,Ron Weasley,"Yeah, I thought I did too.",7,6
Harry Potter and the Deathly Hallows Part 1,Broken Ranks,Harry Potter,I don't understand.  What part of this isn't living up to your expectations?  Did you think we'd be staying in five-star hotels? Finding a Horcrux every other day? Did you think you'd be back to Mummy by Christmas?,7,38
Harry Potter and the Deathly Hallows Part 1,Broken Ranks,Ron Weasley,"No, I just reckoned after all this time, we'd have actually achieved something.  I reckoned you knew what you were doing.  I reckoned Dumbledore had told you something worthwhile! I reckoned you had a plan!",7,35
Harry Potter and the Deathly Hallows Part 1,Broken Ranks,Harry Potter,"I've told you everything Dumbledore told me! And in case you haven't noticed, we've found a Horcrux!",7,17
Harry Potter and the Deathly Hallows Part 1,Broken Ranks,Ron Weasley,"Yeah, and we're about as near getting rid of it as we are to finding the rest of them, aren't we!",7,21
Harry Potter and the Deathly Hallows Part 1,Broken Ranks,Hermione Granger,"Take it off, Ron.  Please take it off.  You wouldn't be talking like this if you hadn't been wearing it all day --",7,23
Harry Potter and the Deathly Hallows Part 1,Broken Ranks,Harry Potter,"Yeah, he would.  D'you think I haven't noticed the two of you whispering behind my back?  D'you think I haven't guessed what you were thinking?",7,25
Harry Potter and the Deathly Hallows Part 1,Broken Ranks,Ron Weasley,"Don't lie!  You said it, too, you said you were disappointed --",7,12
Harry Potter and the Deathly Hallows Part 1,Broken Ranks,Hermione Granger,I didn't!  Not like that!  Harry -- I didn't!,7,9
Harry Potter and the Deathly Hallows Part 1,Broken Ranks,Ron Weasley,"Do you know why I listen to that radio, every night?  Do you!  To make sure I don't hear Ginny's name or Fred or George or Mum or --",7,29
Harry Potter and the Deathly Hallows Part 1,Broken Ranks,Harry Potter,You think I don't listen!  You think I don't know what it's like --,7,14
Harry Potter and the Deathly Hallows Part 1,Broken Ranks,Harry Potter,Go then.  But leave that.,7,5
Harry Potter and the Deathly Hallows Part 1,Broken Ranks,Ron Weasley,Are you staying?  Or coming?,7,5
Harry Potter and the Deathly Hallows Part 1,Broken Ranks,Ron Weasley,"Fine.  I get it.  I saw you two the other night.  Yeah, that's right.  Didn't know I knew, did you?",7,20
Harry Potter and the Deathly Hallows Part 1,Broken Ranks,Hermione Granger,"What?  Ron, no -- please --",7,6
Harry Potter and the Deathly Hallows Part 1,Clues Revealed,Harry Potter,You were right.  It's like you said.  Snitches have flesh memories.  But I didn't catch my first Snitch with my hand.  I almost swallowed it.,7,25
Harry Potter and the Deathly Hallows Part 1,Clues Revealed,Hermione Granger,'I open at the close?',7,5
Harry Potter and the Deathly Hallows Part 1,Clues Revealed,Harry Potter,What do you reckon it means?,7,6
Harry Potter and the Deathly Hallows Part 1,Clues Revealed,Hermione Granger,"I don't know.  But look, I've found something as well...",7,10
Harry Potter and the Deathly Hallows Part 1,Clues Revealed,Hermione Granger,"I thought it was a picture of an eye, but now I don't think it is. It isn't a rune and it's not in Spellman's Syllabary either.  And it's been inked in -- somebody drew it -- it isn't part of the book.",7,43
Harry Potter and the Deathly Hallows Part 1,Clues Revealed,Harry Potter,"Luna's dad was wearing that, at Ron- At Bill and Fleur's wedding.",7,12
Harry Potter and the Deathly Hallows Part 1,Clues Revealed,Hermione Granger,What d'you mean -- wearing it?,7,6
Harry Potter and the Deathly Hallows Part 1,Clues Revealed,Harry Potter,Around his neck.  Like an amulet. I didn't think much of it at the time.  You know Luna -- she's always got some mad thing or the other she's carrying around.  I just figured it ran in the family.,7,39
Harry Potter and the Deathly Hallows Part 1,Clues Revealed,Hermione Granger,Why would someone have drawn it in a children's book?,7,10
Harry Potter and the Deathly Hallows Part 1,Clues Revealed,Harry Potter,"Hermione, I've been thinking.  I -- I want to go to Godric's Hollow. It's where I was born, it's where my parents died --",7,24
Harry Potter and the Deathly Hallows Part 1,Clues Revealed,Hermione Granger,And it's exactly where You-Know- Who will expect you to go. Because it means something to you.,7,17
Harry Potter and the Deathly Hallows Part 1,Clues Revealed,Harry Potter,"But it means something to him too, Hermione.  You-Know-Who nearly died there.  Wouldn't that be just the kind of place he'd hide a Horcrux?",7,24
Harry Potter and the Deathly Hallows Part 1,Clues Revealed,Hermione Granger,"It's dangerous, Harry.  But I have to admit, recently even I've been thinking we might have to go.  I think it's possible something else is hidden there. The sword.  If Dumbledore didn't want it falling into the Ministry's hands, but wanted you to find it, what better place to hide it than the birthplace of the founder of Gryffindor himself?",7,60
Harry Potter and the Deathly Hallows Part 1,Clues Revealed,Harry Potter,"Godric's Hollow is the birthplace of Godric Gryffindor -- I mean, 'course it is.  Obvious, isn't it?",7,17
Harry Potter and the Deathly Hallows Part 1,Clues Revealed,Hermione Granger,"Harry, did you ever even open A History of Magic?",7,10
Harry Potter and the Deathly Hallows Part 1,Clues Revealed,Harry Potter,Tossed it at Neville once when he was snoring -- might've popped open.,7,13
Harry Potter and the Deathly Hallows Part 1,Clues Revealed,Hermione Granger,Don't ever let me give you a haircut again.,7,9
Harry Potter and the Deathly Hallows Part 1,Godric's Hollow,Hermione Granger,I still think we should've used Polyjuice Potion.,7,8
Harry Potter and the Deathly Hallows Part 1,Godric's Hollow,Harry Potter,No.  This is where I was born. I'm not returning as someone else.,7,13
Harry Potter and the Deathly Hallows Part 1,Godric's Hollow,Hermione Granger,"Harry, I think it's Christmas Eve! Listen...",7,7
Harry Potter and the Deathly Hallows Part 1,Godric's Hollow,Harry Potter,Do you think they'd be in there? My mum and dad?,7,11
Harry Potter and the Deathly Hallows Part 1,Godric's Hollow,Hermione Granger,Yeah. I think they would.,7,5
Harry Potter and the Deathly Hallows Part 1,Godric's Hollow,Hermione Granger,Did you know he had a sister?,7,7
Harry Potter and the Deathly Hallows Part 1,Godric's Hollow,Hermione Granger,Someone's watching us.  By the gate.,7,6
Harry Potter and the Deathly Hallows Part 1,Godric's Hollow,Hermione Granger,I don't think this is a good idea.,7,8
Harry Potter and the Deathly Hallows Part 1,Godric's Hollow,Harry Potter,We look like ordinary Muggles.,7,5
Harry Potter and the Deathly Hallows Part 1,Godric's Hollow,Hermione Granger,Muggles who've just been laying flowers on your parents' grave.,7,10
Harry Potter and the Deathly Hallows Part 1,Godric's Hollow,Harry Potter,Relax.  This is right.  I know it.,7,7
Harry Potter and the Deathly Hallows Part 1,Godric's Hollow,Harry Potter,"This is where they died, Hermione. This is where he murdered them.",7,12
Harry Potter and the Deathly Hallows Part 1,Bathilda's Secret,Hermione Granger,"Harry, I'm not sure about this.",7,6
Harry Potter and the Deathly Hallows Part 1,Bathilda's Secret,Harry Potter,"Hermione, she knew Dumbledore. She might have the sword. Besides, she's barely knee-high to a house-elf.  I think we can overpower her if it turns ugly.",7,26
Harry Potter and the Deathly Hallows Part 1,Bathilda's Secret,Hermione Granger,There's something odd about her. And what's that smell?,7,9
Harry Potter and the Deathly Hallows Part 1,Bathilda's Secret,Harry Potter,Here.  Let me do that.,7,5
Harry Potter and the Deathly Hallows Part 1,Bathilda's Secret,Hermione Granger,"You have a lovely house, Miss Bagshot.",7,7
Harry Potter and the Deathly Hallows Part 1,Bathilda's Secret,Harry Potter,Miss Bagshot?  Who is this man?,7,6
Harry Potter and the Deathly Hallows Part 1,Bathilda's Secret,Harry Potter,His name.  Can you tell me his name?,7,8
Harry Potter and the Deathly Hallows Part 1,Bathilda's Secret,Harry Potter,"This is him, Hermione.  The one I saw in Gregorovitch's wandshop. The thief.  Miss Bagshot, who is he?",7,18
Harry Potter and the Deathly Hallows Part 1,Bathilda's Secret,Harry Potter,She wants us to go upstairs.,7,6
Harry Potter and the Deathly Hallows Part 1,Bathilda's Secret,Harry Potter,She wants me to go.  Alone.,7,6
Harry Potter and the Deathly Hallows Part 1,Bathilda's Secret,Harry Potter,It's all right.  You stay here.,7,6
Harry Potter and the Deathly Hallows Part 1,Bathilda's Secret,Hermione Granger,"Harry... Harry, can you hear me...?",7,6
Harry Potter and the Deathly Hallows Part 1,Bathilda's Secret,Hermione Granger,I'm fine.  But you've been sick. Rest... Rest a bit more...,7,11
Harry Potter and the Deathly Hallows Part 1,Bathilda's Secret,Harry Potter,You've outdone yourself this time.,7,5
Harry Potter and the Deathly Hallows Part 1,Bathilda's Secret,Hermione Granger,"The Forest of Dean.  I came here once with my mum and dad, years ago.  It's just how I remember it. The trees.  The river.  It's like nothing's changed.  Not true, of course.  Everything's changed.  If I brought my parents here, they wouldn't recognize any of it.  Not the trees.  Not the river.  Not... me.",7,55
Harry Potter and the Deathly Hallows Part 1,Bathilda's Secret,Hermione Granger,"Wendell and Monica Wilkens now reside happily in Sydney, Australia.  They have two dogs, run a small sweet shop, but floss daily.  No children.",7,24
Harry Potter and the Deathly Hallows Part 1,Bathilda's Secret,Hermione Granger,"Maybe we should just stay here, Harry.  Grow old.",7,9
Harry Potter and the Deathly Hallows Part 1,Bathilda's Secret,Hermione Granger,"You wanted to know who the boy in the photograph was.  Well, I know.",7,14
Harry Potter and the Deathly Hallows Part 1,Bathilda's Secret,Hermione Granger,"It was in Bathilda's sitting room. Rita Skeeter had sent it to her. Harry, it doesn't make for very nice reading --",7,22
Harry Potter and the Deathly Hallows Part 1,Bathilda's Secret,Harry Potter,"Who is he, Hermione?  The thief? Did Dumbledore know him?",7,10
Harry Potter and the Deathly Hallows Part 1,Bathilda's Secret,Harry Potter,"Tell me, Hermione.  Who is he?",7,6
Harry Potter and the Deathly Hallows Part 1,Bathilda's Secret,Hermione Granger,"Gellert Grindelwald.  He's not very well known in Britain, but there was a time, before You-Know- Who...",7,17
Harry Potter and the Deathly Hallows Part 1,Bathilda's Secret,Harry Potter,"Hermione, I don't need to have read A History of Magic to know who Gellert Grindelwald is.",7,17
Harry Potter and the Deathly Hallows Part 1,Bathilda's Secret,Hermione Granger,"When Grindelwald was seventeen, he was expelled from Durmstrang. He'd started doing some twisted things at school -- experiments. A few teachers had always protected him, but they couldn't anymore.  After he left, he traveled for awhile, then ended up in Godric's Hollow where his great aunt lived, Bathilda Bagshot.",7,50
Harry Potter and the Deathly Hallows Part 1,Bathilda's Secret,Harry Potter,"Get to the hard part, Hermione.",7,6
Harry Potter and the Deathly Hallows Part 1,Bathilda's Secret,Hermione Granger,"She introduced him to Dumbledore. It made sense.  Dumbledore's mother had just died, Grindelwald was troubled and they were both brilliant -- they'd never really had anyone they could talk to on the same level.  They did a lot of talking that summer.  But they always returned to one particular subject.",7,51
Harry Potter and the Deathly Hallows Part 1,Bathilda's Secret,Harry Potter,And Dumbledore believed in it?,7,5
Harry Potter and the Deathly Hallows Part 1,Bathilda's Secret,Harry Potter,'For the Greater Good.'  What does that mean?,7,8
Harry Potter and the Deathly Hallows Part 1,Bathilda's Secret,Hermione Granger,"It was something Dumbledore came up with.  He believed wizards were superior and should rule over Muggles, but gently, for their own good.  Grindelwald took a more violent position.",7,29
Harry Potter and the Deathly Hallows Part 1,Bathilda's Secret,Hermione Granger,"It was a different time, Harry. It was one summer.  Dumbledore was young --",7,14
Harry Potter and the Deathly Hallows Part 1,Bathilda's Secret,Harry Potter,"We're young, Hermione.  And here we are, risking our lives to fight against the very thing Dumbledore supported.",7,18
Harry Potter and the Deathly Hallows Part 1,Bathilda's Secret,Hermione Granger,"He changed, Harry.  Years later, it was Dumbledore who put Grindelwald in prison.",7,13
Harry Potter and the Deathly Hallows Part 1,Bathilda's Secret,Harry Potter,Where's my wand?  I'll take the watch.,7,7
Harry Potter and the Deathly Hallows Part 1,Bathilda's Secret,Hermione Granger,"It's my fault.  As we were leaving Godric's Hollow, I cast a curse and it rebounded... I'm sorry, Harry, I tried to mend it but wands are different --",7,29
Harry Potter and the Deathly Hallows Part 1,Sword of Gryffindor,Harry Potter,Leave me yours.  You get back in the warm.  And give me that.,7,13
Harry Potter and the Deathly Hallows Part 1,Sword of Gryffindor,Hermione Granger,"He loved you, Harry.  I know he loved you.",7,9
Harry Potter and the Deathly Hallows Part 1,Sword of Gryffindor,Ron Weasley,Are -- you -- mental?,7,5
Harry Potter and the Deathly Hallows Part 1,Sword of Gryffindor,Ron Weasley,"Well, yeah.  Bit obvious, I'd think.",7,6
Harry Potter and the Deathly Hallows Part 1,Sword of Gryffindor,Harry Potter,And the doe.  That was you as well.,7,8
Harry Potter and the Deathly Hallows Part 1,Sword of Gryffindor,Ron Weasley,No.  I reckoned it was you.,7,6
Harry Potter and the Deathly Hallows Part 1,Sword of Gryffindor,Harry Potter,My Patronus is a stag.,7,5
Harry Potter and the Deathly Hallows Part 1,Sword of Gryffindor,Harry Potter,You didn't see anyone else?,7,5
Harry Potter and the Deathly Hallows Part 1,Sword of Gryffindor,Ron Weasley,"No, I... I did think maybe I saw something -- when I was running -- over there --",7,18
Harry Potter and the Deathly Hallows Part 1,Sword of Gryffindor,Harry Potter,"But I reckon whoever cast the doe, put the sword in that pool hoping we'd find it.",7,17
Harry Potter and the Deathly Hallows Part 1,Sword of Gryffindor,Ron Weasley,"And we did, didn't we?",7,5
Harry Potter and the Deathly Hallows Part 1,Sword of Gryffindor,Harry Potter,See that?  It knows.  It's afraid. Do it.,7,8
Harry Potter and the Deathly Hallows Part 1,Sword of Gryffindor,Ron Weasley,"What?  No.  Harry.  That thing's bad for me.  I can't handle it. I'm not making excuses for how I acted, but that thing affects me more than it affects you and Hermione.  It made me think stuff -- stuff I was thinking anyway, but it made everything worse.",7,48
Harry Potter and the Deathly Hallows Part 1,Sword of Gryffindor,Harry Potter,Then why are you here?  Why did you come back?,7,10
Harry Potter and the Deathly Hallows Part 1,Sword of Gryffindor,Harry Potter,"I'll have to speak to it in order for it to open.  When it does, don't hesitate.  I don't know what's in here, but it'll put up a fight.  The bit of Riddle that was in his diary tried to kill me.",7,42
Harry Potter and the Deathly Hallows Part 1,Sword of Gryffindor,Harry Potter,On three.  One.  Two.  Three. Take me inside...,7,8
Harry Potter and the Deathly Hallows Part 1,Sword of Gryffindor,Voldemort,I have seen your heart and it is mine...,7,9
Harry Potter and the Deathly Hallows Part 1,Sword of Gryffindor,Harry Potter,Ron.  Don't listen to it!,7,5
Harry Potter and the Deathly Hallows Part 1,Sword of Gryffindor,Harry Potter,"We were better without you, happier without you.",7,8
Harry Potter and the Deathly Hallows Part 1,Sword of Gryffindor,Hermione Granger,"Who could look at you beside Harry Potter?  What are you, compared with the Chosen One...?",7,16
Harry Potter and the Deathly Hallows Part 1,Sword of Gryffindor,Harry Potter,Ron.  It lies!  Stab it!  STAB IT!,7,7
Harry Potter and the Deathly Hallows Part 1,Sword of Gryffindor,Harry Potter,Your mother confessed that she would have preferred me as a son...,7,12
Harry Potter and the Deathly Hallows Part 1,Sword of Gryffindor,Hermione Granger,"Who wouldn't prefer him, what woman would take you, you are nothing, nothing, nothing to him...",7,16
Harry Potter and the Deathly Hallows Part 1,Sword of Gryffindor,Harry Potter,"Do it, Ron!  Kill it!",7,5
Harry Potter and the Deathly Hallows Part 1,Sword of Gryffindor,Harry Potter,"After you left, she cried for a week.  She's like my sister.",7,12
Harry Potter and the Deathly Hallows Part 1,Sword of Gryffindor,Ron Weasley,I'm sorry.  I'm sorry I left.,7,6
Harry Potter and the Deathly Hallows Part 1,Sword of Gryffindor,Harry Potter,You've sort of made up for it tonight.  Getting the sword. Finishing off the Horcrux.,7,15
Harry Potter and the Deathly Hallows Part 1,Sword of Gryffindor,Ron Weasley,And just think of it.  Only three to go.,7,9
Harry Potter and the Deathly Hallows Part 1,Sword of Gryffindor,Harry Potter,Fine.  Actually... more than fine.,7,5
Harry Potter and the Deathly Hallows Part 1,Sword of Gryffindor,Ron Weasley,Wo -- hey -- ouch!,7,5
Harry Potter and the Deathly Hallows Part 1,Sword of Gryffindor,Hermione Granger,"You -- complete -- arse -- Ronald -- Weasley!  You crawl back here after all these weeks and say, 'Hey?' Where's my wand?  Harry, where's my wand!",7,27
Harry Potter and the Deathly Hallows Part 1,Sword of Gryffindor,Hermione Granger,"Harry Potter, you give me my wand!",7,7
Harry Potter and the Deathly Hallows Part 1,Sword of Gryffindor,Ron Weasley,How come he's got your wand?,7,6
Harry Potter and the Deathly Hallows Part 1,Sword of Gryffindor,Hermione Granger,Never mind why he's got my wand --,7,8
Harry Potter and the Deathly Hallows Part 1,Sword of Gryffindor,Hermione Granger,Don't think this changes anything.,7,5
Harry Potter and the Deathly Hallows Part 1,Sword of Gryffindor,Ron Weasley,"No, of course not.  I only destroyed a bloody freaking Horcrux!  Why would that change anything!  Do you know what it was like for me to hear those words coming from you!  To see you doing those things --",7,39
Harry Potter and the Deathly Hallows Part 1,Sword of Gryffindor,Hermione Granger,See me doing what things?,7,5
Harry Potter and the Deathly Hallows Part 1,Lighting the Way Back,Ron Weasley,"Look, I wanted to come back the minute I'd left.  I just... didn't know how to find you.",7,18
Harry Potter and the Deathly Hallows Part 1,Lighting the Way Back,Harry Potter,Exactly how did you find us?,7,6
Harry Potter and the Deathly Hallows Part 1,Lighting the Way Back,Ron Weasley,"It doesn't just turn off lights. I don't know exactly how it works, but Christmas morning I -- I was sleeping -- in this little pub-- I'd given some Snatchers the slip the night before, me being a blood- traitor and all -- anyway, I was sleeping when I heard it...",7,51
Harry Potter and the Deathly Hallows Part 1,Lighting the Way Back,Ron Weasley,"Your voice, Hermione.  Coming out of this.",7,7
Harry Potter and the Deathly Hallows Part 1,Lighting the Way Back,Hermione Granger,And what may I ask did I say?,7,8
Harry Potter and the Deathly Hallows Part 1,Lighting the Way Back,Ron Weasley,My name.  Just my name.  Like a whisper.,7,8
Harry Potter and the Deathly Hallows Part 1,Lighting the Way Back,Ron Weasley,So I took this and I clicked it and this tiny ball of light appeared.  And I knew.,7,18
Harry Potter and the Deathly Hallows Part 1,Lighting the Way Back,Ron Weasley,"Just knew.  On account of Hermione's voice.  And sure enough, it floated toward me, the ball of light, right to my chest and then -- went straight through -- right here.",7,31
Harry Potter and the Deathly Hallows Part 1,Lighting the Way Back,Ron Weasley,"I could feel it inside me.  It was warm, like the first sip of a good cup of tea.  And I knew it would take me where I needed to go.",7,31
Harry Potter and the Deathly Hallows Part 1,Lighting the Way Back,Ron Weasley,So I Disapparated and came out on this hillside.  It was dark.  I didn't have any idea where I was. I just had to hope one of you would show yourselves in the end. And you did.,7,37
Harry Potter and the Deathly Hallows Part 1,Lighting the Way Back,Ron Weasley,I've always liked it.  These flames Hermione makes.,7,8
Harry Potter and the Deathly Hallows Part 1,Lighting the Way Back,Ron Weasley,How long you reckon she'll stay mad at me?,7,9
Harry Potter and the Deathly Hallows Part 1,Lighting the Way Back,Harry Potter,Keep talking 'bout that little ball of light touching your heart -- she'll come round.,7,15
Harry Potter and the Deathly Hallows Part 1,Lighting the Way Back,Ron Weasley,It was true.  Every word.,7,5
Harry Potter and the Deathly Hallows Part 1,Lighting the Way Back,Ron Weasley,"Bloody hell.  I just realized. You need a wand, right?",7,10
Harry Potter and the Deathly Hallows Part 1,Lighting the Way Back,Ron Weasley,"Well, I've got one.  Here.  It's Blackthorn, ten inches, nothing special, but I reckon it'll do.  I took it off a Snatcher a few weeks back.",7,26
Harry Potter and the Deathly Hallows Part 1,Lighting the Way Back,Ron Weasley,"Don't tell Hermione, but they're a bit dim, Snatchers.  This one was definitely part Troll.  The smell off him...",7,19
Harry Potter and the Deathly Hallows Part 1,Lighting the Way Back,Hermione Granger,What's going on in there?,7,5
Harry Potter and the Deathly Hallows Part 1,Lighting the Way Back,Ron Weasley,"Maybe a bit more practice, eh?",7,6
Harry Potter and the Deathly Hallows Part 1,Lighting the Way Back,Hermione Granger,I want to go and see Xenophilius Lovegood.,7,8
Harry Potter and the Deathly Hallows Part 1,Lighting the Way Back,Hermione Granger,See this?  It's a letter Dumbledore wrote to Grindelwald. Look at the signature.  It's the mark again.,7,17
Harry Potter and the Deathly Hallows Part 1,Lighting the Way Back,Hermione Granger,It keeps cropping up.  Here.  In Beedle the Bard.  In the graveyard in Godric's Hollow -- what?,7,17
Harry Potter and the Deathly Hallows Part 1,Lighting the Way Back,Harry Potter,Jesus.  It was there too.,7,5
Harry Potter and the Deathly Hallows Part 1,Lighting the Way Back,Harry Potter,Outside Gregorovitch's wand shop. on the alley wall...,7,8
Harry Potter and the Deathly Hallows Part 1,Lighting the Way Back,Ron Weasley,But what does it mean?,7,5
Harry Potter and the Deathly Hallows Part 1,Lighting the Way Back,Hermione Granger,"Harry, you don't have a clue where the next Horcrux is.  And neither do I.  But this, this means something.  I'm sure of it.",7,24
Harry Potter and the Deathly Hallows Part 1,Lighting the Way Back,Ron Weasley,I think Hermione's right.  I think we ought to go and see Lovegood. What say we vote on it?  Those in favor...,7,22
Harry Potter and the Deathly Hallows Part 1,Lighting the Way Back,Ron Weasley,"Sorry, Harry.  Looks like it's Hermione and me this time.",7,10
Harry Potter and the Deathly Hallows Part 1,Lighting the Way Back,Harry Potter,"Not still mad at him, are you?",7,7
Harry Potter and the Deathly Hallows Part 1,Lighting the Way Back,Hermione Granger,I'm always mad at him.,7,5
Harry Potter and the Deathly Hallows Part 1,The Three Brothers,Ron Weasley,Keep off the dirigible plums.,7,5
Harry Potter and the Deathly Hallows Part 1,The Three Brothers,Xenophilius Lovegood,What is it? Who are you? What do you want --,7,11
Harry Potter and the Deathly Hallows Part 1,The Three Brothers,Harry Potter,"Hello, Mr. Lovegood.  I'm Harry Potter.  We met a few months back?",7,12
Harry Potter and the Deathly Hallows Part 1,The Three Brothers,Harry Potter,"Would it be okay if we came in? It won't take long, sir.  I promise.",7,15
Harry Potter and the Deathly Hallows Part 1,The Three Brothers,Xenophilius Lovegood,"So.  What brings you here, Mr. Potter?",7,7
Harry Potter and the Deathly Hallows Part 1,The Three Brothers,Harry Potter,"Well, sir, we need some help.",7,6
Harry Potter and the Deathly Hallows Part 1,The Three Brothers,Xenophilius Lovegood,"Ah.  Help.  I see.  Yes, well, the thing is, helping Harry Potter, rather dangerous these days...",7,16
Harry Potter and the Deathly Hallows Part 1,The Three Brothers,Ron Weasley,Aren't you the one who keeps telling everyone it's their first duty to help Harry?,7,15
Harry Potter and the Deathly Hallows Part 1,The Three Brothers,Xenophilius Lovegood,"I have expressed that view, yes. In the past.  Would you excuse me one moment.  I shall return shortly and, um, try to help you...",7,25
Harry Potter and the Deathly Hallows Part 1,The Three Brothers,Ron Weasley,"He's mental.  Let's face it. Luna's always good value, but she's nutty as squirrel poo.",7,15
Harry Potter and the Deathly Hallows Part 1,The Three Brothers,Ron Weasley,"Well, yeah, of course.  It's massive, isn't it?",7,8
Harry Potter and the Deathly Hallows Part 1,The Three Brothers,Hermione Granger,No!  Don't go near it!,7,5
Harry Potter and the Deathly Hallows Part 1,The Three Brothers,Hermione Granger,It's an Erumpent horn.  It's a Class B Tradeable Material.,7,10
Harry Potter and the Deathly Hallows Part 1,The Three Brothers,Xenophilius Lovegood,May I offer you all an infusion of Gurdyroots? We make it ourselves.,7,13
Harry Potter and the Deathly Hallows Part 1,The Three Brothers,Xenophilius Lovegood,"Luna?  Oh, um, she'll be along. Now how can I help you, Mr. Potter?",7,14
Harry Potter and the Deathly Hallows Part 1,The Three Brothers,Harry Potter,"Well, sir, it's about something you were wearing around your neck at the wedding.  A symbol...",7,16
Harry Potter and the Deathly Hallows Part 1,The Three Brothers,Harry Potter,"Yes!  Exactly.  What we wondered, sir, is, well, what is it?",7,11
Harry Potter and the Deathly Hallows Part 1,The Three Brothers,Xenophilius Lovegood,"What is it?  Well, it's the sign of the Deathly Hallows, of course.",7,13
Harry Potter and the Deathly Hallows Part 1,The Three Brothers,Xenophilius Lovegood,The Deathly Hallows.  I assume you're all familiar with 'The Tale of the Three Brothers?',7,15
Harry Potter and the Deathly Hallows Part 1,The Three Brothers,Xenophilius Lovegood,"Well, there's no real reason to go on unless one is familiar with the tale.  Why don't you read it aloud, Miss...?",7,22
Harry Potter and the Deathly Hallows Part 1,The Three Brothers,Hermione Granger,"Granger.  Well... all right. There were once three brothers who were traveling along a lonely, winding road at twilight --",7,20
Harry Potter and the Deathly Hallows Part 1,The Three Brothers,Ron Weasley,Midnight.  Mum always said midnight. But twilight's fine.  Better actually.,7,10
Harry Potter and the Deathly Hallows Part 1,The Three Brothers,Hermione Granger,"In time, the brothers reached a river too treacherous to pass...",7,11
Harry Potter and the Deathly Hallows Part 1,The Three Brothers,Xenophilius Lovegood,"Well, there you are.  Those are the Deathly Hallows.",7,9
Harry Potter and the Deathly Hallows Part 1,The Three Brothers,Harry Potter,Sorry... I still don't really understand...,7,6
Harry Potter and the Deathly Hallows Part 1,The Three Brothers,Xenophilius Lovegood,... then encloses both in a TRIANGLE. The Cloak of Invisibility. Together... they make the Deathly Hallows.  Together... they make one master of Death.,7,24
Harry Potter and the Deathly Hallows Part 1,The Three Brothers,Hermione Granger,"Mr. Lovegood, does the Peverell family have anything to do with the Deathly Hallows?",7,14
Harry Potter and the Deathly Hallows Part 1,The Three Brothers,Xenophilius Lovegood,Ignotus and his brothers Cadmus and Antioch are thought to be the original owners of the Hallows and therefore the inspiration for the story.,7,24
Harry Potter and the Deathly Hallows Part 1,The Three Brothers,Xenophilius Lovegood,"Ah, but your tea's grown cold. Excuse me, I'll be right back.",7,12
Harry Potter and the Deathly Hallows Part 1,The Deathly Hallows,Ron Weasley,"Let's get out of here once he's back.  I'm not touching this stuff, hot or cold.",7,16
Harry Potter and the Deathly Hallows Part 1,The Deathly Hallows,Harry Potter,Which one would you choose if you could?  Of the Deathly Hallows?,7,12
Harry Potter and the Deathly Hallows Part 1,The Deathly Hallows,Ron Weasley,"You're supposed to say the Cloak, but who wants to spend all day being invisible.  Dead boring if you ask me.  But an unbeatable wand!",7,25
Harry Potter and the Deathly Hallows Part 1,The Deathly Hallows,Hermione Granger,Its owner grew drunk with power and was murdered.,7,9
Harry Potter and the Deathly Hallows Part 1,The Deathly Hallows,Ron Weasley,"Yeah, but imagine what a short wicked life you'd lead.",7,10
Harry Potter and the Deathly Hallows Part 1,The Deathly Hallows,Harry Potter,"Well, you could bring people back, couldn't you?  Mad-Eye. Dumbledore.  Sirius.  Anybody.",7,12
Harry Potter and the Deathly Hallows Part 1,The Deathly Hallows,Hermione Granger,But according to the story they don't want to come back.  It's all rubbish anyway.  There's no such thing as the Deathly Hallows.,7,23
Harry Potter and the Deathly Hallows Part 1,The Deathly Hallows,Harry Potter,But I have one.  The Invisibility Cloak my father left me.,7,11
Harry Potter and the Deathly Hallows Part 1,The Deathly Hallows,Hermione Granger,There have always been Cloaks --,7,6
Harry Potter and the Deathly Hallows Part 1,The Deathly Hallows,Ron Weasley,Not like Harry's.  I've seen a fair few.  Dad used to bring home the ones the Ministry confiscated from petty thieves and the like. They always got holes or tears. Harry's is different.  It's perfect.,7,35
Harry Potter and the Deathly Hallows Part 1,The Deathly Hallows,Harry Potter,"And I think I've actually held the Resurrection Stone in my hands, that night in Dumbledore's office when he showed me the ring he'd destroyed, the Horcrux.  It had a symbol on it.  Now I think it was the mark of the Hallows.",7,43
Harry Potter and the Deathly Hallows Part 1,The Deathly Hallows,Hermione Granger,"Mr. Lovegood.  Thank you, sir --",7,6
Harry Potter and the Deathly Hallows Part 1,The Deathly Hallows,Xenophilius Lovegood,"Did, didn't I?  How silly of me.",7,7
Harry Potter and the Deathly Hallows Part 1,The Deathly Hallows,Hermione Granger,"No matter, sir.  We really ought to be go--",7,9
Harry Potter and the Deathly Hallows Part 1,The Deathly Hallows,Xenophilius Lovegood,"You're my only hope.  They were angry, you see, about what I'd been writing, so they took her. They took my Luna... But it's really you they want...",7,28
Harry Potter and the Deathly Hallows Part 1,The Deathly Hallows,Xenophilius Lovegood,Him.  Surely you call him You-Know- Who.  But his real name of course is... Voldemort.,7,15
Harry Potter and the Deathly Hallows Part 1,The Deathly Hallows,Xenophilius Lovegood,Stop!  I've got him --,7,5
Harry Potter and the Deathly Hallows Part 1,The Deathly Hallows,Hermione Granger,Ron!  Harry!  Take my hand!,7,5
Harry Potter and the Deathly Hallows Part 1,The Deathly Hallows,Ron Weasley,That treacherous old bleeder!  Is there no one we can trust!,7,11
Harry Potter and the Deathly Hallows Part 1,The Deathly Hallows,Harry Potter,They've kidnapped Luna because he supported me.  He was just desperate.,7,11
Harry Potter and the Deathly Hallows Part 1,The Deathly Hallows,Voldemort,"If not you, then who?",7,5
Harry Potter and the Deathly Hallows Part 1,The Deathly Hallows,Voldemort,"Tell me, Grindelwald.  Tell me where to find it!  Tell me who possesses it!  The name, Grindelwald!  The name!",7,19
Harry Potter and the Deathly Hallows Part 1,The Deathly Hallows,Harry Potter,"But he only wants the one, the last one.  That's what he's been looking for.",7,15
Harry Potter and the Deathly Hallows Part 1,The Deathly Hallows,Harry Potter,"He knows where it is, You-Know- Who.  He'll have it by the end of the night.  He's found the Elder Wand.",7,21
Harry Potter and the Deathly Hallows Part 1,Snatchers Strike,Scabior,"Your boyfriend'll get worse than that if he doesn't behave, lovely.",7,11
Harry Potter and the Deathly Hallows Part 1,Snatchers Strike,Scabior,"What happened to you, ugly?",7,5
Harry Potter and the Deathly Hallows Part 1,Snatchers Strike,Scabior,"Check the list.  And you, ginger?",7,6
Harry Potter and the Deathly Hallows Part 1,Snatchers Strike,Scabior,Like 'ell you are.  We know skinny Stan.  Try again.,7,10
Harry Potter and the Deathly Hallows Part 1,Snatchers Strike,Scabior,"Weasley, eh?  Wouldn't be related to that blood traitor Arthur Weasley, would you?",7,13
Harry Potter and the Deathly Hallows Part 1,Snatchers Strike,Ron Weasley,Piss off!  Arthur Weasley's ten times the wizard you are!,7,10
Harry Potter and the Deathly Hallows Part 1,Snatchers Strike,Scabior,"Worth ten times you if I can find him.  Wasn't you that tipped him off, was it?",7,17
Harry Potter and the Deathly Hallows Part 1,Snatchers Strike,Scabior,"How 'bout you, lovely?  What do they call you...?",7,9
Harry Potter and the Deathly Hallows Part 1,Snatchers Strike,Scabior,"You smell like vanilla, Penelope. I think you're going to be my favorite.",7,13
Harry Potter and the Deathly Hallows Part 1,Snatchers Strike,Harry Potter,The list is wrong.  I told you who I am --,7,11
Harry Potter and the Deathly Hallows Part 1,Snatchers Strike,Scabior,"Change of plans, boys.  We won't be taking this lot to the Ministry.",7,13
Harry Potter and the Deathly Hallows Part 1,Snatchers Strike,Harry Potter,What did you put on me?,7,6
Harry Potter and the Deathly Hallows Part 1,Snatchers Strike,Harry Potter,How long will it last?,7,5
Harry Potter and the Deathly Hallows Part 1,Malfoy Manor,Bellatrix Lestrange,Show me. Get Draco. Well?,7,5
Harry Potter and the Deathly Hallows Part 1,Malfoy Manor,Lucius Malfoy,"Draco. Look closely, son. If we are the ones to hand Potter over to the Dark Lord... ...everything would be forgiven. All would be as it was, you understand?",7,29
Harry Potter and the Deathly Hallows Part 1,Malfoy Manor,Scabior,"Now, we won't be forgetting who actually caught him, I hope, Mr. Malfoy.",7,13
Harry Potter and the Deathly Hallows Part 1,Malfoy Manor,Lucius Malfoy,You dare to talk to me like that in my own house?,7,12
Harry Potter and the Deathly Hallows Part 1,Malfoy Manor,Bellatrix Lestrange,"Lucius. Don't be shy, sweetie. Come over. Now, if this isn't who we think it is, Draco, and we call him, he'll kill us all. We need to be absolutely sure.",7,31
Harry Potter and the Deathly Hallows Part 1,Malfoy Manor,Draco Malfoy,What's wrong with his face?,7,5
Harry Potter and the Deathly Hallows Part 1,Malfoy Manor,Bellatrix Lestrange,"Yes, what is wrong with his face?",7,7
Harry Potter and the Deathly Hallows Part 1,Malfoy Manor,Bellatrix Lestrange,"Or ran into a Stinging Jinx. Was it you, dearie? Give me her wand. We'll see what her last spell was. Ah. Got you. What is that? Where'd you get that from?",7,32
Harry Potter and the Deathly Hallows Part 1,Malfoy Manor,Bellatrix Lestrange,"Cissy, put the boys in the cellar. I want to have a little conversation with this one, girl-to-girl.",7,18
Harry Potter and the Deathly Hallows Part 1,Malfoy Manor,Ron Weasley,What are we gonna do? We can't leave Hermione alone with her.,7,12
Harry Potter and the Deathly Hallows Part 1,Malfoy Manor,Bellatrix Lestrange,That sword is meant to be in my vault at Gringotts. How did you get it? What else did you and your friends take from my vault?!,7,27
Harry Potter and the Deathly Hallows Part 1,Malfoy Manor,Hermione Granger,I didn't take anything. Please. I didn't take anything.,7,9
Harry Potter and the Deathly Hallows Part 1,Malfoy Manor,Ron Weasley,We have to do something.,7,5
Harry Potter and the Deathly Hallows Part 1,Malfoy Manor,Garrick Ollivander,There's no way out of here. We've tried everything. It's enchanted.,7,11
Harry Potter and the Deathly Hallows Part 1,Malfoy Manor,Luna Lovegood,"You're bleeding, Harry. That's a curious thing to keep in your sock.",7,12
Harry Potter and the Deathly Hallows Part 1,Malfoy Manor,Peter Pettigrew,"Shut up. Get back. You, goblin, come with me.",7,9
Harry Potter and the Deathly Hallows Part 1,Dobby has No Master,Harry Potter,Dobby? What are you doing here?,7,6
Harry Potter and the Deathly Hallows Part 1,Dobby has No Master,Dobby,"Dobby has come to rescue Harry Potter, of course. Dobby will always be there for Harry Potter.",7,17
Harry Potter and the Deathly Hallows Part 1,Dobby has No Master,Harry Potter,You can Apparate in and out of this room? Could you take us with you?,7,15
Harry Potter and the Deathly Hallows Part 1,Dobby has No Master,Dobby,"Of course, sir. I'm an elf.",7,6
Harry Potter and the Deathly Hallows Part 1,Dobby has No Master,Harry Potter,"Dobby, I want you to take Luna and Mr. Ollivander--",7,10
Harry Potter and the Deathly Hallows Part 1,Dobby has No Master,Ron Weasley,Shell Cottage on the outskirts of Tinworth. Trust me.,7,9
Harry Potter and the Deathly Hallows Part 1,Dobby has No Master,Dobby,Sir? I like her very much. Meet me at the top of the stairs in 10 seconds.,7,17
Harry Potter and the Deathly Hallows Part 1,Dobby has No Master,Bellatrix Lestrange,"I'm only going to ask you once more, goblin. Think very, very carefully before you answer.",7,16
Harry Potter and the Deathly Hallows Part 1,Dobby has No Master,Bellatrix Lestrange,You don't know? Why weren't you doing your job? Who got into my vault? Who stole it? Who stole it? Well?,7,21
Harry Potter and the Deathly Hallows Part 1,Dobby has No Master,Griphook,"When I was last in your vault, the sword was there. Oh, well then, perhaps it just walked out on its own then.",7,23
Harry Potter and the Deathly Hallows Part 1,Dobby has No Master,Griphook,There is no place safer than Gringotts.,7,7
Harry Potter and the Deathly Hallows Part 1,Dobby has No Master,Bellatrix Lestrange,"Liar! Consider yourself lucky, goblin. The same won't be said for this one.",7,13
Harry Potter and the Deathly Hallows Part 1,Dobby has No Master,Bellatrix Lestrange,"Stop! Drop your wands. I said, drop them! Pick them up, Draco, now. Well, well, well, look what we have here. It's Harry Potter. He's all bright and shiny and new again, just in time for the Dark Lord. Call him. Call him.",7,43
Harry Potter and the Deathly Hallows Part 1,Dobby has No Master,Bellatrix Lestrange,Stupid elf. You could've killed me.,7,6
Harry Potter and the Deathly Hallows Part 1,Dobby has No Master,Dobby,Dobby never meant to kill. Dobby only meant to maim or seriously injure.,7,13
Harry Potter and the Deathly Hallows Part 1,Dobby has No Master,Bellatrix Lestrange,How dare you take a witch's wand? How dare you defy your masters?,7,13
Harry Potter and the Deathly Hallows Part 1,Dobby has No Master,Dobby,Dobby has no master. Dobby is a free elf. And Dobby has come to save Harry Potter and his friends.,7,20
Harry Potter and the Deathly Hallows Part 1,Sleeping Friend,Harry Potter,Hermione. You're all right. We're safe. We're all safe.,7,9
Harry Potter and the Deathly Hallows Part 1,Sleeping Friend,Harry Potter,"Dobby. Dobby. No, just-- Hold on. Hold on. Look, just hold on, okay? We'll fix you. Hermione will have something. In your bag. Hermione? Hermione? What is it? Help me.",7,30
Harry Potter and the Deathly Hallows Part 1,Sleeping Friend,Dobby,Such a beautiful place... ...to be with friends. Dobby is happy to be with his friend... ...Harry Potter.,7,18
Harry Potter and the Deathly Hallows Part 1,Sleeping Friend,Luna Lovegood,We should close his eyes. Don't you think? There. Now he could be sleeping.,7,14
Harry Potter and the Deathly Hallows Part 1,Sleeping Friend,Harry Potter,I want to bury him. Properly. Without magic.,7,8
Harry Potter and the Deathly Hallows Part 2,Shell Cottage,Luna Lovegood,Muggles think these keep evil away. But they're wrong...,8,9
Harry Potter and the Deathly Hallows Part 2,Shell Cottage,Harry Potter,I need to talk to the goblin.,8,7
Harry Potter and the Deathly Hallows Part 2,Griphook's Price,Harry Potter,You probably don't remember --,8,5
Harry Potter and the Deathly Hallows Part 2,Griphook's Price,Griphook,You are a very unusual wizard.,8,6
Harry Potter and the Deathly Hallows Part 2,Griphook's Price,Harry Potter,Why did you leave Gringotts?,8,5
Harry Potter and the Deathly Hallows Part 2,Griphook's Price,Griphook,Soon the Death Eaters will control it. That was unacceptable to me.,8,12
Harry Potter and the Deathly Hallows Part 2,Griphook's Price,Ron Weasley,Then you're on our side.,8,5
Harry Potter and the Deathly Hallows Part 2,Griphook's Price,Griphook,This is a wizard's war. I take no side.,8,9
Harry Potter and the Deathly Hallows Part 2,Griphook's Price,Harry Potter,"Alone, yes. With you, no.",8,5
Harry Potter and the Deathly Hallows Part 2,Griphook's Price,Griphook,How did you come by this sword?,8,7
Harry Potter and the Deathly Hallows Part 2,Griphook's Price,Harry Potter,It's complicated. Why did Bellatrix Lestrange think it should be in her vault at Gringotts?,8,15
Harry Potter and the Deathly Hallows Part 2,Griphook's Price,Harry Potter,The sword presented itself to us in a moment of need. We didn't steal it.,8,15
Harry Potter and the Deathly Hallows Part 2,Griphook's Price,Griphook,"There is a sword in Madam Lestrange's vault identical to this one, but it is a fake. It was placed there this past summer.",8,24
Harry Potter and the Deathly Hallows Part 2,Griphook's Price,Griphook,The replica is very convincing. Only a goblin would recognize that this is the true Sword of Gryffindor.,8,18
Harry Potter and the Deathly Hallows Part 2,Griphook's Price,Ron Weasley,Who put it there? The fake.,8,6
Harry Potter and the Deathly Hallows Part 2,Griphook's Price,Griphook,"It was not my place to ask, nor did I desire to. There are more than a few curious things in the vaults at Gringotts.",8,25
Harry Potter and the Deathly Hallows Part 2,Griphook's Price,Harry Potter,And in Madam Lestrange's vault as well?,8,7
Harry Potter and the Deathly Hallows Part 2,Griphook's Price,Griphook,I have no interest in gold.,8,6
Harry Potter and the Deathly Hallows Part 2,Griphook's Price,Harry Potter,Then what? The goblin twists the curl at his chin... then his eyes,8,13
Harry Potter and the Deathly Hallows Part 2,Griphook's Price,Griphook,"I have your word, Harry Potter, that you will give me the Sword of Gryffindor if I help you?",8,19
Harry Potter and the Deathly Hallows Part 2,Griphook's Price,Hermione Granger,"Harry, are you thinking there's a Horcrux in Bellatrix's vault?",8,10
Harry Potter and the Deathly Hallows Part 2,Griphook's Price,Harry Potter,"She was terrified when she thought we'd been in there. She kept asking you what else we'd taken. I'd bet anything there's a Horcrux there. If we find it, we can kill it. And if we kill it, we're one step closer to killing him.",8,45
Harry Potter and the Deathly Hallows Part 2,Griphook's Price,Ron Weasley,And if we find one? How're we supposed to destroy it if we've given Griphook the sword?,8,17
Harry Potter and the Deathly Hallows Part 2,Griphook's Price,Harry Potter,I'm still working on that part.,8,6
Harry Potter and the Deathly Hallows Part 2,He's After You,Garrick Ollivander,Forgive me if I don't get up.,8,7
Harry Potter and the Deathly Hallows Part 2,He's After You,Harry Potter,"Mr. Ollivander, I need to ask you a few questions.",8,10
Harry Potter and the Deathly Hallows Part 2,He's After You,Harry Potter,"Can you identify these, sir?",8,5
Harry Potter and the Deathly Hallows Part 2,He's After You,Garrick Ollivander,Walnut and dragon heartstring. Twelve and three quarter inches. Unyielding. This belongs to Bellatrix Lestrange.,8,15
Harry Potter and the Deathly Hallows Part 2,He's After You,Garrick Ollivander,Hawthorn. Unicorn hair. Ten inches. Reasonably pliant. This was the wand of Draco Malfoy.,8,14
Harry Potter and the Deathly Hallows Part 2,He's After You,Garrick Ollivander,Perhaps not -- if you won it from him. I sense its allegiance has changed.,8,15
Harry Potter and the Deathly Hallows Part 2,He's After You,Garrick Ollivander,"The wand chooses the wizard, Mr. Potter. That much has always been clear to those of us who have studied wandlore.",8,21
Harry Potter and the Deathly Hallows Part 2,He's After You,Harry Potter,"What do you know about the Deathly Hallows, sir?",8,9
Harry Potter and the Deathly Hallows Part 2,He's After You,Garrick Ollivander,"There are rumored to be three: The Elder Wand, the Resurrection Stone and the Invisibility Cloak. It is said that to possess them all is to make oneself the Master of Death. But few truly believe such objects exist --",8,40
Harry Potter and the Deathly Hallows Part 2,He's After You,Harry Potter,"But you, sir? Do you believe they exist?",8,8
Harry Potter and the Deathly Hallows Part 2,He's After You,Harry Potter,You're lying. You know one exists and you told him about it. You told him about the Elder Wand and where to go looking for it.,8,26
Harry Potter and the Deathly Hallows Part 2,He's After You,Garrick Ollivander,"He tortured me! Besides, I conveyed only rumors. There's no guarantee he will find it --",8,16
Harry Potter and the Deathly Hallows Part 2,He's After You,Harry Potter,"He has found it, sir.",8,5
Harry Potter and the Deathly Hallows Part 2,He's After You,Harry Potter,"That's all, sir. We'll leave you to get some rest now.",8,11
Harry Potter and the Deathly Hallows Part 2,He's After You,Garrick Ollivander,"He's after you, Mr. Potter. If it's true, what you say, that he has the Elder Wand, I'm afraid you really don't stand a chance.",8,25
Harry Potter and the Deathly Hallows Part 2,He's After You,Harry Potter,"Then I guess I'll just have to kill him before he finds me, sir.",8,14
Harry Potter and the Deathly Hallows Part 2,He's After You,Hermione Granger,Positive. Harry turns to the two wands on the table -- the ones he showed Ollivander -- and extends the longest to Hermione.,8,23
Harry Potter and the Deathly Hallows Part 2,He's After You,Harry Potter,I reckon you should take this then.,8,7
Harry Potter and the Deathly Hallows Part 2,He's After You,Ron Weasley,You heard Ollivander. It's Harry's now.,8,6
Harry Potter and the Deathly Hallows Part 2,He's After You,Hermione Granger,But I hate that thing -- that's the wand that killed Sirius! How can I hold it and not feel...,8,20
Harry Potter and the Deathly Hallows Part 2,He's After You,Harry Potter,"If I can hold it, you can.",8,7
Harry Potter and the Deathly Hallows Part 2,He's After You,Ron Weasley,"How will we know what it is when we get in there? After all, a Horcrux can be anything.",8,19
Harry Potter and the Deathly Hallows Part 2,He's After You,Harry Potter,I'll know. I can't explain. It's like...,8,7
Harry Potter and the Deathly Hallows Part 2,He's After You,Hermione Granger,"It is, Harry. Did Dumbledore ever say anything to you, something that might explain why --",8,16
Harry Potter and the Deathly Hallows Part 2,He's After You,Harry Potter,No. I just know. When one's near.,8,7
Harry Potter and the Deathly Hallows Part 2,He's After You,Hermione Granger,"It's perfect. Thank you, Fleur.",8,5
Harry Potter and the Deathly Hallows Part 2,He's After You,Luna Lovegood,The sky has lost a star.,8,6
Harry Potter and the Deathly Hallows Part 2,He's After You,Luna Lovegood,"My father used to say that when a child died. She looks up, smiles.",8,14
Harry Potter and the Deathly Hallows Part 2,He's After You,Harry Potter,"Yeah. Funny. Listen, Luna, about your father, I don't want you to think I --",8,15
Harry Potter and the Deathly Hallows Part 2,He's After You,Luna Lovegood,"I know you understand why my father did what he did, Harry. That's why we don't need to talk about it.",8,21
Harry Potter and the Deathly Hallows Part 2,He's After You,Harry Potter,"It's not the place you left, you",8,7
Harry Potter and the Deathly Hallows Part 2,He's After You,Ron Weasley,Always good value. I'll miss her.,8,6
Harry Potter and the Deathly Hallows Part 2,He's After You,Harry Potter,Wouldn't know you if I didn't know you.,8,8
Harry Potter and the Deathly Hallows Part 2,He's After You,Ron Weasley,You want to tell me what that is?,8,8
Harry Potter and the Deathly Hallows Part 2,He's After You,Harry Potter,"Sirius gave it to me. He had a matching piece. He said if I ever needed him, all I had to do was look into it.",8,26
Harry Potter and the Deathly Hallows Part 2,He's After You,Ron Weasley,You mean he could see you?,8,6
Harry Potter and the Deathly Hallows Part 2,He's After You,Harry Potter,Something like that. I don't know. He died before I ever got to use it. The thing is...,8,18
Harry Potter and the Deathly Hallows Part 2,He's After You,Harry Potter,"You'll think I'm mental, but more than once, when I've looked into it -- I think I've seen Dumbledore.",8,19
Harry Potter and the Deathly Hallows Part 2,He's After You,Ron Weasley,Bloody hell... that's a sight.,8,5
Harry Potter and the Deathly Hallows Part 2,Gringotts,Bellatrix Lestrange,"Well, how do I look?",8,5
Harry Potter and the Deathly Hallows Part 2,Gringotts,Bellatrix Lestrange,"Oh dear, I missed a spot, didn't I? Hold still...",8,10
Harry Potter and the Deathly Hallows Part 2,Gringotts,Ron Weasley,"Couldn't do anything about that bit in the back that's always flipping up, could you? Dead annoying --",8,18
Harry Potter and the Deathly Hallows Part 2,Gringotts,Ron Weasley,"Never mind. I'm good.  That is you in there, isn't it?",8,11
Harry Potter and the Deathly Hallows Part 2,Gringotts,Harry Potter,"You can give that to Hermione to hold, all right, Griphook?",8,11
Harry Potter and the Deathly Hallows Part 2,Gringotts,Griphook,"Good morning? Good morning? You're Bellatrix Lestrange, not some dewy-eyed schoolgirl!",8,11
Harry Potter and the Deathly Hallows Part 2,Gringotts,Griphook,She gives us away and we might as well use that sword to slit our own throats. Understand?,8,18
Harry Potter and the Deathly Hallows Part 2,Gringotts,Hermione Granger,He's right. I was being stupid.,8,6
Harry Potter and the Deathly Hallows Part 2,Gringotts,Bellatrix Lestrange,I wish to enter my vault.,8,6
Harry Potter and the Deathly Hallows Part 2,Gringotts,Bellatrix Lestrange,I don't like to be kept waiting.,8,7
Harry Potter and the Deathly Hallows Part 2,Gringotts,Griphook,They know she's an imposter! They've been warned!,8,8
Harry Potter and the Deathly Hallows Part 2,Gringotts,Bogrod,Madam Lestrange. Would you mind presenting your wand?,8,8
Harry Potter and the Deathly Hallows Part 2,Gringotts,Bellatrix Lestrange,And why should I do that?,8,6
Harry Potter and the Deathly Hallows Part 2,Gringotts,Ron Weasley,"Harry, what do we do? Harry...?",8,6
Harry Potter and the Deathly Hallows Part 2,Gringotts,Bogrod,"It's the bank's policy. I'm sure you understand, given the current climate --",8,13
Harry Potter and the Deathly Hallows Part 2,Gringotts,Bellatrix Lestrange,"No, I most certainly do not understand --",8,8
Harry Potter and the Deathly Hallows Part 2,Gringotts,Bogrod,I'm afraid I must insist.,8,5
Harry Potter and the Deathly Hallows Part 2,Gringotts,Bogrod,"Very well, Madam Lestrange. If you will follow me.",8,9
Harry Potter and the Deathly Hallows Part 2,Gringotts,Bogrod,I'm fully aware of that. I'm also aware the Lestranges are one of our oldest and most respected families.,8,19
Harry Potter and the Deathly Hallows Part 2,Gringotts,Bogrod,"Let me be specific with you, Ricbert. I've run this bank for forty-five years, long before anyone had even heard of a Death Eater. The day may come that they feel they can run this place better than me, but that day has not yet arrived. Am I understood!",8,49
Harry Potter and the Deathly Hallows Part 2,Gringotts,Bogrod,"Madam, if you will, I will escort you myself.",8,9
Harry Potter and the Deathly Hallows Part 2,Gringotts,Harry Potter,How long before they come after us?,8,7
Harry Potter and the Deathly Hallows Part 2,Gringotts,Griphook,I should have known --,8,5
Harry Potter and the Deathly Hallows Part 2,Gringotts,Griphook,The Thief's Downfall. Washes away all enchantments. Can be deadly.,8,10
Harry Potter and the Deathly Hallows Part 2,Gringotts,Ron Weasley,You don't say.  Just out of interest... is there any other way out of here?,8,15
Harry Potter and the Deathly Hallows Part 2,Gringotts,Bogrod,What the devil are you all doing down here!,8,9
Harry Potter and the Deathly Hallows Part 2,Gringotts,Bogrod,"Is this your doing, Griphook? You have no rights here anymore. When you gave up your keys, you --",8,19
Harry Potter and the Deathly Hallows Part 2,Gringotts,Ron Weasley,Bloody hell. That's a Welsh Green.,8,6
Harry Potter and the Deathly Hallows Part 2,Gringotts,Hermione Granger,It looks like it's been down here forever.,8,8
Harry Potter and the Deathly Hallows Part 2,Gringotts,Ron Weasley,It's been trained to expect pain when it hears the noise.,8,11
Harry Potter and the Deathly Hallows Part 2,Gringotts,Griphook,We'll only have a few seconds. In other words... they'll be no do-,8,13
Harry Potter and the Deathly Hallows Part 2,Gringotts,Bogrod,Hm? Oh. Yes. Of course.,8,5
Harry Potter and the Deathly Hallows Part 2,Gringotts,Hermione Granger,No wonder Bellatrix thought it was real.,8,7
Harry Potter and the Deathly Hallows Part 2,Copping the Cup,Ron Weasley,"Is it here, Harry? Can you feel anything?",8,8
Harry Potter and the Deathly Hallows Part 2,Copping the Cup,Hermione Granger,"It's hot! All eyes turn to the bowl, WOBBLING MADLY on the floor, when... it SPLITS APART and begins to MULTIPLY.",8,21
Harry Potter and the Deathly Hallows Part 2,Copping the Cup,Hermione Granger,How're we going to reach it?,8,6
Harry Potter and the Deathly Hallows Part 2,Copping the Cup,Harry Potter,Give me the sword! The real one.,8,7
Harry Potter and the Deathly Hallows Part 2,Copping the Cup,Harry Potter,"We have a deal, Griphook.",8,5
Harry Potter and the Deathly Hallows Part 2,Copping the Cup,Griphook,I said I'd get you in. I never said anything about getting you out.,8,14
Harry Potter and the Deathly Hallows Part 2,Exit the Dragon,Ron Weasley,Foul little git. Least we've got Bogrod.,8,7
Harry Potter and the Deathly Hallows Part 2,Exit the Dragon,Hermione Granger,We can't just stand here! Who's got an idea?,8,9
Harry Potter and the Deathly Hallows Part 2,Exit the Dragon,Ron Weasley,You're asking us? You're the brilliant one.,8,7
Harry Potter and the Deathly Hallows Part 2,Exit the Dragon,Hermione Granger,I've got something. But it's mad.,8,6
Harry Potter and the Deathly Hallows Part 2,Exit the Dragon,Hermione Granger,It doesn't realize it's free!,8,5
Harry Potter and the Deathly Hallows Part 2,Exit the Dragon,Voldemort,"The boy has discovered our secret, Nagini. We must find out just how much he knows. We must return to our hiding places and see if the others are safe.",8,30
Harry Potter and the Deathly Hallows Part 2,Exit the Dragon,Hermione Granger,How is it you --,8,5
Harry Potter and the Deathly Hallows Part 2,Exit the Dragon,Hermione Granger,"You let him in! Harry, you can't --",8,8
Harry Potter and the Deathly Hallows Part 2,Exit the Dragon,Harry Potter,"I can't always help it, Hermione!",8,6
Harry Potter and the Deathly Hallows Part 2,Exit the Dragon,Ron Weasley,Never mind! What did you see?,8,6
Harry Potter and the Deathly Hallows Part 2,Exit the Dragon,Harry Potter,He's angry. But he's scared too. He's going to make sure the other Horcruxes are safe.,8,16
Harry Potter and the Deathly Hallows Part 2,Exit the Dragon,Ron Weasley,What happens when he finds out four are gone?,8,9
Harry Potter and the Deathly Hallows Part 2,Exit the Dragon,Harry Potter,I reckon he'll do anything to stop us from finding the rest. There's more: one of them's at Hogwarts.,8,19
Harry Potter and the Deathly Hallows Part 2,Exit the Dragon,Hermione Granger,Tonight? But we have to plan. We have to figure out what --,8,13
Harry Potter and the Deathly Hallows Part 2,Exit the Dragon,Harry Potter,"Honestly, Hermione, when have any of our plans actually worked? We plan, we get there and all hell breaks loose.",8,20
Harry Potter and the Deathly Hallows Part 2,Exit the Dragon,Ron Weasley,'Fraid he's right. One problem: Snape's Headmaster now. We can't just walk in the front door.,8,16
Harry Potter and the Deathly Hallows Part 2,Final Hiding Place,Harry Potter,We'll go to Hogsmeade. To Honeydukes. Take the secret passage in the cellar.,8,13
Harry Potter and the Deathly Hallows Part 2,Final Hiding Place,Harry Potter,"There's something wrong with him. In the past, I could always follow his thoughts. Now everything feels disconnected.",8,18
Harry Potter and the Deathly Hallows Part 2,Final Hiding Place,Ron Weasley,Maybe it's because of the Horcruxes. Maybe he's growing weaker. Maybe he's dying.,8,13
Harry Potter and the Deathly Hallows Part 2,Final Hiding Place,Harry Potter,"No. It's more like he's wounded. If anything, he feels more",8,11
Harry Potter and the Deathly Hallows Part 2,Final Hiding Place,Hermione Granger,They were ready for us.,8,5
Harry Potter and the Deathly Hallows Part 2,Final Hiding Place,Ron Weasley,What's he mean by that?,8,5
Harry Potter and the Deathly Hallows Part 2,Final Hiding Place,Hermione Granger,"No, you'll give us away.",8,5
Harry Potter and the Deathly Hallows Part 2,Aberforth Dumbledore,Ron Weasley,Did you get a look at him! Fora second I thought it was --,8,14
Harry Potter and the Deathly Hallows Part 2,Aberforth Dumbledore,Hermione Granger,Harry! I can see you! In here!,8,7
Harry Potter and the Deathly Hallows Part 2,Aberforth Dumbledore,Aberforth Dumbledore,You bloody fools! What were you thinking coming here? Do you have any idea how dangerous it is --,8,19
Harry Potter and the Deathly Hallows Part 2,Aberforth Dumbledore,Harry Potter,Dumbledore's brother. It's you I've been seeing -- here. It's,8,10
Harry Potter and the Deathly Hallows Part 2,Aberforth Dumbledore,Aberforth Dumbledore,Sorry to hear it. I liked that elf.,8,8
Harry Potter and the Deathly Hallows Part 2,Aberforth Dumbledore,Aberforth Dumbledore,"Mundungus Fletcher, 'bout a year ago.",8,6
Harry Potter and the Deathly Hallows Part 2,Aberforth Dumbledore,Harry Potter,Dung had no right selling you that. It belonged to --,8,11
Harry Potter and the Deathly Hallows Part 2,Aberforth Dumbledore,Aberforth Dumbledore,Sirius. Albus told me. He also told me that you'd likely be hacked off if you ever found out I had it. But ask yourself where you'd be if I didn't.,8,31
Harry Potter and the Deathly Hallows Part 2,Aberforth Dumbledore,Aberforth Dumbledore,"Right then. Reckon you're hungry. Let's get you fed, then think of the best way to get you out of here.",8,21
Harry Potter and the Deathly Hallows Part 2,Aberforth Dumbledore,Hermione Granger,Do you hear much from the others? From the Order?,8,10
Harry Potter and the Deathly Hallows Part 2,Aberforth Dumbledore,Aberforth Dumbledore,The Order is finished. You-Know- Who's won. Anyone who says otherwise is kidding themselves.,8,14
Harry Potter and the Deathly Hallows Part 2,Aberforth Dumbledore,Harry Potter,We need to get into Hogwarts. Dumbledore gave us a job to do.,8,13
Harry Potter and the Deathly Hallows Part 2,Aberforth Dumbledore,Aberforth Dumbledore,Did he now? Nice job? Easy?,8,6
Harry Potter and the Deathly Hallows Part 2,Aberforth Dumbledore,Harry Potter,We've been hunting Horcruxes. We think the last one's in the school. But we'll need your help getting in.,8,19
Harry Potter and the Deathly Hallows Part 2,Aberforth Dumbledore,Harry Potter,"If we can find it and kill it, then we kill him, and then we can end this war once and for all. We need to get into Hogwarts tonight.",8,30
Harry Potter and the Deathly Hallows Part 2,Aberforth Dumbledore,Aberforth Dumbledore,"It's not a job my brother's given you, it's a suicide mission. Do yourself a favor boy. Go home. Live a little longer.",8,23
Harry Potter and the Deathly Hallows Part 2,Aberforth Dumbledore,Harry Potter,"Dumbledore trusted me, to see this through.",8,7
Harry Potter and the Deathly Hallows Part 2,Aberforth Dumbledore,Aberforth Dumbledore,Keep secrets? You tell me.,8,5
Harry Potter and the Deathly Hallows Part 2,Aberforth Dumbledore,Harry Potter,I only care about the Dumbledore I knew. I trusted him.,8,11
Harry Potter and the Deathly Hallows Part 2,Aberforth Dumbledore,Aberforth Dumbledore,Did you now? And why is that?,8,7
Harry Potter and the Deathly Hallows Part 2,Aberforth Dumbledore,Harry Potter,I had no reason not to —-,8,7
Harry Potter and the Deathly Hallows Part 2,Aberforth Dumbledore,Aberforth Dumbledore,"That's a boy's answer. A boy who goes chasing Horcruxes on the word of a man who won't even tell him where to start. You're lying. Not just to me, which doesn't matter, but to yourself as well. That's what a fool does.",8,43
Harry Potter and the Deathly Hallows Part 2,Aberforth Dumbledore,Aberforth Dumbledore,"You don't strike me as a fool, Mr. Potter. So I'll ask you again. There must be a reason. Why do you trust anything my brother ever said to you? Why?",8,31
Harry Potter and the Deathly Hallows Part 2,Aberforth Dumbledore,Aberforth Dumbledore,You know what to do...,8,5
Harry Potter and the Deathly Hallows Part 2,Aberforth Dumbledore,Hermione Granger,"That's Ariana, isn't it? Your sister. She's beautiful.",8,8
Harry Potter and the Deathly Hallows Part 2,Aberforth Dumbledore,Hermione Granger,"She died very young, didn't she.",8,6
Harry Potter and the Deathly Hallows Part 2,Aberforth Dumbledore,Aberforth Dumbledore,"My brother sacrificed many things, Mr. Potter, in his journey to find power, including her. She was devoted to him -- he gave her everything, but time.",8,27
Harry Potter and the Deathly Hallows Part 2,Aberforth Dumbledore,Hermione Granger,"Did save our lives twice. Kept an eye on us in that mirror. That doesn't seem like someone who's given up, does it?",8,23
Harry Potter and the Deathly Hallows Part 2,Aberforth Dumbledore,Hermione Granger,She's coming back! And she's got someone with her!,8,9
Harry Potter and the Deathly Hallows Part 2,Aberforth Dumbledore,Ron Weasley,Who's that with her? Bloody hell...,8,6
Harry Potter and the Deathly Hallows Part 2,Hogwarts Reunion,Neville Longbottom,I knew you'd come! I told them alii! Harry Potter would never abandon Hogwarts!,8,14
Harry Potter and the Deathly Hallows Part 2,Hogwarts Reunion,Neville Longbottom,Like hell? I reckon. This is nothing. Seamus is worse. You'll see. Hermione! Ron!,8,14
Harry Potter and the Deathly Hallows Part 2,Hogwarts Reunion,Neville Longbottom,"Hey, Ab. There might be a couple more people on the way.",8,12
Harry Potter and the Deathly Hallows Part 2,Hogwarts Reunion,Ron Weasley,I don't remember this being on the Marauder's Map.,8,9
Harry Potter and the Deathly Hallows Part 2,Hogwarts Reunion,Neville Longbottom,That's because it never existed till now. The seven secret passages were sealed off before the start of the year. This is the only way in or out now. The grounds are crawling with Death Eaters and Dementors.,8,38
Harry Potter and the Deathly Hallows Part 2,Hogwarts Reunion,Hermione Granger,"How bad is it, Neville? With Snape as Headmaster.",8,9
Harry Potter and the Deathly Hallows Part 2,Hogwarts Reunion,Neville Longbottom,Hardly ever see him. It's the Carrows you have to watch out for.,8,13
Harry Potter and the Deathly Hallows Part 2,Hogwarts Reunion,Neville Longbottom,"Brother and sister. They're in charge of discipline. Like punishment, the Carrows.",8,12
Harry Potter and the Deathly Hallows Part 2,Hogwarts Reunion,Hermione Granger,They did that to you? But why?,8,7
Harry Potter and the Deathly Hallows Part 2,Hogwarts Reunion,Neville Longbottom,Today's Dark Arts lesson had us practicing the Cruciatus Curse. On First Years. I refused. Hogwarts has changed.,8,18
Harry Potter and the Deathly Hallows Part 2,Hogwarts Reunion,Neville Longbottom,"Aw, c'mon. Don't be grim. We're all used to it by now. And the thing is, it helps when people stand up, gives everyone hope. I used to notice that when you did it, Harry. C'mon, we're almost there.",8,39
Harry Potter and the Deathly Hallows Part 2,Hogwarts Reunion,Neville Longbottom,"Let's have a bit of fun, shall we?  Hey! Listen up, you lot! I've brought you a surprise!",8,18
Harry Potter and the Deathly Hallows Part 2,Hogwarts Reunion,Neville Longbottom,Get the word out to Remus and the others that Harry's back.,8,12
Harry Potter and the Deathly Hallows Part 2,Hogwarts Reunion,Neville Longbottom,"Okay, okay! Stand down! lLet's not kill them before You-Know-Who gets the chance!",8,13
Harry Potter and the Deathly Hallows Part 2,Hogwarts Reunion,Harry Potter,"Okay. There's something we need to find, something hidden here in the castle. It could help us defeat You-Know-Who.",8,19
Harry Potter and the Deathly Hallows Part 2,Hogwarts Reunion,Harry Potter,I realize it's not much to go on.,8,8
Harry Potter and the Deathly Hallows Part 2,Hogwarts Reunion,Seamus Finnigan,That's nothing to go on.,8,5
Harry Potter and the Deathly Hallows Part 2,Hogwarts Reunion,Harry Potter,"I think it might have something to do with Ravenclaw. It would be small, easy to conceal, valuable. Any ideas?",8,20
Harry Potter and the Deathly Hallows Part 2,Hogwarts Reunion,Luna Lovegood,"Well, there's Rowena Ravenclaw's lost diadem.",8,6
Harry Potter and the Deathly Hallows Part 2,Hogwarts Reunion,Luna Lovegood,The lost diadem of Ravenclaw? Hasn't anyone ever heard of it? It's quite famous.,8,14
Harry Potter and the Deathly Hallows Part 2,Hogwarts Reunion,Ron Weasley,Excuse me. But would someone tell me: what's a bloody diadem?,8,11
Harry Potter and the Deathly Hallows Part 2,Hogwarts Reunion,Harry Potter,"Hey there. Ron smiles, about to speak, then notices Ginny's eyes have not left Harry. He frowns, speaks to Hermione.",8,20
Harry Potter and the Deathly Hallows Part 2,Hogwarts Reunion,Ron Weasley,"Six months she hasn't seen me and it's like I'm Frankie First Year. I mean, I'm only her brother.",8,19
Harry Potter and the Deathly Hallows Part 2,Hogwarts Reunion,Seamus Finnigan,"Got loads of those, though, doesn't she? There's only one Harry.",8,11
Harry Potter and the Deathly Hallows Part 2,Hogwarts Reunion,Ginny Weasley,Snape knows. He knows that Harry was spotted in Hogsmeade.,8,10
Harry Potter and the Deathly Hallows Part 2,Give Me Harry Potter,Severus Snape,Many of you are surely wondering why I have summoned you here at this hour. It has come to my attention that earlier this evening... Harry Potter was sighted in Hogsmeade.,8,31
Harry Potter and the Deathly Hallows Part 2,Give Me Harry Potter,Severus Snape,I mention this in the hopes that truth will not be supplanted by,8,13
Harry Potter and the Deathly Hallows Part 2,Give Me Harry Potter,Severus Snape,"For myself and a few select members of the staff this comes as little surprise. We have, for some time, considered Mr. Potter's return to Hogwarts to be not only possible but inevitable. Consequently, in the past several months and under my specific direction, exhaustive defensive strategies have been employed to defeat any attempt Mr. Potter might make to breach these walls. But know this. Should anyone -- student or staff -- attempt to aid Mr. Potter, that person will be punished in a manner consistent with the severity of their transgression. Rest assured: So long as I am Headmaster at Hogwarts, Harry Potter will never again step foot in this castle.",8,112
Harry Potter and the Deathly Hallows Part 2,Give Me Harry Potter,Severus Snape,Now then. If anyone here has knowledge of Mr. Potter's movements this evening... I invite them to step forward now.,8,20
Harry Potter and the Deathly Hallows Part 2,Give Me Harry Potter,Harry Potter,I think I can help you out with that... -.. Harry appears.,8,12
Harry Potter and the Deathly Hallows Part 2,Give Me Harry Potter,Harry Potter,And I'm afraid it's rather extensive.,8,6
Harry Potter and the Deathly Hallows Part 2,Give Me Harry Potter,Harry Potter,How dare you stand where he stood.,8,7
Harry Potter and the Deathly Hallows Part 2,Give Me Harry Potter,Harry Potter,"Tell them how it was that night. Tell then how you looked him in the eye, a man who trusted you... and killed him. Tell them!",8,26
Harry Potter and the Deathly Hallows Part 2,Give Me Harry Potter,Voldemort,I know that many of you will want to fight. Some of you may even think this wise. But this is foily.,8,22
Harry Potter and the Deathly Hallows Part 2,Give Me Harry Potter,Voldemort,I wish you no harm. TI have great respect for the students of Hogwarts. I was once one myself after all. I ask for but one thing and if granted no magical blood shail be spiit...,8,36
Harry Potter and the Deathly Hallows Part 2,Give Me Harry Potter,Voldemort,Give me Harry Potter. Do this and none shall be harmed. Give me Harry Potter and I shail leave Hogwarts untouched. Give me Harry Potter and you will be rewarded.,8,30
Harry Potter and the Deathly Hallows Part 2,Give Me Harry Potter,Argus Filch,Students out of bed! Students in the corridors!,8,8
Harry Potter and the Deathly Hallows Part 2,Duty To Our School,Harry Potter,Time. As much as you can give me.,8,8
Harry Potter and the Deathly Hallows Part 2,Duty To Our School,Neville Longbottom,"Let me get this straight, Professor. You're giving us permission to do this?",8,13
Harry Potter and the Deathly Hallows Part 2,Duty To Our School,Neville Longbottom,To blow it up. Boom.,8,5
Harry Potter and the Deathly Hallows Part 2,Duty To Our School,Seamus Finnigan,I can bring 'er down.,8,5
Harry Potter and the Deathly Hallows Part 2,Duty To Our School,Ron Weasley,"Harry, Hermione and I have been thinking. It doesn't really matter if we find the Horcrux.",8,16
Harry Potter and the Deathly Hallows Part 2,Duty To Our School,Hermione Granger,Unless we can destroy it.,8,5
Harry Potter and the Deathly Hallows Part 2,Duty To Our School,Ron Weasley,So we were thinking --,8,5
Harry Potter and the Deathly Hallows Part 2,Duty To Our School,Hermione Granger,You were thinking. It's Ron's idea. And it's brilliant.,8,9
Harry Potter and the Deathly Hallows Part 2,Duty To Our School,Ron Weasley,"You destroyed Tom Riddle's Diary with a Basilisk fang, right? Well, we know where we might find one, don't we?",8,20
Harry Potter and the Deathly Hallows Part 2,Duty To Our School,Harry Potter,Okay. But take this. That way you can find me when you get back.,8,14
Harry Potter and the Deathly Hallows Part 2,You Need Only Ask,Harry Potter,"Ravenclaw Common Room. Got to start somewhere. Hermione nods, slips the Map in her beaded bag and she and Ron head off. Just before they turn the corner, Ron looks back, holds Harry's glance briefly... and then is",8,38
Harry Potter and the Deathly Hallows Part 2,You Need Only Ask,Luna Lovegood,Harry! Wait! I need to talk to,8,7
Harry Potter and the Deathly Hallows Part 2,You Need Only Ask,Harry Potter,"I'm a bit preoccupied right now, Luna.",8,7
Harry Potter and the Deathly Hallows Part 2,You Need Only Ask,Luna Lovegood,Don't you remember what Cho said about Rowena Ravenclaw's diadem: 'There's not a person alive who's seen it.',8,18
Harry Potter and the Deathly Hallows Part 2,You Need Only Ask,Luna Lovegood,"It's obvious, isn't it? We have to talk to someone who's dead.",8,12
Harry Potter and the Deathly Hallows Part 2,You Need Only Ask,Luna Lovegood,"He's very impressive, isn't he?",8,5
Harry Potter and the Deathly Hallows Part 2,Blow For Blow,Voldemort,They never learn. Such a pity.,8,6
Harry Potter and the Deathly Hallows Part 2,Blow For Blow,Harry Potter,"Okay, Luna. Who've you got in mind?",8,7
Harry Potter and the Deathly Hallows Part 2,Blow For Blow,Seamus Finnigan,That's it. I want a charge on each and every joist.,8,11
Harry Potter and the Deathly Hallows Part 2,Blow For Blow,Neville Longbottom,"You do know what you're doing, don't you, Seamus?",8,9
Harry Potter and the Deathly Hallows Part 2,Blow For Blow,Luna Lovegood,"If you're to find her, you'll find her down there.",8,10
Harry Potter and the Deathly Hallows Part 2,Blow For Blow,Luna Lovegood,No. I think it best if you two talk alone. She's very shy.,8,13
Harry Potter and the Deathly Hallows Part 2,Blow For Blow,Remus Lupin,"It's the quality of one's conviction that determines success, not the number of one's followers.",8,15
Harry Potter and the Deathly Hallows Part 2,Blow For Blow,Remus Lupin,You shouldn't have. It's Teddy who needs you.,8,8
Harry Potter and the Deathly Hallows Part 2,Blow For Blow,Neville Longbottom,Yeah! You and whose army!,8,5
Harry Potter and the Deathly Hallows Part 2,Blow For Blow,Ron Weasley,Harry talks in his sleep. Haven't you noticed?,8,8
Harry Potter and the Deathly Hallows Part 2,Blow For Blow,Ron Weasley,I've never got this far before.,8,6
Harry Potter and the Deathly Hallows Part 2,Blow For Blow,Ron Weasley,Me too. Hermione: I didn't expect it to be like this.,8,11
Harry Potter and the Deathly Hallows Part 2,Finding the Diadem,Harry Potter,"You're the Grey Lady, the ghost of Ravenclaw Tower.",8,9
Harry Potter and the Deathly Hallows Part 2,Finding the Diadem,Helena Ravenclaw,I do not answer to that name.,8,7
Harry Potter and the Deathly Hallows Part 2,Finding the Diadem,Harry Potter,"I'm sorry. It's Helena, isn't it? Helena Ravenclaw. Rowena's daughter. Luna told me.",8,13
Harry Potter and the Deathly Hallows Part 2,Finding the Diadem,Helena Ravenclaw,Are you a friend of Luna's?,8,6
Harry Potter and the Deathly Hallows Part 2,Finding the Diadem,Harry Potter,Yes. She thought you might be able to help me.,8,10
Harry Potter and the Deathly Hallows Part 2,Finding the Diadem,Helena Ravenclaw,You seek my mother's diadem.,8,5
Harry Potter and the Deathly Hallows Part 2,Finding the Diadem,Helena Ravenclaw,"Luna is kind. Unlike so many of the others, but she was wrong. I cannot help you.",8,17
Harry Potter and the Deathly Hallows Part 2,Finding the Diadem,Helena Ravenclaw,Many have sought my mother's diadem. Its powers are,8,9
Harry Potter and the Deathly Hallows Part 2,Finding the Diadem,Harry Potter,But I don't care about its powers! Honestly --,8,9
Harry Potter and the Deathly Hallows Part 2,Finding the Diadem,Harry Potter,I don't seek it for myself! You have to believe me!,8,11
Harry Potter and the Deathly Hallows Part 2,Finding the Diadem,Harry Potter,I want to destroy it.,8,5
Harry Potter and the Deathly Hallows Part 2,Finding the Diadem,Harry Potter,"That's what you want, isn't it, Helena? You want it destroyed.",8,11
Harry Potter and the Deathly Hallows Part 2,Finding the Diadem,Helena Ravenclaw,"But I only wanted to be more like her, clever and wise. She wore it so beautifully, but on me... I grew to hate it... the pain I felt... the pain I feel even now...",8,35
Harry Potter and the Deathly Hallows Part 2,Finding the Diadem,Harry Potter,"I'll end your pain, Helena. Tell me where it is and I'll destroy it, I swear, on my mother's memory —-",8,21
Harry Potter and the Deathly Hallows Part 2,Finding the Diadem,Helena Ravenclaw,"Another swore to destroy it, many years ago, a strange boy with a strange name...",8,15
Harry Potter and the Deathly Hallows Part 2,Finding the Diadem,Harry Potter,He's lied to many people --,8,6
Harry Potter and the Deathly Hallows Part 2,Finding the Diadem,Helena Ravenclaw,I know what he's done! I know who he is! He defiled it! With Dark Magic!,8,16
Harry Potter and the Deathly Hallows Part 2,Finding the Diadem,Helena Ravenclaw,Strange... you remind me of him a bit...,8,8
Harry Potter and the Deathly Hallows Part 2,Finding the Diadem,Helena Ravenclaw,It's here. In the castle. In the,8,7
Harry Potter and the Deathly Hallows Part 2,Finding the Diadem,Helena Ravenclaw,"If you have to ask, you'll never know. If you know, you need only ask...",8,15
Harry Potter and the Deathly Hallows Part 2,Finding the Diadem,Harry Potter,Thank you... -.. then turning...,8,5
Harry Potter and the Deathly Hallows Part 2,Finding the Diadem,Harry Potter,Thank you... -.. then running.,8,5
Harry Potter and the Deathly Hallows Part 2,Fiendfyre,Neville Longbottom,That was kind of exciting. Seamus grins and winks knowingly. Ginny shakes her head.,8,14
Harry Potter and the Deathly Hallows Part 2,Fiendfyre,Ginny Weasley,Mad. The both of you.,8,5
Harry Potter and the Deathly Hallows Part 2,Fiendfyre,Neville Longbottom,"Never better! Feel like I could spit fire! Haven't seen Luna, have you?",8,13
Harry Potter and the Deathly Hallows Part 2,Fiendfyre,Neville Longbottom,"I'm mad for her! Think it's about time I told her, seeing as there's a pretty good chance we'll both be dead by dawn!",8,24
Harry Potter and the Deathly Hallows Part 2,Fiendfyre,Ron Weasley,Bloody hell. We/'ll never find him on this.,8,8
Harry Potter and the Deathly Hallows Part 2,Fiendfyre,Hermione Granger,He vanished. Just now. I saw it. Ron glances at MAP -- then:,8,13
Harry Potter and the Deathly Hallows Part 2,Fiendfyre,Draco Malfoy,"Well, well, what brings you here, Potter? Harry looks slowly over his shoulder. Draco -- Blaise and Goyle at his side -- steps INTO VIEW, his face bisected by light. He holds a wand on Harry.",8,36
Harry Potter and the Deathly Hallows Part 2,Fiendfyre,Harry Potter,I could ask you the same.,8,6
Harry Potter and the Deathly Hallows Part 2,Fiendfyre,Draco Malfoy,I virtually lived here last year. Remember?,8,7
Harry Potter and the Deathly Hallows Part 2,Fiendfyre,Harry Potter,What's wrong with the one you have?,8,7
Harry Potter and the Deathly Hallows Part 2,Fiendfyre,Harry Potter,Why didn't you tell her?,8,5
Harry Potter and the Deathly Hallows Part 2,Fiendfyre,Harry Potter,Bellatrix. You knew it was me. But you didn't say anything.,8,11
Harry Potter and the Deathly Hallows Part 2,Fiendfyre,Harry Potter,No. I don't think so...,8,5
Harry Potter and the Deathly Hallows Part 2,Fiendfyre,Harry Potter,"Besides, its allegiance is to me now. If you want it, you'll have to win it back. Perhaps even kill me...",8,21
Harry Potter and the Deathly Hallows Part 2,Fiendfyre,Hermione Granger,Did you see where it went? The diadem!,8,8
Harry Potter and the Deathly Hallows Part 2,Fiendfyre,Harry Potter,Well done. Let's find Ron and get out of here.,8,10
Harry Potter and the Deathly Hallows Part 2,Fiendfyre,Ron Weasley,RUN! Goyle's set the bioody place on fire!,8,8
Harry Potter and the Deathly Hallows Part 2,Fiendfyre,Harry Potter,"No, it''ll just follow us!",8,5
Harry Potter and the Deathly Hallows Part 2,Fiendfyre,Harry Potter,Wait! What about Malfoy and Blaise!,8,6
Harry Potter and the Deathly Hallows Part 2,Fiendfyre,Harry Potter,"Ron, you once asked me if I thought he felt it -- Voldemort -- when we destroy a Horcrux, when we destroy a piece of his soul.",8,27
Harry Potter and the Deathly Hallows Part 2,Fiendfyre,Harry Potter,It's the snake. She's the last one. The last Horcrux.,8,10
Harry Potter and the Deathly Hallows Part 2,Fiendfyre,Ron Weasley,Where will he take her?,8,5
Harry Potter and the Deathly Hallows Part 2,Fiendfyre,Harry Potter,No. He'll keep her close.,8,5
Harry Potter and the Deathly Hallows Part 2,Fiendfyre,Ron Weasley,"Find out where he is. If we find him, we find the snake. Then we're one step closer to ending this.",8,21
Harry Potter and the Deathly Hallows Part 2,He Will Come To Me,Voldemort,Stop looking at her. She smells your fear. It agitates her. Be grateful she's just eaten.,8,16
Harry Potter and the Deathly Hallows Part 2,He Will Come To Me,Lucius Malfoy,"Forgive me, my Lord, but wouldn't it be more prudent to call off this battle and seek the boy yourself?",8,20
Harry Potter and the Deathly Hallows Part 2,He Will Come To Me,Voldemort,"I do not need to seek the boy! Before the night is out, he will come to me! Do you understand!",8,21
Harry Potter and the Deathly Hallows Part 2,He Will Come To Me,Voldemort,"How do you live with yourself, Lucius?  Go. Find Severus. Tell him I need to see him immediately.",8,18
Harry Potter and the Deathly Hallows Part 2,He Will Come To Me,Harry Potter,I know where he is.,8,5
Harry Potter and the Deathly Hallows Part 2,He Will Come To Me,Sybill Trelawney,"There's more to me than incense and tea leaves, Mr. Finnegan.",8,11
Harry Potter and the Deathly Hallows Part 2,He Will Come To Me,Voldemort,Why doesn't it work for me?,8,6
Harry Potter and the Deathly Hallows Part 2,He Will Come To Me,Severus Snape,"You have performed extraordinary magic with this wand, my Lord. In the last few hours alone --",8,17
Harry Potter and the Deathly Hallows Part 2,He Will Come To Me,Voldemort,No! I am extraordinary! But the wand resists me!,8,9
Harry Potter and the Deathly Hallows Part 2,He Will Come To Me,Severus Snape,"There is no wand more powerful. Ollivander himself said it. Tonight, when the boy comes to you, it will not fail you, I am sure. It answers to you and you only.",8,32
Harry Potter and the Deathly Hallows Part 2,He Will Come To Me,Voldemort,The wand. Does it truly answer to me?,8,8
Harry Potter and the Deathly Hallows Part 2,He Will Come To Me,Voldemort,"You're a clever man, Severus. Surely you must know.",8,9
Harry Potter and the Deathly Hallows Part 2,He Will Come To Me,Voldemort,"Where, Severus? Where does its loyalty lie?",8,7
Harry Potter and the Deathly Hallows Part 2,He Will Come To Me,Severus Snape,"With you, of course, my Lord.",8,6
Harry Potter and the Deathly Hallows Part 2,He Will Come To Me,Voldemort,"The Elder Wand cannot serve me properly, Severus, because I am",8,11
Harry Potter and the Deathly Hallows Part 2,He Will Come To Me,Voldemort,"The Elder Wand belongs to the wizard who killed its last owner. Ollivander was quite explicit about that. You killed Dumbledore, Severus. While you live, the Elder Wand cannot be truly mine.",8,32
Harry Potter and the Deathly Hallows Part 2,He Will Come To Me,Voldemort,"You have been a good and faithful servant, Severus.",8,9
Harry Potter and the Deathly Hallows Part 2,He Will Come To Me,Voldemort,But only I can live forever...,8,6
Harry Potter and the Deathly Hallows Part 2,Your Mother's Eyes,Harry Potter,Give me something! Quickly! A flask! Anything.,8,7
Harry Potter and the Deathly Hallows Part 2,Your Mother's Eyes,Severus Snape,You have your mother's eyes...,8,5
Harry Potter and the Deathly Hallows Part 2,Your Mother's Eyes,Ron Weasley,He's gone. The snake too.,8,5
Harry Potter and the Deathly Hallows Part 2,Your Mother's Eyes,Voldemort,You have fought valiantly... but in vain. I do not wish this. Every drop of magical bliood,8,17
Harry Potter and the Deathly Hallows Part 2,Your Mother's Eyes,Voldemort,"I therefore command my forces to retreat. In their absence, dispose of your dead with dignity. Treat your injured.",8,19
Harry Potter and the Deathly Hallows Part 2,Your Mother's Eyes,Ron Weasley,Never! Do you hear me! NEVER!,8,6
Harry Potter and the Deathly Hallows Part 2,Your Mother's Eyes,Petunia Dursley,Lily! Come out of there! Now!,8,6
Harry Potter and the Deathly Hallows Part 2,Your Mother's Eyes,Severus Snape,She's jealous. Because she's ordinary and you're special.,8,8
Harry Potter and the Deathly Hallows Part 2,Your Mother's Eyes,Severus Snape,It's true. You know so yourself.,8,6
Harry Potter and the Deathly Hallows Part 2,Your Mother's Eyes,Albus Dumbledore,"Stand up, Severus. I haven't much time. What message do you bring from Lord Voldemort this time?",8,17
Harry Potter and the Deathly Hallows Part 2,Your Mother's Eyes,Albus Dumbledore,Is this about the Prophecy?,8,5
Harry Potter and the Deathly Hallows Part 2,Your Mother's Eyes,Albus Dumbledore,How much did you relay?,8,5
Harry Potter and the Deathly Hallows Part 2,Your Mother's Eyes,Severus Snape,Only what I heard. But now... he thinks it refers to her.,8,12
Harry Potter and the Deathly Hallows Part 2,Your Mother's Eyes,Albus Dumbledore,The Prophecy did not refer to a woman. It spoke of a boy born at the end of July --,8,20
Harry Potter and the Deathly Hallows Part 2,Your Mother's Eyes,Severus Snape,Yes! But he thinks it's her son! He intends to hunt them down now! To kill them!,8,17
Harry Potter and the Deathly Hallows Part 2,Your Mother's Eyes,Albus Dumbledore,"If she means so much to you, surely Lord Voldemort would spare her in exchange for the boy.",8,18
Harry Potter and the Deathly Hallows Part 2,Your Mother's Eyes,Albus Dumbledore,You disgust me. You would sacrifice the life of an innocent child over a schoolboy crush?,8,16
Harry Potter and the Deathly Hallows Part 2,Your Mother's Eyes,Severus Snape,She's more than that! She's different! Beautiful. Kind.,8,8
Harry Potter and the Deathly Hallows Part 2,Your Mother's Eyes,Albus Dumbledore,"And should I do so, what will you give me in return, Severus?",8,13
Harry Potter and the Deathly Hallows Part 2,Your Mother's Eyes,Severus Snape,You said you would keep her safe!,8,7
Harry Potter and the Deathly Hallows Part 2,Your Mother's Eyes,Albus Dumbledore,"Lily and James put their faith in the wrong person. Rather like you, Severus.",8,14
Harry Potter and the Deathly Hallows Part 2,Your Mother's Eyes,Severus Snape,He doesn't need protection. The Dark Lord has gone --,8,10
Harry Potter and the Deathly Hallows Part 2,Your Mother's Eyes,Albus Dumbledore,The Dark Lord will return. And the boy will be in terrible danger when he does.,8,16
Harry Potter and the Deathly Hallows Part 2,Your Mother's Eyes,Severus Snape,No one can know. Your word.,8,6
Harry Potter and the Deathly Hallows Part 2,Your Mother's Eyes,Albus Dumbledore,"My word that I shall never reveal the best of you, Severus? If you insist.",8,15
Harry Potter and the Deathly Hallows Part 2,Your Mother's Eyes,Severus Snape,He exhibits no measurable talent. His arrogance rivals even his father's. And he seems to relish his fame.,8,18
Harry Potter and the Deathly Hallows Part 2,Your Mother's Eyes,Albus Dumbledore,"Sometimes we see what we expect to see, Severus. Other teachers indicate the boy is modest, likeable and while no prodigy, possesses above-average gifts. Personally, I find him rather engaging.",8,30
Harry Potter and the Deathly Hallows Part 2,Your Mother's Eyes,Severus Snape,You see what you want to see.,8,7
Harry Potter and the Deathly Hallows Part 2,Your Mother's Eyes,Severus Snape,Why did you put it on? Surely you realized it carried a curse.,8,13
Harry Potter and the Deathly Hallows Part 2,Your Mother's Eyes,Severus Snape,Drink the rest. It will contain the curse to the hand for the time being.,8,15
Harry Potter and the Deathly Hallows Part 2,Your Mother's Eyes,Albus Dumbledore,"Well, this makes matters much more straightforward.",8,7
Harry Potter and the Deathly Hallows Part 2,Your Mother's Eyes,Albus Dumbledore,"Do not ignore me, Severus. Was it not you who told me of Lord Voldemort's plan to have the Malfoy boy murder me?",8,23
Harry Potter and the Deathly Hallows Part 2,Your Mother's Eyes,Severus Snape,It is not expected that he will succeed.,8,8
Harry Potter and the Deathly Hallows Part 2,Your Mother's Eyes,Albus Dumbledore,"Yes. You must be the one to kill me, Severus. It is the only way. Only then will the Dark Lord trust you completely.",8,24
Harry Potter and the Deathly Hallows Part 2,Your Mother's Eyes,Albus Dumbledore,There will come a time when Harry Potter must be told something. But you must wait until Voldemort is at his most vulnerable.,8,23
Harry Potter and the Deathly Hallows Part 2,Your Mother's Eyes,Albus Dumbledore,"On the night Lord Voldemort went to Godric's Hollow to kill Harry, and Lily Potter cast herself between them, the curse rebounded. When that happened, a part of Lord Voldemort's soul latched itself onto the only living thing it could find: Harry himself.",8,43
Harry Potter and the Deathly Hallows Part 2,Your Mother's Eyes,Albus Dumbledore,There's a reason Harry can speak with snakes. There's a reason he can look into Lord Voldemort's mind. A part of Lord Voldemort lives inside him.,8,26
Harry Potter and the Deathly Hallows Part 2,Your Mother's Eyes,Severus Snape,"So when the time comes, the boy must die.",8,9
Harry Potter and the Deathly Hallows Part 2,Your Mother's Eyes,Severus Snape,You've kept him alive so that he can die at the proper moment. You've been raising him like a pig for slaughter.,8,22
Harry Potter and the Deathly Hallows Part 2,Your Mother's Eyes,Albus Dumbledore,"But this is touching, Severus. Don't tell me you've grown to care for the boy?",8,15
Harry Potter and the Deathly Hallows Part 2,Your Mother's Eyes,Albus Dumbledore,Lily. After all this time?,8,5
Harry Potter and the Deathly Hallows Part 2,Your Mother's Eyes,Severus Snape,Always... We GO TO BLACK...,8,5
Harry Potter and the Deathly Hallows Part 2,Your Mother's Eyes,Albus Dumbledore,"The irony of course, Severus, is that -- in the end -- you and the boy desire the same thing...",8,20
Harry Potter and the Deathly Hallows Part 2,Confront Your Fate,Ron Weasley,"We thought you'd gone to the forest, we thought you might be --",8,13
Harry Potter and the Deathly Hallows Part 2,Confront Your Fate,Ron Weasley,"Rubbish! You can't just give yourself up to him -- Hermione squeezes Ron's arm, silencing him.",8,16
Harry Potter and the Deathly Hallows Part 2,Confront Your Fate,Hermione Granger,"What is it, Harry? What is it you",8,8
Harry Potter and the Deathly Hallows Part 2,Confront Your Fate,Harry Potter,There's a reason I can... hear them -- the Horcruxes.,8,10
Harry Potter and the Deathly Hallows Part 2,Confront Your Fate,Harry Potter,I think I've known for awhile.,8,6
Harry Potter and the Deathly Hallows Part 2,Confront Your Fate,Hermione Granger,I'll go with you. I/'ll --,8,6
Harry Potter and the Deathly Hallows Part 2,Confront Your Fate,Harry Potter,Kill the snake. Kill the snake and then it's just him. Then it will be over.,8,16
Harry Potter and the Deathly Hallows Part 2,Confront Your Fate,Oliver Wood,I'll take him from here.,8,5
Harry Potter and the Deathly Hallows Part 2,Confront Your Fate,Ginny Weasley,It's all right. We're going to get you inside.,8,9
Harry Potter and the Deathly Hallows Part 2,Confront Your Fate,Ginny Weasley,Don't worry. I won't leave you. I promise.,8,8
Harry Potter and the Deathly Hallows Part 2,I Open At the Close,Lily Potter,"You've been so brave, sweetheart.",8,5
Harry Potter and the Deathly Hallows Part 2,I Open At the Close,Harry Potter,Why are you here? All of you?,8,7
Harry Potter and the Deathly Hallows Part 2,I Open At the Close,Remus Lupin,And he will want it to be quick.,8,8
Harry Potter and the Deathly Hallows Part 2,I Open At the Close,Harry Potter,"I'm sorry. I didn't want any of you to die for me. And Remus, your son...",8,16
Harry Potter and the Deathly Hallows Part 2,I Open At the Close,Remus Lupin,Others will tell him what his mother and father died for. Someday he'll understand...,8,14
Harry Potter and the Deathly Hallows Part 2,I Open At the Close,Harry Potter,He won't be able to see you?,8,7
Harry Potter and the Deathly Hallows Part 2,I Open At the Close,Sirius Black,"No. We're here, you see.",8,5
Harry Potter and the Deathly Hallows Part 2,The Boy Who Lived,Voldemort,"I thought he would come. I was, it seems... mistaken.",8,10
Harry Potter and the Deathly Hallows Part 2,The Boy Who Lived,Voldemort,Harry Potter. The Boy Who Lived. Come to die. Nagini HISSES behind her protective guard of Death Eaters. Harry's gaze shifts to her when Voldemort raises,8,26
Harry Potter and the Deathly Hallows Part 2,King's Cross,Albus Dumbledore,"Harry. You wonderful boy. You brave, brave man. Let us walk.",8,11
Harry Potter and the Deathly Hallows Part 2,King's Cross,Harry Potter,"Sir, this, is this... I mean, forgive me, but you are dead, aren't you, sir?",8,15
Harry Potter and the Deathly Hallows Part 2,King's Cross,Harry Potter,But I didn't defend myself. I let him kill me.,8,10
Harry Potter and the Deathly Hallows Part 2,King's Cross,Harry Potter,"It's true, isn't it, sir? A bit of him lives in me, doesn't it?",8,14
Harry Potter and the Deathly Hallows Part 2,King's Cross,Albus Dumbledore,Did. It was just destroyed only moments ago by none other than Voldemort himself.,8,14
Harry Potter and the Deathly Hallows Part 2,King's Cross,Albus Dumbledore,"You were the seventh Horcrux, Harry; the Horcrux he never meant to make.",8,13
Harry Potter and the Deathly Hallows Part 2,King's Cross,Harry Potter,And you knew this? That's why you were certain I wouldn't die?,8,12
Harry Potter and the Deathly Hallows Part 2,King's Cross,Albus Dumbledore,"Certain? No. Little is certain in this world, Harry. Call it an educated guess.",8,14
Harry Potter and the Deathly Hallows Part 2,King's Cross,Harry Potter,"Professor, is that -- ?",8,5
Harry Potter and the Deathly Hallows Part 2,King's Cross,Harry Potter,"Exactly where are we, sir?",8,5
Harry Potter and the Deathly Hallows Part 2,King's Cross,Albus Dumbledore,I was going to ask you that. Where would you say that we are?,8,14
Harry Potter and the Deathly Hallows Part 2,King's Cross,Harry Potter,It looks like King's Cross station -- only a lot cleaner. And without the trains.,8,15
Harry Potter and the Deathly Hallows Part 2,King's Cross,Albus Dumbledore,"King's Cross! Is that right? Well, this is, as they say, your party.",8,13
Harry Potter and the Deathly Hallows Part 2,King's Cross,Harry Potter,"Sir, why didn't you just tell me about the Deathly Hallows?",8,11
Harry Potter and the Deathly Hallows Part 2,King's Cross,Albus Dumbledore,"You will have to forgive me, Harry. You see... I didn't trust",8,12
Harry Potter and the Deathly Hallows Part 2,King's Cross,Albus Dumbledore,"I feared that you would make the same mistake I made, that you would be intoxicated by the power the Hallows promise their possessor. But I crave your pardon, Harry. It's clear to me now, as it should have been all along, that you are the better man.",8,48
Harry Potter and the Deathly Hallows Part 2,King's Cross,Albus Dumbledore,"You are the worthy possessor of the Hallows, Harry, not me. I was fit to own the Elder Wand, because I took it not for gain, but to save others from it. But I took the Stone because I longed to recall someone who has long been at peace and for that I paid with my life.",8,57
Harry Potter and the Deathly Hallows Part 2,King's Cross,Harry Potter,"You wanted to see Ariana again, didn't you, sir?",8,9
Harry Potter and the Deathly Hallows Part 2,King's Cross,Harry Potter,"I used the Stone as well, sir, only a little while ago when I entered the Forest. I saw my mum and dad, and Sirius and Lupin...",8,27
Harry Potter and the Deathly Hallows Part 2,King's Cross,Albus Dumbledore,True. But ask yourself this: were you calling them? Or were they calling you?,8,14
Harry Potter and the Deathly Hallows Part 2,King's Cross,Harry Potter,"I've got to go back, haven't I?",8,7
Harry Potter and the Deathly Hallows Part 2,King's Cross,Albus Dumbledore,That is up to you.,8,5
Harry Potter and the Deathly Hallows Part 2,King's Cross,Albus Dumbledore,"Oh yes. We are in King's Cross, you say? I think, should you so decide, you would be able to, let's say, board a train.",8,25
Harry Potter and the Deathly Hallows Part 2,King's Cross,Harry Potter,And where would it take me?,8,6
Harry Potter and the Deathly Hallows Part 2,King's Cross,Harry Potter,Voldemort's got the Elder Wand.,8,5
Harry Potter and the Deathly Hallows Part 2,King's Cross,Harry Potter,And I've nothing to kill it with.,8,7
Harry Potter and the Deathly Hallows Part 2,King's Cross,Albus Dumbledore,'Help will always be given at Hogwarts to those who ask for it.',8,13
Harry Potter and the Deathly Hallows Part 2,King's Cross,Albus Dumbledore,"I have always prized my ability to turn a phrase -- words are, in my",8,15
Harry Potter and the Deathly Hallows Part 2,King's Cross,Harry Potter,"With all due respect, sir, I think what we need here is a miracle.",8,14
Harry Potter and the Deathly Hallows Part 2,King's Cross,Albus Dumbledore,"I've never put much stock in miracles, Harry. On the other hand, I can attest wholly to the extensive advantages of a related phenomenon.",8,24
Harry Potter and the Deathly Hallows Part 2,King's Cross,Albus Dumbledore,"Do not pity the dead, Harry. Pity the living and, above all, those who live without love.",8,17
Harry Potter and the Deathly Hallows Part 2,King's Cross,Harry Potter,"Sir, my mother's Patronus. It was a doe, wasn't it? Just like Professor Snape's. Curious, don't you think?",8,18
Harry Potter and the Deathly Hallows Part 2,King's Cross,Albus Dumbledore,"Actually, if I think about it... it doesn't seem curious at all.",8,12
Harry Potter and the Deathly Hallows Part 2,King's Cross,Harry Potter,Is this real? Or has this been happening inside my head?,8,11
Harry Potter and the Deathly Hallows Part 2,King's Cross,Albus Dumbledore,"Of course it is happening inside your head, Harry. But why should that mean that it is not real?",8,19
Harry Potter and the Deathly Hallows Part 2,King's Cross,Bellatrix Lestrange,"My lord, let me help you --",8,7
Harry Potter and the Deathly Hallows Part 2,King's Cross,Voldemort,I do not require assistance.,8,5
Harry Potter and the Deathly Hallows Part 2,King's Cross,Bellatrix Lestrange,The boy. Is he dead?,8,5
Harry Potter and the Deathly Hallows Part 2,King's Cross,Arthur Weasley,"What's going on here, Neville?",8,5
Harry Potter and the Deathly Hallows Part 2,King's Cross,Voldemort,"Behold, Nagini. Our work is done.",8,6
Harry Potter and the Deathly Hallows Part 2,Declare Yourself,Voldemort,Stupid girl. You cry for that?,8,6
Harry Potter and the Deathly Hallows Part 2,Declare Yourself,Voldemort,"While your hands ran dark with the blood of mothers and sons, fathers and daughters, brothers and sisters, his were clasped in prayer -- but it was a prayer for one and one only. While you battled courageously, until you could no longer will yourself to stand, he had long since fallen to his knees. While you cursed me until your voices grew ragged, he begged me for mercy in a voice as meek as a child's.",8,77
Harry Potter and the Deathly Hallows Part 2,Declare Yourself,Voldemort,So do not cry for that. He's not worthy of your tears. And do not despair of his betrayal. You were never in his heart. Not for one single solitary beat.,8,31
Harry Potter and the Deathly Hallows Part 2,Declare Yourself,Voldemort,"Did you not hear me! Harry Potter is dead! From this day forward, you put your faith in me or suffer the consequences. HARRY POTTER Is",8,26
Harry Potter and the Deathly Hallows Part 2,Declare Yourself,Voldemort,Now is the time to declare yourself.,8,7
Harry Potter and the Deathly Hallows Part 2,Declare Yourself,Lucius Malfoy,"Draco, don't be stupid --",8,5
Harry Potter and the Deathly Hallows Part 2,Declare Yourself,Voldemort,"Well done, Draco. Who will be next? Hm? Come now, don't be shy.",8,13
Harry Potter and the Deathly Hallows Part 2,Not Over,Voldemort,"Well, I must say, I'd hoped for better. Is this truly the best Hogwarts has to offer?",8,17
Harry Potter and the Deathly Hallows Part 2,Not Over,Voldemort,"Who might you be, young man?",8,6
Harry Potter and the Deathly Hallows Part 2,Not Over,Voldemort,"Well, welcome, Neville. I'm sure we can find a place for you in our ranks.",8,15
Harry Potter and the Deathly Hallows Part 2,Not Over,Bellatrix Lestrange,Someone has to do the washing.,8,6
Harry Potter and the Deathly Hallows Part 2,Not Over,Voldemort,"Now, now, Bellatrix. Let's not underestimate our young friend. By stepping forward, he lives to see another day...",8,18
Harry Potter and the Deathly Hallows Part 2,Not Over,Neville Longbottom,I'd like to say something.,8,5
Harry Potter and the Deathly Hallows Part 2,Not Over,Voldemort,"Very well, Neville. I'm sure we'd all be fascinated to hear what you have to say.",8,16
Harry Potter and the Deathly Hallows Part 2,Not Over,Neville Longbottom,It doesn't matter that Harry is gone. A troubled MURMUR ripples through the crowd.,8,14
Harry Potter and the Deathly Hallows Part 2,Not Over,Draco Malfoy,Potter! Harry turns. Draco's hand whips forward and -- to Harry's shock -- tosses him his wand. Ron GRINS.,8,19
Harry Potter and the Deathly Hallows Part 2,Not Over,Harry Potter,The snake! We've got to kill the snake!,8,8
Harry Potter and the Deathly Hallows Part 2,The Wand's Choice,Harry Potter,Because I have something worth living for.,8,7
Harry Potter and the Deathly Hallows Part 2,The Wand's Choice,Bellatrix Lestrange,"Come on, granny, give us your best.",8,7
Harry Potter and the Deathly Hallows Part 2,The Wand's Choice,Molly Weasley,"Back off, boys! She's mine!  You will never touch my chiidren again!",8,12
Harry Potter and the Deathly Hallows Part 2,The Wand's Choice,Bellatrix Lestrange,Be thankful we only took one. Besides...,8,7
Harry Potter and the Deathly Hallows Part 2,The Wand's Choice,Hermione Granger,I don't want you to say anything you wouldn't say if we weren't about to be killed by a giant snake! It'll just ruin it!,8,25
Harry Potter and the Deathly Hallows Part 2,The Wizard's Choice,Harry Potter,When you told Professor Snape it was failing you. It will always fail you.,8,14
Harry Potter and the Deathly Hallows Part 2,The Wizard's Choice,Voldemort,It belongs to me! I killed Snape!,8,7
Harry Potter and the Deathly Hallows Part 2,The Wizard's Choice,Hermione Granger,What's the matter with her?,8,5
Harry Potter and the Deathly Hallows Part 2,The Wizard's Choice,Sybill Trelawney,"There's more to me than incense and tea leaves, Mr. Finnegan.",8,11
Harry Potter and the Deathly Hallows Part 2,The Wizard's Choice,Harry Potter,I told you: it's useless to you.,8,7
Harry Potter and the Deathly Hallows Part 2,The Wizard's Choice,Ron Weasley,"Not exactly leaving the place better than we found it, are we?",8,12
Harry Potter and the Deathly Hallows Part 2,The Wizard's Choice,Hermione Granger,Can't make an omelette without breaking a few eggs.,8,9
Harry Potter and the Deathly Hallows Part 2,The Wizard's Choice,Hermione Granger,Something my mum used to say.,8,6
Harry Potter and the Deathly Hallows Part 2,The Wizard's Choice,Hermione Granger,Why didn't it work for him? The Elder wand.,8,9
Harry Potter and the Deathly Hallows Part 2,The Wizard's Choice,Harry Potter,Because it answers to another.,8,5
Harry Potter and the Deathly Hallows Part 2,The Wizard's Choice,Harry Potter,"When he killed Snape, he thought the wand would become his. But the thing is... it never belonged to Snape.",8,20
Harry Potter and the Deathly Hallows Part 2,The Wizard's Choice,Ron Weasley,What do you reckon we should do with it?,8,9
Harry Potter and the Deathly Hallows Part 2,The Wizard's Choice,Harry Potter,"Well, it wasn't boring, was it?",8,6
Harry Potter and the Deathly Hallows Part 2,Nineteen Years Later,Hermione Granger,Don't forget to give Professor Longbottom our best.,8,8
Harry Potter and the Deathly Hallows Part 2,Nineteen Years Later,Harry Potter,"There's nothing scary about thestrals. They're gentle things. Anyway, you won't be going up to school in the carriages. You/'be going in the boats, remember?",8,25
Harry Potter and the Deathly Hallows Part 2,Nineteen Years Later,Harry Potter,Albus Severus Potter. You were named after two Headmasters of Hogwarts. One of them was a Slytherin. And he was probably the bravest man I ever knew.,8,27
Harry Potter and the Deathly Hallows Part 2,Nineteen Years Later,Harry Potter,"Then Slytherin House will have gained a wonderful wizard. But listen, if it means so much to you, you can choose Gryffindor. The Sorting Hat takes your choice into account.",8,30
